timestamp_s,aoi_epoch,aoi_transition_id,frame_index_after_apply,frame_sequence,frame_timestamp_s,frame_generation,source_rect_x,source_rect_y,source_rect_width,source_rect_height,applied_aoi_x,applied_aoi_y,applied_aoi_width,applied_aoi_height,star_a_x_px,star_a_y_px,star_a_peak_intensity,star_a_component_area_px,star_b_x_px,star_b_y_px,star_b_peak_intensity,star_b_component_area_px,longitudinal_px,transverse_px,differential_jump_px,differential_baseline_deviation_px,differential_baseline_violation_frames,star_a_valid,star_b_valid,valid_pair,sample_accepted,differential_continuity_rejected,request_full_frame_relocalization,diagnostic
1787910314.091000,0,1,1,1,1472719.710334900,1,958,404,228,196,958,404,228,196,1032.993,524.603,255.000,0,1112.086,478.078,255.000,0,79.0926,-46.5253,0.6420,0.0000,0,1,1,1,1,0,0,有效双星
1787910314.099000,0,1,2,2,1472719.720202000,1,958,404,228,196,958,404,228,196,1033.013,524.650,255.000,0,1112.084,478.077,255.000,0,79.0714,-46.5728,0.0520,0.0000,0,1,1,1,1,0,0,有效双星
1787910314.110000,0,1,3,3,1472719.730205000,1,958,404,228,196,958,404,228,196,1032.880,524.559,255.000,0,1111.368,478.109,255.000,0,78.4885,-46.4502,0.5956,0.0000,0,1,1,1,1,0,0,有效双星
1787910314.122000,0,1,4,4,1472719.740210400,1,958,404,228,196,958,404,228,196,1032.086,524.666,255.000,0,1111.162,478.080,255.000,0,79.0757,-46.5860,0.6026,0.0000,0,1,1,1,1,0,0,有效双星
1787910314.130000,0,1,5,5,1472719.750212200,1,958,404,228,196,958,404,228,196,1031.996,524.667,255.000,0,1111.034,478.066,255.000,0,79.0380,-46.6017,0.0408,0.0833,0,1,1,1,1,0,0,有效双星
1787910314.140000,0,1,6,6,1472719.760300200,1,958,404,228,196,958,404,228,196,1032.005,524.643,255.000,0,1111.089,478.080,255.000,0,79.0837,-46.5627,0.0600,0.0321,0,1,1,1,1,0,0,有效双星
1787910314.150000,0,1,7,7,1472719.770214200,1,958,404,228,196,958,404,228,196,1032.833,524.871,255.000,0,1111.271,478.135,255.000,0,78.4378,-46.7356,0.6686,0.6567,0,1,1,1,1,0,0,有效双星
1787910314.160000,0,1,8,8,1472719.780245400,1,958,404,228,196,958,404,228,196,1032.963,524.954,255.000,0,1112.008,478.118,255.000,0,79.0455,-46.8364,0.6160,0.2688,0,1,1,1,1,0,0,有效双星
1787910314.170000,0,1,9,9,1472719.790303100,1,958,404,228,196,958,404,228,196,1033.038,524.857,255.000,0,1112.069,478.099,255.000,0,79.0307,-46.7586,0.0792,0.1864,0,1,1,1,1,0,0,有效双星
1787910314.185000,0,1,10,10,1472719.800323600,1,958,404,228,196,958,404,228,196,1032.903,524.526,255.000,0,1111.372,478.094,255.000,0,78.4689,-46.4323,0.6497,0.5914,0,1,1,1,1,0,0,有效双星
1787910314.189000,0,1,11,11,1472719.810234800,1,958,404,228,196,958,404,228,196,1032.112,524.490,255.000,0,1111.221,477.203,255.000,0,79.1093,-47.2877,1.0686,0.7185,0,1,1,1,1,0,0,有效双星
1787910314.200000,0,1,12,12,1472719.820207300,1,958,404,228,196,958,404,228,196,1032.054,524.547,255.000,0,1111.127,478.057,255.000,0,79.0735,-46.4896,0.7989,0.0952,0,1,1,1,1,0,0,有效双星
1787910314.209000,0,1,13,13,1472719.830204900,1,958,404,228,196,958,404,228,196,1032.039,524.692,255.000,0,1111.154,478.099,255.000,0,79.1150,-46.5936,0.1120,0.0726,0,1,1,1,1,0,0,有效双星
1787910314.220000,0,1,14,14,1472719.840318700,1,958,404,228,196,958,404,228,196,1032.171,525.125,255.000,0,1111.214,478.155,255.000,0,79.0432,-46.9694,0.3826,0.3903,0,1,1,1,1,0,0,有效双星
1787910314.230000,0,1,15,15,1472719.850222100,1,958,404,228,196,958,404,228,196,1032.838,525.019,255.000,0,1111.274,478.165,255.000,0,78.4363,-46.8544,0.6177,0.6657,0,1,1,1,1,0,0,有效双星
1787910314.239000,0,1,16,16,1472719.860235700,1,958,404,228,196,958,404,228,196,1032.875,524.864,255.000,0,1111.310,478.134,255.000,0,78.4347,-46.7297,0.1247,0.6255,0,1,1,1,1,0,0,有效双星
1787910314.250000,0,1,17,17,1472719.870249500,1,958,404,228,196,958,404,228,196,1032.855,524.704,255.000,0,1111.304,478.113,255.000,0,78.4485,-46.5906,0.1398,0.5946,0,1,1,1,1,0,0,有效双星
1787910314.259000,0,1,18,18,1472719.880249100,1,958,404,228,196,958,404,228,196,1032.856,524.664,255.000,0,1111.300,478.101,255.000,0,78.4442,-46.5622,0.0287,0.5971,0,1,1,1,1,0,0,有效双星
1787910314.270000,0,1,19,19,1472719.890201700,1,958,404,228,196,958,404,228,196,1032.837,524.571,255.000,0,1111.308,478.096,255.000,0,78.4716,-46.4750,0.0914,0.5781,0,1,1,1,1,0,0,有效双星
1787910314.280000,0,1,20,20,1472719.900211000,1,958,404,228,196,958,404,228,196,1032.184,524.626,255.000,0,1111.297,478.091,255.000,0,79.1129,-46.5345,0.6440,0.0952,0,1,1,1,1,0,0,有效双星
1787910314.290000,0,1,21,21,1472719.910217300,1,958,404,228,196,958,404,228,196,1032.116,524.633,255.000,0,1111.232,478.093,255.000,0,79.1159,-46.5406,0.0068,0.0892,0,1,1,1,1,0,0,有效双星
1787910314.300000,0,1,22,22,1472719.920208100,1,958,404,228,196,958,404,228,196,1032.126,524.759,255.000,0,1111.192,478.090,255.000,0,79.0660,-46.6691,0.1379,0.0847,0,1,1,1,1,0,0,有效双星
1787910314.310000,0,1,23,23,1472719.930244900,1,958,404,228,196,958,404,228,196,1032.105,524.726,255.000,0,1111.195,478.097,255.000,0,79.0898,-46.6296,0.0461,0.0618,0,1,1,1,1,0,0,有效双星
1787910314.320000,0,1,24,24,1472719.940196400,1,958,404,228,196,958,404,228,196,1032.177,524.944,255.000,0,1111.241,478.127,255.000,0,79.0643,-46.8170,0.1891,0.2203,0,1,1,1,1,0,0,有效双星
1787910314.330000,0,1,25,25,1472719.950229400,1,958,404,228,196,958,404,228,196,1032.880,524.982,255.000,0,1111.320,478.161,255.000,0,78.4396,-46.8208,0.6247,0.6386,0,1,1,1,1,0,0,有效双星
1787910314.340000,0,1,26,26,1472719.960241500,1,958,404,228,196,958,404,228,196,1032.944,524.975,255.000,0,1111.387,478.167,255.000,0,78.4428,-46.8083,0.0130,0.6221,0,1,1,1,1,0,0,有效双星
1787910314.350000,0,1,27,27,1472719.970291700,1,958,404,228,196,958,404,228,196,1032.931,524.868,255.000,0,1111.362,478.136,255.000,0,78.4317,-46.7318,0.0773,0.6061,0,1,1,1,1,0,0,有效双星
1787910314.360000,0,1,28,28,1472719.980212700,1,958,404,228,196,958,404,228,196,1032.160,524.587,255.000,0,1111.254,478.077,255.000,0,79.0942,-46.5099,0.6987,0.1979,0,1,1,1,1,0,0,有效双星
1787910314.373000,0,1,29,29,1472719.990234700,1,958,404,228,196,958,404,228,196,1032.091,524.220,255.000,0,1111.124,478.016,255.000,0,79.0320,-46.2046,0.3115,0.4447,0,1,1,1,1,0,0,有效双星
1787910314.380000,0,1,30,30,1472720.000259100,1,958,404,228,196,958,404,228,196,1032.050,524.066,255.000,0,1111.156,477.162,255.000,0,79.1055,-46.9048,0.7040,0.3010,0,1,1,1,1,0,0,有效双星
1787910314.390000,0,1,31,31,1472720.010202600,1,958,404,228,196,958,404,228,196,1032.129,524.544,255.000,0,1111.273,478.090,255.000,0,79.1434,-46.4532,0.4532,0.2156,0,1,1,1,1,0,0,有效双星
1787910314.400000,0,1,32,32,1472720.020216900,1,958,404,228,196,958,404,228,196,1033.012,525.158,255.000,0,1112.016,478.141,255.000,0,79.0044,-47.0170,0.5806,0.4084,0,1,1,1,1,0,0,有效双星
1787910314.410000,0,1,33,33,1472720.030224200,1,958,404,228,196,958,404,228,196,1033.057,525.293,255.000,0,1112.079,479.023,255.000,0,79.0227,-46.2701,0.7471,0.3795,0,1,1,1,1,0,0,有效双星
1787910314.420000,0,1,34,34,1472720.040201400,1,958,404,228,196,958,404,228,196,1032.983,525.143,255.000,0,1111.389,478.178,255.000,0,78.4059,-46.9644,0.9286,0.6967,0,1,1,1,1,0,0,有效双星
1787910314.433000,0,1,35,35,1472720.050209800,1,958,404,228,196,958,404,228,196,1032.135,524.807,255.000,0,1111.163,478.084,255.000,0,79.0282,-46.7227,0.6675,0.0748,0,1,1,1,1,0,0,有效双星
1787910314.440000,0,1,36,36,1472720.060217500,1,958,404,228,196,958,404,228,196,1031.952,524.140,255.000,0,1111.018,477.163,255.000,0,79.0658,-46.9774,0.2575,0.3306,0,1,1,1,1,0,0,有效双星
1787910314.450000,0,1,37,37,1472720.070208000,1,958,404,228,196,958,404,228,196,1032.042,524.221,255.000,0,1111.079,477.160,255.000,0,79.0363,-47.0616,0.0892,0.4124,0,1,1,1,1,0,0,有效双星
1787910314.460000,0,1,38,38,1472720.080259900,1,958,404,228,196,958,404,228,196,1032.110,524.513,255.000,0,1111.257,478.081,255.000,0,79.1474,-46.4323,0.6391,0.2869,0,1,1,1,1,0,0,有效双星
1787910314.470000,0,1,39,39,1472720.090226600,1,958,404,228,196,958,404,228,196,1032.941,524.849,255.000,0,1112.006,478.109,255.000,0,79.0645,-46.7404,0.3191,0.0467,0,1,1,1,1,0,0,有效双星
1787910314.480000,0,1,40,40,1472720.100215100,1,958,404,228,196,958,404,228,196,1033.050,525.157,255.000,0,1112.064,478.144,255.000,0,79.0139,-47.0122,0.2764,0.2893,0,1,1,1,1,0,0,有效双星
1787910314.490000,0,1,41,41,1472720.110227000,1,958,404,228,196,958,404,228,196,1032.935,525.062,255.000,0,1111.385,478.183,255.000,0,78.4499,-46.8784,0.5797,0.6170,0,1,1,1,1,0,0,有效双星
1787910314.505000,0,1,42,42,1472720.120204200,1,958,404,228,196,958,404,228,196,1032.174,525.097,255.000,0,1111.195,478.142,255.000,0,79.0215,-46.9545,0.5766,0.1806,0,1,1,1,1,0,0,有效双星
1787910314.510000,0,1,43,43,1472720.130298400,1,958,404,228,196,958,404,228,196,1032.058,524.863,255.000,0,1111.058,478.086,255.000,0,79.0000,-46.7766,0.1792,0.0469,0,1,1,1,1,0,0,有效双星
1787910314.521000,0,1,44,44,1472720.140201400,1,958,404,228,196,958,404,228,196,1031.961,524.297,255.000,0,1111.035,478.051,255.000,0,79.0734,-46.2459,0.5357,0.5687,0,1,1,1,1,0,0,有效双星
1787910314.530000,0,1,45,45,1472720.150208800,1,958,404,228,196,958,404,228,196,1032.105,524.571,255.000,0,1111.167,478.053,255.000,0,79.0619,-46.5179,0.2722,0.2770,0,1,1,1,1,0,0,有效双星
1787910314.540000,0,1,46,46,1472720.160202100,1,958,404,228,196,958,404,228,196,1032.852,524.524,255.000,0,1111.332,478.089,255.000,0,78.4803,-46.4355,0.5873,0.6377,0,1,1,1,1,0,0,有效双星
1787910314.550000,0,1,47,47,1472720.170201800,1,958,404,228,196,958,404,228,196,1032.957,524.579,255.000,0,1112.062,478.075,255.000,0,79.1047,-46.5037,0.6281,0.2441,0,1,1,1,1,0,0,有效双星
1787910314.560000,0,1,48,48,1472720.180215800,1,958,404,228,196,958,404,228,196,1033.043,524.872,255.000,0,1112.070,478.098,255.000,0,79.0268,-46.7743,0.2816,0.0433,0,1,1,1,1,0,0,有效双星
1787910314.570000,0,1,49,49,1472720.190201400,1,958,404,228,196,958,404,228,196,1032.851,524.668,255.000,0,1111.377,478.140,255.000,0,78.5262,-46.5282,0.5578,0.5536,0,1,1,1,1,0,0,有效双星
1787910314.580000,0,1,50,50,1472720.200214900,1,958,404,228,196,958,404,228,196,1032.153,524.833,255.000,0,1111.216,478.105,255.000,0,79.0635,-46.7279,0.5732,0.0465,0,1,1,1,1,0,0,有效双星
1787910331.388000,0,2,1,1727,1472737.007967500,2,944,440,227,195,944,440,227,195,1032.932,569.534,255.000,0,1111.306,523.065,255.000,0,78.3741,-46.4691,0.2216,0.2553,0,1,1,1,1,0,0,有效双星
1787910331.398000,0,2,2,1728,1472737.017965800,2,944,440,227,195,944,440,227,195,1037.067,573.597,255.000,0,1116.021,527.030,255.000,0,78.9543,-46.5670,0.5884,0.5821,0,1,1,1,1,0,0,有效双星
1787910331.408000,0,2,3,1729,1472737.027949700,2,944,440,227,195,944,440,227,195,1040.891,576.636,255.000,0,1119.227,530.069,255.000,0,78.3362,-46.5672,0.6181,0.0887,0,1,1,1,1,0,0,有效双星
1787910331.418000,0,2,4,1730,1472737.038826700,2,944,440,227,195,944,440,227,195,1042.094,576.742,255.000,0,1121.077,530.080,255.000,0,78.9834,-46.6623,0.6542,0.6058,0,1,1,1,1,0,0,有效双星
1787910331.428000,0,2,5,1731,1472737.048067800,2,944,440,227,195,944,440,227,195,1042.160,573.906,255.000,0,1121.120,527.094,255.000,0,78.9602,-46.8127,0.1521,0.5905,0,1,1,1,1,0,0,有效双星
1787910331.438000,0,2,6,1732,1472737.058051700,2,944,440,227,195,944,440,227,195,1041.976,568.988,255.000,0,1120.958,522.109,255.000,0,78.9822,-46.8787,0.0696,0.3847,0,1,1,1,1,0,0,有效双星
1787910331.448000,0,2,7,1733,1472737.067948600,2,944,440,227,195,944,440,227,195,1041.929,564.504,255.000,0,1120.337,518.067,255.000,0,78.4078,-46.4374,0.7244,0.5788,0,1,1,1,1,0,0,有效双星
1787910331.458000,0,2,8,1734,1472737.077950600,2,944,440,227,195,944,440,227,195,1042.823,561.450,255.000,0,1121.257,515.067,255.000,0,78.4348,-46.3829,0.0609,0.5767,0,1,1,1,1,0,0,有效双星
1787910331.468000,0,2,9,1735,1472737.087957600,2,944,440,227,195,944,440,227,195,1044.175,561.077,255.000,0,1123.219,514.152,255.000,0,79.0438,-46.9245,0.8150,0.2927,0,1,1,1,1,0,0,有效双星
1787910331.478000,0,2,10,1736,1472737.098054400,2,944,440,227,195,944,440,227,195,1047.797,563.630,255.000,0,1126.137,517.053,255.000,0,78.3393,-46.5762,0.7859,0.6194,0,1,1,1,1,0,0,有效双星
1787910331.488000,0,2,11,1737,1472737.107961700,2,944,440,227,195,944,440,227,195,1050.017,567.882,255.000,0,1129.022,521.106,255.000,0,79.0050,-46.7761,0.6950,0.1404,0,1,1,1,1,0,0,有效双星
1787910331.498000,0,2,12,1738,1472737.118072800,2,944,440,227,195,944,440,227,195,1051.911,572.804,255.000,0,1130.227,526.086,255.000,0,78.3154,-46.7178,0.6920,0.6392,0,1,1,1,1,0,0,有效双星
1787910331.508000,0,2,13,1739,1472737.127960400,2,944,440,227,195,944,440,227,195,1051.864,575.263,255.000,0,1130.204,528.181,255.000,0,78.3403,-47.0818,0.3648,0.7284,0,1,1,1,1,0,0,有效双星
1787910331.518000,0,2,14,1740,1472737.137963600,2,944,440,227,195,944,440,227,195,1050.068,574.177,255.000,0,1129.059,527.158,255.000,0,78.9916,-47.0194,0.6543,0.4141,0,1,1,1,1,0,0,有效双星
1787910331.528000,0,2,15,1741,1472737.147967200,2,944,440,227,195,944,440,227,195,1048.183,569.953,255.000,0,1127.116,523.089,255.000,0,78.9328,-46.8645,0.1657,0.2656,0,1,1,1,1,0,0,有效双星
1787910331.539000,0,2,16,1742,1472737.157975200,2,944,440,227,195,944,440,227,195,1046.076,564.257,255.000,0,1125.184,518.060,255.000,0,79.1081,-46.1969,0.6903,0.6947,0,1,1,1,1,0,0,有效双星
1787910331.548000,0,2,17,1743,1472737.167965400,2,944,440,227,195,944,440,227,195,1046.152,562.289,255.000,0,1125.117,515.149,255.000,0,78.9642,-47.1401,0.9541,0.5302,0,1,1,1,1,0,0,有效双星
1787910331.561000,0,2,18,1744,1472737.178003500,2,944,440,227,195,944,440,227,195,1048.884,564.307,255.000,0,1127.268,517.192,255.000,0,78.3847,-47.1150,0.5800,0.4743,0,1,1,1,1,0,0,有效双星
1787910331.568000,0,2,19,1745,1472737.187961100,2,944,440,227,195,944,440,227,195,1052.055,569.511,255.000,0,1131.038,523.025,255.000,0,78.9835,-46.4862,0.8684,0.3973,0,1,1,1,1,0,0,有效双星
1787910331.578000,0,2,20,1746,1472737.197980900,2,944,440,227,195,944,440,227,195,1054.125,573.779,255.000,0,1132.977,527.033,255.000,0,78.8514,-46.7455,0.2910,0.1075,0,1,1,1,1,0,0,有效双星
1787910331.588000,0,2,21,1747,1472737.207991800,2,944,440,227,195,944,440,227,195,1053.042,573.843,255.000,0,1132.059,527.109,255.000,0,79.0169,-46.7332,0.1659,0.0734,0,1,1,1,1,0,0,有效双星
1787910331.598000,0,2,22,1748,1472737.217976000,2,944,440,227,195,944,440,227,195,1051.173,571.348,255.000,0,1130.117,524.164,255.000,0,78.9439,-47.1843,0.4570,0.4452,0,1,1,1,1,0,0,有效双星
1787910331.608000,0,2,23,1749,1472737.228057200,2,944,440,227,195,944,440,227,195,1050.858,567.676,255.000,0,1129.241,521.085,255.000,0,78.3831,-46.5903,0.8169,0.5940,0,1,1,1,1,0,0,有效双星
1787910331.624000,0,2,24,1750,1472737.238003100,2,944,440,227,195,944,440,227,195,1051.837,564.591,255.000,0,1130.289,518.096,255.000,0,78.4521,-46.4947,0.1180,0.5664,0,1,1,1,1,0,0,有效双星
1787910331.628000,0,2,25,1751,1472737.247957700,2,944,440,227,195,944,440,227,195,1054.038,562.937,255.000,0,1132.375,516.120,255.000,0,78.3365,-46.8163,0.3417,0.6043,0,1,1,1,1,0,0,有效双星
1787910331.638000,0,2,26,1752,1472737.258070200,2,944,440,227,195,944,440,227,195,1055.981,561.965,255.000,0,1135.035,515.129,255.000,0,79.0535,-46.8356,0.7172,0.1779,0,1,1,1,1,0,0,有效双星
1787910331.648000,0,2,27,1753,1472737.267966800,2,944,440,227,195,944,440,227,195,1057.921,563.184,255.000,0,1136.320,516.181,255.000,0,78.3984,-47.0030,0.6761,0.5499,0,1,1,1,1,0,0,有效双星
1787910331.658000,0,2,28,1754,1472737.277966200,2,944,440,227,195,944,440,227,195,1059.132,566.573,255.000,0,1138.068,520.017,255.000,0,78.9364,-46.5561,0.6995,0.2442,0,1,1,1,1,0,0,有效双星
1787910331.668000,0,2,29,1755,1472737.287968800,2,944,440,227,195,944,440,227,195,1060.852,569.833,255.000,0,1139.324,523.162,255.000,0,78.4719,-46.6707,0.4784,0.4794,0,1,1,1,1,0,0,有效双星
1787910331.678000,0,2,30,1756,1472737.297965300,2,944,440,227,195,944,440,227,195,1062.081,571.791,255.000,0,1140.409,525.108,255.000,0,78.3287,-46.6829,0.1438,0.5687,0,1,1,1,1,0,0,有效双星
1787910331.688000,0,2,31,1757,1472737.307957200,2,944,440,227,195,944,440,227,195,1061.917,568.040,255.000,0,1140.335,521.178,255.000,0,78.4180,-46.8624,0.2004,0.4849,0,1,1,1,1,0,0,有效双星
1787910331.698000,0,2,32,1758,1472737.317960900,2,944,440,227,195,944,440,227,195,1059.865,559.964,255.000,0,1138.306,513.153,255.000,0,78.4414,-46.8110,0.0565,0.2223,0,1,1,1,1,0,0,有效双星
1787910331.708000,0,2,33,1759,1472737.327964600,2,944,440,227,195,944,440,227,195,1057.999,552.119,255.000,0,1136.381,505.157,255.000,0,78.3814,-46.9614,0.1619,0.3168,0,1,1,1,1,0,0,有效双星
1787910331.718000,0,2,34,1760,1472737.338087800,2,944,440,227,195,944,440,227,195,1059.022,548.260,255.000,0,1138.098,502.037,255.000,0,79.0752,-46.2226,1.0135,0.7214,0,1,1,1,1,0,0,有效双星
1787910331.728000,0,2,35,1761,1472737.347958700,2,944,440,227,195,944,440,227,195,1063.832,551.857,255.000,0,1142.260,505.123,255.000,0,78.4282,-46.7337,0.8246,0.2377,0,1,1,1,1,0,0,有效双星
1787910331.737000,0,2,36,1762,1472737.357989600,2,944,440,227,195,944,440,227,195,1067.902,559.076,255.000,0,1146.278,512.159,255.000,0,78.3765,-46.9163,0.1898,0.1963,0,1,1,1,1,0,0,有效双星
1787910331.748000,0,2,37,1763,1472737.368013800,2,944,440,227,195,944,440,227,195,1067.155,565.613,255.000,0,1146.194,519.076,255.000,0,79.0390,-46.5368,0.7636,0.6396,0,1,1,1,1,0,0,有效双星
1787910331.758000,0,2,38,1764,1472737.377976700,2,944,440,227,195,944,440,227,195,1063.114,568.301,255.000,0,1142.046,521.154,255.000,0,78.9324,-47.1466,0.6191,0.6337,0,1,1,1,1,0,0,有效双星
1787910331.767000,0,2,39,1765,1472737.387955500,2,944,440,227,195,944,440,227,195,1057.843,566.664,255.000,0,1136.238,520.095,255.000,0,78.3957,-46.5695,0.7881,0.1826,0,1,1,1,1,0,0,有效双星
1787910331.778000,0,2,40,1766,1472737.397963700,2,944,440,227,195,944,440,227,195,1054.025,562.893,255.000,0,1133.043,516.101,255.000,0,79.0179,-46.7916,0.6607,0.5736,0,1,1,1,1,0,0,有效双星
1787910331.788000,0,2,41,1767,1472737.407965600,2,944,440,227,195,944,440,227,195,1055.037,558.873,255.000,0,1133.404,512.123,255.000,0,78.3668,-46.7499,0.6525,0.0810,0,1,1,1,1,0,0,有效双星
1787910331.798000,0,2,42,1768,1472737.417961300,2,944,440,227,195,944,440,227,195,1059.032,555.674,255.000,0,1138.079,509.064,255.000,0,79.0473,-46.6096,0.6949,0.6334,0,1,1,1,1,0,0,有效双星
1787910331.810000,0,2,43,1769,1472737.428089400,2,944,440,227,195,944,440,227,195,1064.803,554.580,255.000,0,1143.223,508.074,255.000,0,78.4196,-46.5064,0.6362,0.2359,0,1,1,1,1,0,0,有效双星
1787910331.818000,0,2,44,1770,1472737.437959100,2,944,440,227,195,944,440,227,195,1068.169,556.000,255.000,0,1147.165,509.123,255.000,0,78.9964,-46.8773,0.6858,0.5777,0,1,1,1,1,0,0,有效双星
1787910331.828000,0,2,45,1771,1472737.447964400,2,944,440,227,195,944,440,227,195,1068.992,559.050,255.000,0,1148.005,512.147,255.000,0,79.0135,-46.9033,0.0311,0.5937,0,1,1,1,1,0,0,有效双星
1787910331.838000,0,2,46,1772,1472737.458091300,2,944,440,227,195,944,440,227,195,1066.094,562.627,255.000,0,1145.065,516.052,255.000,0,78.9710,-46.5753,0.3307,0.5502,0,1,1,1,1,0,0,有效双星
1787910331.848000,0,2,47,1773,1472737.468099500,2,944,440,227,195,944,440,227,195,1060.898,563.977,255.000,0,1139.299,517.159,255.000,0,78.4016,-46.8179,0.6189,0.0939,0,1,1,1,1,0,0,有效双星
1787910331.858000,0,2,48,1774,1472737.477969600,2,944,440,227,195,944,440,227,195,1055.199,563.132,255.000,0,1134.191,516.146,255.000,0,78.9925,-46.9853,0.6141,0.5885,0,1,1,1,1,0,0,有效双星
1787910331.874000,0,2,49,1775,1472737.487996000,2,944,440,227,195,944,440,227,195,1053.833,560.810,255.000,0,1132.212,514.105,255.000,0,78.3792,-46.7049,0.6743,0.1016,0,1,1,1,1,0,0,有效双星
1787910331.878000,0,2,50,1776,1472737.498127800,2,944,440,227,195,944,440,227,195,1056.160,559.260,255.000,0,1135.198,512.175,255.000,0,79.0375,-47.0854,0.7604,0.6799,0,1,1,1,1,0,0,有效双星
1787910332.396000,0,3,1,1824,1472738.015899600,3,986,438,228,196,986,438,228,196,1063.146,561.646,255.000,0,1142.147,515.063,255.000,0,79.0008,-46.5828,0.3842,0.1638,0,1,1,1,1,0,0,有效双星
1787910332.406000,0,3,2,1825,1472738.025871000,3,986,438,228,196,986,438,228,196,1061.869,561.948,255.000,0,1140.266,515.159,255.000,0,78.3967,-46.7890,0.6382,0.6149,0,1,1,1,1,0,0,有效双星
1787910332.416000,0,3,3,1826,1472738.036092300,3,986,438,228,196,986,438,228,196,1060.106,561.581,255.000,0,1139.096,514.194,255.000,0,78.9908,-47.3872,0.8431,0.6414,0,1,1,1,1,0,0,有效双星
1787910332.426000,0,3,4,1827,1472738.045875400,3,986,438,228,196,986,438,228,196,1059.966,559.987,255.000,0,1138.381,513.169,255.000,0,78.4150,-46.8174,0.8102,0.5833,0,1,1,1,1,0,0,有效双星
1787910332.435000,0,3,5,1828,1472738.055902700,3,986,438,228,196,986,438,228,196,1060.989,558.812,255.000,0,1140.026,512.096,255.000,0,79.0377,-46.7154,0.6310,0.0753,0,1,1,1,1,0,0,有效双星
1787910332.446000,0,3,6,1829,1472738.065875000,3,986,438,228,196,986,438,228,196,1063.008,558.537,255.000,0,1142.093,512.064,255.000,0,79.0848,-46.4728,0.2472,0.3160,0,1,1,1,1,0,0,有效双星
1787910332.456000,0,3,7,1830,1472738.075891600,3,986,438,228,196,986,438,228,196,1065.055,559.088,255.000,0,1144.111,512.167,255.000,0,79.0557,-46.9211,0.4493,0.1590,0,1,1,1,1,0,0,有效双星
1787910332.466000,0,3,8,1831,1472738.085874000,3,986,438,228,196,986,438,228,196,1065.934,560.032,255.000,0,1144.356,513.182,255.000,0,78.4215,-46.8501,0.6381,0.5819,0,1,1,1,1,0,0,有效双星
1787910332.476000,0,3,9,1832,1472738.095913800,3,986,438,228,196,986,438,228,196,1064.157,560.624,255.000,0,1143.220,514.083,255.000,0,79.0627,-46.5406,0.7119,0.2426,0,1,1,1,1,0,0,有效双星
1787910332.487000,0,3,10,1833,1472738.105884400,3,986,438,228,196,986,438,228,196,1062.003,560.543,255.000,0,1140.412,514.083,255.000,0,78.4087,-46.4602,0.6589,0.6641,0,1,1,1,1,0,0,有效双星
1787910332.499000,0,3,11,1834,1472738.116315400,3,986,438,228,196,986,438,228,196,1059.988,560.069,255.000,0,1138.377,513.169,255.000,0,78.3897,-46.8997,0.4400,0.6393,0,1,1,1,1,0,0,有效双星
1787910332.506000,0,3,12,1835,1472738.125880800,3,986,438,228,196,986,438,228,196,1059.141,559.902,255.000,0,1138.183,513.114,255.000,0,79.0415,-46.7877,0.6614,0.0449,0,1,1,1,1,0,0,有效双星
1787910332.516000,0,3,13,1836,1472738.135909500,3,986,438,228,196,986,438,228,196,1060.980,560.139,255.000,0,1139.349,513.172,255.000,0,78.3696,-46.9674,0.6955,0.6539,0,1,1,1,1,0,0,有效双星
1787910332.526000,0,3,14,1837,1472738.145891400,3,986,438,228,196,986,438,228,196,1063.059,560.240,255.000,0,1142.097,514.028,255.000,0,79.0375,-46.2113,1.0088,0.5883,0,1,1,1,1,0,0,有效双星
1787910332.536000,0,3,15,1838,1472738.155887500,3,986,438,228,196,986,438,228,196,1065.039,560.322,255.000,0,1144.078,514.046,255.000,0,79.0392,-46.2766,0.0652,0.5232,0,1,1,1,1,0,0,有效双星
1787910332.547000,0,3,16,1839,1472738.166329600,3,986,438,228,196,986,438,228,196,1065.213,560.269,255.000,0,1144.248,513.191,255.000,0,79.0343,-47.0779,0.8013,0.2811,0,1,1,1,1,0,0,有效双星
1787910332.561000,0,3,17,1840,1472738.176472000,3,986,438,228,196,986,438,228,196,1064.074,559.735,255.000,0,1143.131,513.096,255.000,0,79.0575,-46.6387,0.4397,0.1638,0,1,1,1,1,0,0,有效双星
1787910332.566000,0,3,18,1841,1472738.186151200,3,986,438,228,196,986,438,228,196,1062.085,559.290,255.000,0,1141.037,512.154,255.000,0,78.9519,-47.1365,0.5088,0.3469,0,1,1,1,1,0,0,有效双星
1787910332.576000,0,3,19,1842,1472738.196673600,3,986,438,228,196,986,438,228,196,1060.092,559.141,255.000,0,1139.103,512.143,255.000,0,79.0112,-46.9987,0.1500,0.1957,0,1,1,1,1,0,0,有效双星
1787910332.586000,0,3,20,1843,1472738.205880500,3,986,438,228,196,986,438,228,196,1059.989,559.768,255.000,0,1138.360,513.100,255.000,0,78.3709,-46.6683,0.7205,0.6602,0,1,1,1,1,0,0,有效双星
1787910332.596000,0,3,21,1844,1472738.216730500,3,986,438,228,196,986,438,228,196,1061.102,560.712,255.000,0,1140.093,514.059,255.000,0,78.9914,-46.6529,0.6207,0.1362,0,1,1,1,1,0,0,有效双星
1787910332.608000,0,3,22,1845,1472738.227456000,3,986,438,228,196,986,438,228,196,1063.139,561.610,255.000,0,1142.157,515.060,255.000,0,79.0177,-46.5496,0.1066,0.2393,0,1,1,1,1,0,0,有效双星
1787910332.620000,0,3,23,1846,1472738.238121700,3,986,438,228,196,986,438,228,196,1064.950,561.711,255.000,0,1143.372,515.123,255.000,0,78.4225,-46.5882,0.5965,0.6140,0,1,1,1,1,0,0,有效双星
1787910332.626000,0,3,24,1847,1472738.245877000,3,986,438,228,196,986,438,228,196,1064.936,560.765,255.000,0,1143.382,514.142,255.000,0,78.4456,-46.6229,0.0417,0.5730,0,1,1,1,1,0,0,有效双星
1787910332.636000,0,3,25,1848,1472738.257125400,3,986,438,228,196,986,438,228,196,1063.191,559.354,255.000,0,1142.220,512.193,255.000,0,79.0290,-47.1612,0.7938,0.5008,0,1,1,1,1,0,0,有效双星
1787910332.648000,0,3,26,1849,1472738.268192100,3,986,438,228,196,986,438,228,196,1061.889,558.222,255.000,0,1140.308,511.194,255.000,0,78.4190,-47.0284,0.6243,0.6999,0,1,1,1,1,0,0,有效双星
1787910332.658000,0,3,27,1850,1472738.278258800,3,986,438,228,196,986,438,228,196,1060.955,558.324,255.000,0,1139.339,511.203,255.000,0,78.3844,-47.1209,0.0987,0.7313,0,1,1,1,1,0,0,有效双星
1787910332.666000,0,3,28,1851,1472738.286144000,3,986,438,228,196,986,438,228,196,1061.111,559.581,255.000,0,1140.079,513.022,255.000,0,78.9683,-46.5592,0.8101,0.1688,0,1,1,1,1,0,0,有效双星
1787910332.676000,0,3,29,1852,1472738.295886700,3,986,438,228,196,986,438,228,196,1062.805,560.746,255.000,0,1141.175,514.095,255.000,0,78.3706,-46.6511,0.6047,0.6093,0,1,1,1,1,0,0,有效双星
1787910332.685000,0,3,30,1853,1472738.305905500,3,986,438,228,196,986,438,228,196,1063.811,561.555,255.000,0,1142.209,515.073,255.000,0,78.3976,-46.4825,0.1708,0.5900,0,1,1,1,1,0,0,有效双星
1787910332.696000,0,3,31,1854,1472738.315882400,3,986,438,228,196,986,438,228,196,1063.986,561.554,255.000,0,1142.358,515.071,255.000,0,78.3725,-46.4823,0.0251,0.6140,0,1,1,1,1,0,0,有效双星
1787910332.706000,0,3,32,1855,1472738.325887300,3,986,438,228,196,986,438,228,196,1063.129,560.559,255.000,0,1142.239,514.082,255.000,0,79.1106,-46.4766,0.7381,0.2311,0,1,1,1,1,0,0,有效双星
1787910332.716000,0,3,33,1856,1472738.335907800,3,986,438,228,196,986,438,228,196,1062.970,559.886,255.000,0,1141.355,513.131,255.000,0,78.3855,-46.7548,0.7766,0.5850,0,1,1,1,1,0,0,有效双星
1787910332.726000,0,3,34,1857,1472738.345889600,3,986,438,228,196,986,438,228,196,1062.060,559.107,255.000,0,1141.107,512.151,255.000,0,79.0477,-46.9559,0.6920,0.3231,0,1,1,1,1,0,0,有效双星
1787910332.736000,0,3,35,1858,1472738.355902400,3,986,438,228,196,986,438,228,196,1061.931,558.849,255.000,0,1140.374,512.146,255.000,0,78.4431,-46.7024,0.6556,0.5194,0,1,1,1,1,0,0,有效双星
1787910332.751000,0,3,36,1859,1472738.365907100,3,986,438,228,196,986,438,228,196,1062.085,559.246,255.000,0,1140.380,512.159,255.000,0,78.2949,-47.0868,0.4120,0.5872,0,1,1,1,1,0,0,有效双星
1787910332.756000,0,3,37,1860,1472738.375893300,3,986,438,228,196,986,438,228,196,1062.050,559.192,255.000,0,1141.111,513.036,255.000,0,79.0617,-46.1570,1.2052,0.7967,0,1,1,1,1,0,0,有效双星
1787910332.766000,0,3,38,1861,1472738.385904600,3,986,438,228,196,986,438,228,196,1063.074,560.264,255.000,0,1141.376,513.170,255.000,0,78.3020,-47.0937,1.2061,0.4559,0,1,1,1,1,0,0,有效双星
1787910332.776000,0,3,39,1862,1472738.395896500,3,986,438,228,196,986,438,228,196,1063.206,560.871,255.000,0,1142.244,514.118,255.000,0,79.0385,-46.7530,0.8115,0.6127,0,1,1,1,1,0,0,有效双星
1787910332.786000,0,3,40,1863,1472738.405902500,3,986,438,228,196,986,438,228,196,1063.936,561.235,255.000,0,1142.338,515.068,255.000,0,78.4023,-46.1663,0.8654,0.4952,0,1,1,1,1,0,0,有效双星
1787910332.796000,0,3,41,1864,1472738.415908700,3,986,438,228,196,986,438,228,196,1063.869,561.225,255.000,0,1142.181,514.159,255.000,0,78.3121,-47.0661,0.9043,0.4313,0,1,1,1,1,0,0,有效双星
1787910332.812000,0,3,42,1865,1472738.425903300,3,986,438,228,196,986,438,228,196,1062.076,559.970,255.000,0,1141.165,513.145,255.000,0,79.0891,-46.8251,0.8135,0.6846,0,1,1,1,1,0,0,有效双星
1787910332.816000,0,3,43,1866,1472738.435899500,3,986,438,228,196,986,438,228,196,1061.172,558.966,255.000,0,1140.161,512.105,255.000,0,78.9887,-46.8612,0.1067,0.5834,0,1,1,1,1,0,0,有效双星
1787910332.826000,0,3,44,1867,1472738.445903600,3,986,438,228,196,986,438,228,196,1061.110,558.184,255.000,0,1140.096,511.141,255.000,0,78.9865,-47.0439,0.1827,0.6266,0,1,1,1,1,0,0,有效双星
1787910332.836000,0,3,45,1868,1472738.455898100,3,986,438,228,196,986,438,228,196,1062.077,558.694,255.000,0,1141.083,512.070,255.000,0,79.0069,-46.6245,0.4199,0.5992,0,1,1,1,1,0,0,有效双星
1787910332.846000,0,3,46,1869,1472738.465928200,3,986,438,228,196,986,438,228,196,1063.968,560.159,255.000,0,1142.294,513.159,255.000,0,78.3263,-47.0005,0.7776,0.2679,0,1,1,1,1,0,0,有效双星
1787910332.856000,0,3,47,1870,1472738.475914700,3,986,438,228,196,986,438,228,196,1064.861,561.506,255.000,0,1143.239,514.197,255.000,0,78.3778,-47.3095,0.3133,0.5574,0,1,1,1,1,0,0,有效双星
1787910332.866000,0,3,48,1871,1472738.485915000,3,986,438,228,196,986,438,228,196,1064.082,561.811,255.000,0,1143.056,515.087,255.000,0,78.9740,-46.7237,0.8358,0.5521,0,1,1,1,1,0,0,有效双星
1787910332.876000,0,3,49,1872,1472738.495900900,3,986,438,228,196,986,438,228,196,1062.921,560.958,255.000,0,1141.282,514.133,255.000,0,78.3611,-46.8253,0.6212,0.0943,0,1,1,1,1,0,0,有效双星
1787910332.886000,0,3,50,1873,1472738.505898500,3,986,438,228,196,986,438,228,196,1061.050,559.695,255.000,0,1140.067,513.077,255.000,0,79.0168,-46.6181,0.6876,0.6184,0,1,1,1,1,0,0,有效双星
1787910338.854000,0,4,1,2467,1472744.475068800,4,998,472,227,196,998,472,227,196,1066.238,582.324,255.000,0,1145.286,536.080,255.000,0,79.0485,-46.2438,0.6512,0.1464,0,1,1,1,1,0,0,有效双星
1787910338.864000,0,4,2,2468,1472744.485227400,4,998,472,227,196,998,472,227,196,1072.956,569.871,255.000,0,1151.404,523.188,255.000,0,78.4487,-46.6824,0.7430,0.6117,0,1,1,1,1,0,0,有效双星
1787910338.874000,0,4,3,2469,1472744.495085100,4,998,472,227,196,998,472,227,196,1079.953,562.143,255.000,0,1158.342,515.211,255.000,0,78.3882,-46.9322,0.2570,0.8065,0,1,1,1,1,0,0,有效双星
1787910338.884000,0,4,4,2470,1472744.505076600,4,998,472,227,196,998,472,227,196,1084.076,562.132,255.000,0,1163.124,516.030,255.000,0,79.0480,-46.1015,1.0609,0.5093,0,1,1,1,1,0,0,有效双星
1787910338.894000,0,4,5,2471,1472744.515272400,4,998,472,227,196,998,472,227,196,1085.148,570.527,255.000,0,1164.160,524.054,255.000,0,79.0124,-46.4737,0.3739,0.1020,0,1,1,1,1,0,0,有效双星
1787910338.904000,0,4,6,2472,1472744.525062400,4,998,472,227,196,998,472,227,196,1083.014,582.927,255.000,0,1162.021,536.151,255.000,0,79.0078,-46.7755,0.3019,0.3998,0,1,1,1,1,0,0,有效双星
1787910338.914000,0,4,7,2473,1472744.535066200,4,998,472,227,196,998,472,227,196,1077.126,594.090,255.000,0,1156.166,548.038,255.000,0,79.0402,-46.0518,0.7245,0.3290,0,1,1,1,1,0,0,有效双星
1787910338.924000,0,4,8,2474,1472744.545083900,4,998,472,227,196,998,472,227,196,1069.820,598.946,255.000,0,1148.208,552.178,255.000,0,78.3883,-46.7673,0.9680,0.7238,0,1,1,1,1,0,0,有效双星
1787910338.934000,0,4,9,2475,1472744.555085600,4,998,472,227,196,998,472,227,196,1062.005,596.965,255.000,0,1141.041,550.166,255.000,0,79.0359,-46.7990,0.6484,0.4255,0,1,1,1,1,0,0,有效双星
1787910338.944000,0,4,10,2476,1472744.565272800,4,998,472,227,196,998,472,227,196,1058.960,592.025,255.000,0,1137.313,545.172,255.000,0,78.3526,-46.8531,0.6854,0.7465,0,1,1,1,1,0,0,有效双星
1787910338.954000,0,4,11,2477,1472744.575269600,4,998,472,227,196,998,472,227,196,1061.837,587.734,255.000,0,1140.225,541.129,255.000,0,78.3880,-46.6053,0.2503,0.6209,0,1,1,1,1,0,0,有效双星
1787910338.964000,0,4,12,2478,1472744.585071700,4,998,472,227,196,998,472,227,196,1069.073,586.545,255.000,0,1148.061,540.064,255.000,0,78.9883,-46.4812,0.6130,0.0675,0,1,1,1,1,0,0,有效双星
1787910338.974000,0,4,13,2479,1472744.595298500,4,998,472,227,196,998,472,227,196,1077.901,587.247,255.000,0,1156.282,541.081,255.000,0,78.3812,-46.1661,0.6840,0.6850,0,1,1,1,1,0,0,有效双星
1787910338.984000,0,4,14,2480,1472744.605368800,4,998,472,227,196,998,472,227,196,1083.020,588.532,255.000,0,1162.088,542.100,255.000,0,79.0680,-46.4326,0.7367,0.1070,0,1,1,1,1,0,0,有效双星
1787910339.000000,0,4,15,2481,1472744.615112600,4,998,472,227,196,998,472,227,196,1084.147,588.881,255.000,0,1163.157,542.142,255.000,0,79.0096,-46.7399,0.3128,0.2556,0,1,1,1,1,0,0,有效双星
1787910339.004000,0,4,16,2482,1472744.625073500,4,998,472,227,196,998,472,227,196,1082.064,587.821,255.000,0,1161.086,541.140,255.000,0,79.0226,-46.6815,0.0598,0.1364,0,1,1,1,1,0,0,有效双星
1787910339.014000,0,4,17,2483,1472744.635070700,4,998,472,227,196,998,472,227,196,1078.953,585.729,255.000,0,1157.357,539.150,255.000,0,78.4044,-46.5786,0.6267,0.6077,0,1,1,1,1,0,0,有效双星
1787910339.026000,0,4,18,2484,1472744.645334500,4,998,472,227,196,998,472,227,196,1077.163,582.590,255.000,0,1156.180,536.080,255.000,0,79.0171,-46.5094,0.6166,0.0830,0,1,1,1,1,0,0,有效双星
1787910339.034000,0,4,19,2485,1472744.655362700,4,998,472,227,196,998,472,227,196,1077.973,577.744,255.000,0,1157.012,531.111,255.000,0,79.0392,-46.6337,0.1262,0.0947,0,1,1,1,1,0,0,有效双星
1787910339.044000,0,4,20,2486,1472744.665106300,4,998,472,227,196,998,472,227,196,1080.851,573.131,255.000,0,1159.286,526.208,255.000,0,78.4350,-46.9236,0.6702,0.6627,0,1,1,1,1,0,0,有效双星
1787910339.055000,0,4,21,2487,1472744.675129800,4,998,472,227,196,998,472,227,196,1084.098,572.121,255.000,0,1163.126,525.176,255.000,0,79.0285,-46.9449,0.5939,0.3260,0,1,1,1,1,0,0,有效双星
1787910339.064000,0,4,22,2488,1472744.685093100,4,998,472,227,196,998,472,227,196,1087.116,575.160,255.000,0,1166.123,528.181,255.000,0,79.0067,-46.9798,0.0411,0.3222,0,1,1,1,1,0,0,有效双星
1787910339.074000,0,4,23,2489,1472744.695135200,4,998,472,227,196,998,472,227,196,1087.210,581.213,255.000,0,1166.157,534.183,255.000,0,78.9471,-47.0296,0.0777,0.3771,0,1,1,1,1,0,0,有效双星
1787910339.084000,0,4,24,2490,1472744.705069900,4,998,472,227,196,998,472,227,196,1082.970,585.666,255.000,0,1161.387,539.149,255.000,0,78.4174,-46.5166,0.7374,0.6079,0,1,1,1,1,0,0,有效双星
1787910339.094000,0,4,25,2491,1472744.715109200,4,998,472,227,196,998,472,227,196,1076.062,586.037,255.000,0,1155.044,539.161,255.000,0,78.9824,-46.8757,0.6695,0.2195,0,1,1,1,1,0,0,有效双星
1787910339.104000,0,4,26,2492,1472744.725103000,4,998,472,227,196,998,472,227,196,1070.173,583.043,255.000,0,1149.188,536.160,255.000,0,79.0151,-46.8825,0.0334,0.1727,0,1,1,1,1,0,0,有效双星
1787910339.114000,0,4,27,2493,1472744.735102800,4,998,472,227,196,998,472,227,196,1069.056,578.192,255.000,0,1148.124,532.059,255.000,0,79.0675,-46.1332,0.7511,0.5817,0,1,1,1,1,0,0,有效双星
1787910339.124000,0,4,28,2494,1472744.745075600,4,998,472,227,196,998,472,227,196,1073.987,575.777,255.000,0,1152.350,529.126,255.000,0,78.3631,-46.6511,0.8743,0.6372,0,1,1,1,1,0,0,有效双星
1787910339.134000,0,4,29,2495,1472744.755070700,4,998,472,227,196,998,472,227,196,1082.099,575.870,255.000,0,1161.162,529.147,255.000,0,79.0634,-46.7229,0.7040,0.0868,0,1,1,1,1,0,0,有效双星
1787910339.144000,0,4,30,2496,1472744.765077100,4,998,472,227,196,998,472,227,196,1089.162,577.972,255.000,0,1168.135,531.144,255.000,0,78.9728,-46.8282,0.1389,0.1638,0,1,1,1,1,0,0,有效双星
1787910339.154000,0,4,31,2497,1472744.775101000,4,998,472,227,196,998,472,227,196,1090.113,579.288,255.000,0,1169.056,533.039,255.000,0,78.9428,-46.2492,0.5798,0.4207,0,1,1,1,1,0,0,有效双星
1787910339.164000,0,4,32,2498,1472744.785125300,4,998,472,227,196,998,472,227,196,1084.952,578.941,255.000,0,1164.016,532.170,255.000,0,79.0639,-46.7708,0.5355,0.1238,0,1,1,1,1,0,0,有效双星
1787910339.174000,0,4,33,2499,1472744.795089800,4,998,472,227,196,998,472,227,196,1077.809,578.865,255.000,0,1156.099,532.106,255.000,0,78.2898,-46.7595,0.7742,0.7206,0,1,1,1,1,0,0,有效双星
1787910339.185000,0,4,34,2500,1472744.805232600,4,998,472,227,196,998,472,227,196,1071.195,578.958,255.000,0,1150.263,532.175,255.000,0,79.0683,-46.7833,0.7789,0.0795,0,1,1,1,1,0,0,有效双星
1787910339.194000,0,4,35,2501,1472744.815085700,4,998,472,227,196,998,472,227,196,1070.950,580.330,255.000,0,1149.308,534.081,255.000,0,78.3581,-46.2490,0.8888,0.8205,0,1,1,1,1,0,0,有效双星
1787910339.204000,0,4,36,2502,1472744.825103900,4,998,472,227,196,998,472,227,196,1074.888,581.618,255.000,0,1153.260,535.094,255.000,0,78.3724,-46.5242,0.2756,0.6589,0,1,1,1,1,0,0,有效双星
1787910339.214000,0,4,37,2503,1472744.835115800,4,998,472,227,196,998,472,227,196,1080.127,581.219,255.000,0,1159.238,535.092,255.000,0,79.1118,-46.1267,0.8395,0.6290,0,1,1,1,1,0,0,有效双星
1787910339.224000,0,4,38,2504,1472744.845092500,4,998,472,227,196,998,472,227,196,1085.836,580.523,255.000,0,1164.189,534.076,255.000,0,78.3522,-46.4470,0.8244,0.7065,0,1,1,1,1,0,0,有效双星
1787910339.234000,0,4,39,2505,1472744.855071200,4,998,472,227,196,998,472,227,196,1087.053,578.704,255.000,0,1166.075,532.113,255.000,0,79.0216,-46.5907,0.6846,0.1568,0,1,1,1,1,0,0,有效双星
1787910339.248000,0,4,40,2506,1472744.865063400,4,998,472,227,196,998,472,227,196,1085.005,577.029,255.000,0,1163.993,530.151,255.000,0,78.9884,-46.8779,0.2891,0.1372,0,1,1,1,1,0,0,有效双星
1787910339.254000,0,4,41,2507,1472744.875089500,4,998,472,227,196,998,472,227,196,1080.100,576.173,255.000,0,1159.003,529.136,255.000,0,78.9032,-47.0364,0.1799,0.3064,0,1,1,1,1,0,0,有效双星
1787910339.264000,0,4,42,2508,1472744.885100300,4,998,472,227,196,998,472,227,196,1075.010,576.007,255.000,0,1154.046,529.160,255.000,0,79.0361,-46.8475,0.2309,0.1213,0,1,1,1,1,0,0,有效双星
1787910339.274000,0,4,43,2509,1472744.895095700,4,998,472,227,196,998,472,227,196,1073.051,577.927,255.000,0,1152.030,531.120,255.000,0,78.9788,-46.8063,0.0705,0.0652,0,1,1,1,1,0,0,有效双星
1787910339.284000,0,4,44,2510,1472744.905170900,4,998,472,227,196,998,472,227,196,1075.046,580.771,255.000,0,1154.041,534.102,255.000,0,78.9949,-46.6683,0.1389,0.0742,0,1,1,1,1,0,0,有效双星
1787910339.294000,0,4,45,2511,1472744.915097300,4,998,472,227,196,998,472,227,196,1079.811,583.108,255.000,0,1158.255,537.075,255.000,0,78.4447,-46.0332,0.8404,0.8909,0,1,1,1,1,0,0,有效双星
1787910339.308000,0,4,46,2512,1472744.925150800,4,998,472,227,196,998,472,227,196,1083.975,584.078,255.000,0,1162.320,537.187,255.000,0,78.3455,-46.8901,0.8626,0.6671,0,1,1,1,1,0,0,有效双星
1787910339.314000,0,4,47,2513,1472744.935069800,4,998,472,227,196,998,472,227,196,1085.046,581.971,255.000,0,1164.039,535.153,255.000,0,78.9928,-46.8189,0.6512,0.1245,0,1,1,1,1,0,0,有效双星
1787910339.324000,0,4,48,2514,1472744.945063600,4,998,472,227,196,998,472,227,196,1083.087,578.333,255.000,0,1162.031,532.046,255.000,0,78.9441,-46.2870,0.5342,0.4553,0,1,1,1,1,0,0,有效双星
1787910339.334000,0,4,49,2515,1472744.955064500,4,998,472,227,196,998,472,227,196,1079.863,575.062,255.000,0,1158.229,528.172,255.000,0,78.3663,-46.8906,0.8356,0.6276,0,1,1,1,1,0,0,有效双星
1787910339.344000,0,4,50,2516,1472744.965084100,4,998,472,227,196,998,472,227,196,1076.825,573.856,255.000,0,1155.277,527.170,255.000,0,78.4522,-46.6854,0.2224,0.5125,0,1,1,1,1,0,0,有效双星
1787910340.350000,0,5,1,2613,1472745.970434500,5,1018,434,228,195,1018,434,228,195,1104.034,568.630,255.000,0,1182.410,522.132,255.000,0,78.3760,-46.4974,0.6827,0.5795,0,1,1,1,1,0,0,有效双星
1787910340.360000,0,5,2,2614,1472745.980968300,5,1018,434,228,195,1018,434,228,195,1094.818,572.591,255.000,0,1173.246,526.140,255.000,0,78.4272,-46.4512,0.0690,0.2850,0,1,1,1,1,0,0,有效双星
1787910340.372000,0,5,3,2615,1472745.990437200,5,1018,434,228,195,1018,434,228,195,1081.940,575.021,255.000,0,1160.214,528.144,255.000,0,78.2737,-46.8773,0.4529,0.3835,0,1,1,1,1,0,0,有效双星
1787910340.380000,0,5,4,2616,1472746.000432000,5,1018,434,228,195,1018,434,228,195,1074.072,577.894,255.000,0,1153.032,531.127,255.000,0,78.9607,-46.7674,0.6958,0.5845,0,1,1,1,1,0,0,有效双星
1787910340.390000,0,5,5,2617,1472746.010455900,5,1018,434,228,195,1018,434,228,195,1074.887,582.496,255.000,0,1153.263,536.092,255.000,0,78.3759,-46.4032,0.6889,0.3391,0,1,1,1,1,0,0,有效双星
1787910340.400000,0,5,6,2618,1472746.020447000,5,1018,434,228,195,1018,434,228,195,1080.124,584.233,255.000,0,1159.053,538.034,255.000,0,78.9281,-46.1988,0.5888,0.4039,0,1,1,1,1,0,0,有效双星
1787910340.410000,0,5,7,2619,1472746.030460900,5,1018,434,228,195,1018,434,228,195,1085.941,579.642,255.000,0,1164.981,533.125,255.000,0,79.0397,-46.5168,0.3370,0.3612,0,1,1,1,1,0,0,有效双星
1787910340.420000,0,5,8,2620,1472746.040440100,5,1018,434,228,195,1018,434,228,195,1089.141,571.857,255.000,0,1168.114,525.126,255.000,0,78.9736,-46.7309,0.2241,0.3654,0,1,1,1,1,0,0,有效双星
1787910340.430000,0,5,9,2621,1472746.050508700,5,1018,434,228,195,1018,434,228,195,1091.075,565.712,255.000,0,1170.037,519.087,255.000,0,78.9620,-46.6249,0.1067,0.3038,0,1,1,1,1,0,0,有效双星
1787910340.440000,0,5,10,2622,1472746.060432900,5,1018,434,228,195,1018,434,228,195,1092.002,565.338,255.000,0,1170.339,519.083,255.000,0,78.3365,-46.2557,0.7264,0.6633,0,1,1,1,1,0,0,有效双星
1787910340.450000,0,5,11,2623,1472746.070436600,5,1018,434,228,195,1018,434,228,195,1090.922,569.799,255.000,0,1169.269,523.140,255.000,0,78.3463,-46.6591,0.4035,0.6121,0,1,1,1,1,0,0,有效双星
1787910340.460000,0,5,12,2624,1472746.080419400,5,1018,434,228,195,1018,434,228,195,1086.174,574.891,255.000,0,1165.161,528.140,255.000,0,78.9867,-46.7513,0.6470,0.2405,0,1,1,1,1,0,0,有效双星
1787910340.470000,0,5,13,2625,1472746.090426300,5,1018,434,228,195,1018,434,228,195,1080.831,577.770,255.000,0,1159.224,531.152,255.000,0,78.3927,-46.6183,0.6087,0.5582,0,1,1,1,1,0,0,有效双星
1787910340.480000,0,5,14,2626,1472746.100426800,5,1018,434,228,195,1018,434,228,195,1076.988,578.913,255.000,0,1155.385,532.186,255.000,0,78.3967,-46.7268,0.1085,0.3526,0,1,1,1,1,0,0,有效双星
1787910340.490000,0,5,15,2627,1472746.110434000,5,1018,434,228,195,1018,434,228,195,1078.160,579.874,255.000,0,1157.148,533.139,255.000,0,78.9881,-46.7350,0.5914,0.5843,0,1,1,1,1,0,0,有效双星
1787910340.500000,0,5,16,2628,1472746.120438000,5,1018,434,228,195,1018,434,228,195,1084.092,580.241,255.000,0,1163.034,534.043,255.000,0,78.9415,-46.1976,0.5394,0.4994,0,1,1,1,1,0,0,有效双星
1787910340.510000,0,5,17,2629,1472746.130444900,5,1018,434,228,195,1018,434,228,195,1090.098,578.751,255.000,0,1168.418,532.146,255.000,0,78.3195,-46.6048,0.7434,0.3586,0,1,1,1,1,0,0,有效双星
1787910340.520000,0,5,18,2630,1472746.140432800,5,1018,434,228,195,1018,434,228,195,1092.006,573.810,255.000,0,1170.961,527.122,255.000,0,78.9555,-46.6874,0.6413,0.2880,0,1,1,1,1,0,0,有效双星
1787910340.530000,0,5,19,2631,1472746.150496100,5,1018,434,228,195,1018,434,228,195,1089.136,567.908,255.000,0,1168.145,521.146,255.000,0,79.0093,-46.7620,0.0920,0.1679,0,1,1,1,1,0,0,有效双星
1787910340.540000,0,5,20,2632,1472746.160483000,5,1018,434,228,195,1018,434,228,195,1085.076,564.969,255.000,0,1163.430,518.178,255.000,0,78.3546,-46.7901,0.6553,0.6042,0,1,1,1,1,0,0,有效双星
1787910340.550000,0,5,21,2633,1472746.170454800,5,1018,434,228,195,1018,434,228,195,1082.941,567.264,255.000,0,1161.330,521.091,255.000,0,78.3892,-46.1727,0.6184,0.5509,0,1,1,1,1,0,0,有效双星
1787910340.561000,0,5,22,2634,1472746.180467700,5,1018,434,228,195,1018,434,228,195,1083.111,574.537,255.000,0,1162.104,528.065,255.000,0,78.9925,-46.4714,0.6732,0.3581,0,1,1,1,1,0,0,有效双星
1787910340.570000,0,5,23,2635,1472746.190511500,5,1018,434,228,195,1018,434,228,195,1084.958,581.520,255.000,0,1163.295,535.089,255.000,0,78.3366,-46.4305,0.6572,0.6345,0,1,1,1,1,0,0,有效双星
1787910340.580000,0,5,24,2636,1472746.200432400,5,1018,434,228,195,1018,434,228,195,1085.106,583.879,255.000,0,1164.089,537.151,255.000,0,78.9835,-46.7280,0.7120,0.1170,0,1,1,1,1,0,0,有效双星
1787910340.590000,0,5,25,2637,1472746.210463500,5,1018,434,228,195,1018,434,228,195,1084.927,581.284,255.000,0,1163.238,535.070,255.000,0,78.3114,-46.2143,0.8458,0.7446,0,1,1,1,1,0,0,有效双星
1787910340.600000,0,5,26,2638,1472746.220456100,5,1018,434,228,195,1018,434,228,195,1084.149,576.179,255.000,0,1163.079,530.015,255.000,0,78.9295,-46.1637,0.6202,0.4579,0,1,1,1,1,0,0,有效双星
1787910340.610000,0,5,27,2639,1472746.230448800,5,1018,434,228,195,1018,434,228,195,1085.074,571.626,255.000,0,1164.038,525.079,255.000,0,78.9635,-46.5468,0.3846,0.0799,0,1,1,1,1,0,0,有效双星
1787910340.621000,0,5,28,2640,1472746.240513700,5,1018,434,228,195,1018,434,228,195,1086.930,568.978,255.000,0,1165.244,522.156,255.000,0,78.3144,-46.8216,0.7049,0.6525,0,1,1,1,1,0,0,有效双星
1787910340.629000,0,5,29,2641,1472746.250441300,5,1018,434,228,195,1018,434,228,195,1087.035,568.012,255.000,0,1166.047,521.164,255.000,0,79.0121,-46.8479,0.6982,0.4159,0,1,1,1,1,0,0,有效双星
1787910340.640000,0,5,30,2642,1472746.260509700,5,1018,434,228,195,1018,434,228,195,1086.174,569.217,255.000,0,1165.165,523.043,255.000,0,78.9918,-46.1740,0.6742,0.5692,0,1,1,1,1,0,0,有效双星
1787910340.650000,0,5,31,2643,1472746.270443100,5,1018,434,228,195,1018,434,228,195,1085.916,572.558,255.000,0,1164.294,526.102,255.000,0,78.3783,-46.4558,0.6751,0.5865,0,1,1,1,1,0,0,有效双星
1787910340.660000,0,5,32,2644,1472746.280444200,5,1018,434,228,195,1018,434,228,195,1085.909,577.183,255.000,0,1164.305,531.088,255.000,0,78.3963,-46.0946,0.3616,0.7470,0,1,1,1,1,0,0,有效双星
1787910340.670000,0,5,33,2645,1472746.290561500,5,1018,434,228,195,1018,434,228,195,1086.051,581.531,255.000,0,1164.368,535.095,255.000,0,78.3164,-46.4355,0.3501,0.3741,0,1,1,1,1,0,0,有效双星
1787910340.684000,0,5,34,2646,1472746.300441100,5,1018,434,228,195,1018,434,228,195,1085.090,581.611,255.000,0,1163.410,535.114,255.000,0,78.3200,-46.4967,0.0614,0.3434,0,1,1,1,1,0,0,有效双星
1787910340.689000,0,5,35,2647,1472746.310431900,5,1018,434,228,195,1018,434,228,195,1083.129,577.204,255.000,0,1162.075,531.028,255.000,0,78.9457,-46.1767,0.7028,0.4176,0,1,1,1,1,0,0,有效双星
1787910340.700000,0,5,36,2648,1472746.320444900,5,1018,434,228,195,1018,434,228,195,1082.115,571.753,255.000,0,1161.088,525.102,255.000,0,78.9725,-46.6511,0.4751,0.3619,0,1,1,1,1,0,0,有效双星
1787910340.710000,0,5,37,2649,1472746.330458200,5,1018,434,228,195,1018,434,228,195,1083.238,568.287,255.000,0,1162.265,522.079,255.000,0,79.0265,-46.2081,0.4463,0.4565,0,1,1,1,1,0,0,有效双星
1787910340.720000,0,5,38,2650,1472746.340438600,5,1018,434,228,195,1018,434,228,195,1087.002,568.696,255.000,0,1165.391,522.142,255.000,0,78.3883,-46.5540,0.7259,0.5567,0,1,1,1,1,0,0,有效双星
1787910340.730000,0,5,39,2651,1472746.350472900,5,1018,434,228,195,1018,434,228,195,1089.920,571.216,255.000,0,1168.253,524.218,255.000,0,78.3329,-46.9979,0.4474,0.6280,0,1,1,1,1,0,0,有效双星
1787910340.740000,0,5,40,2652,1472746.360454900,5,1018,434,228,195,1018,434,228,195,1089.864,574.072,255.000,0,1168.188,528.034,255.000,0,78.3240,-46.0380,0.9599,0.4311,0,1,1,1,1,0,0,有效双星
1787910340.750000,0,5,41,2653,1472746.370503500,5,1018,434,228,195,1018,434,228,195,1087.072,576.236,255.000,0,1165.362,529.212,255.000,0,78.2904,-47.0237,0.9862,0.5870,0,1,1,1,1,0,0,有效双星
1787910340.760000,0,5,42,2654,1472746.380436700,5,1018,434,228,195,1018,434,228,195,1083.963,577.186,255.000,0,1162.308,530.223,255.000,0,78.3455,-46.9632,0.0818,0.5018,0,1,1,1,1,0,0,有效双星
1787910340.770000,0,5,43,2655,1472746.390614400,5,1018,434,228,195,1018,434,228,195,1081.974,577.562,255.000,0,1160.355,531.117,255.000,0,78.3803,-46.4455,0.5189,0.0309,0,1,1,1,1,0,0,有效双星
1787910340.780000,0,5,44,2656,1472746.400441200,5,1018,434,228,195,1018,434,228,195,1081.980,576.628,255.000,0,1160.349,530.123,255.000,0,78.3690,-46.5048,0.0604,0.0324,0,1,1,1,1,0,0,有效双星
1787910340.790000,0,5,45,2657,1472746.410622400,5,1018,434,228,195,1018,434,228,195,1083.159,574.206,255.000,0,1162.122,528.033,255.000,0,78.9624,-46.1735,0.6796,0.6570,0,1,1,1,1,0,0,有效双星
1787910340.800000,0,5,46,2658,1472746.420626400,5,1018,434,228,195,1018,434,228,195,1085.172,571.658,255.000,0,1164.182,525.098,255.000,0,79.0100,-46.5596,0.3890,0.6312,0,1,1,1,1,0,0,有效双星
1787910340.810000,0,5,47,2659,1472746.430448100,5,1018,434,228,195,1018,434,228,195,1087.241,570.262,255.000,0,1166.221,523.210,255.000,0,78.9804,-47.0527,0.4940,0.8124,0,1,1,1,1,0,0,有效双星
1787910340.820000,0,5,48,2660,1472746.440616800,5,1018,434,228,195,1018,434,228,195,1089.008,570.896,255.000,0,1167.964,524.134,255.000,0,78.9562,-46.7615,0.2922,0.6285,0,1,1,1,1,0,0,有效双星
1787910340.830000,0,5,49,2661,1472746.450433800,5,1018,434,228,195,1018,434,228,195,1089.045,573.073,255.000,0,1167.396,526.207,255.000,0,78.3514,-46.8659,0.6137,0.3675,0,1,1,1,1,0,0,有效双星
1787910340.840000,0,5,50,2662,1472746.460455900,5,1018,434,228,195,1018,434,228,195,1087.141,575.648,255.000,0,1166.047,529.068,255.000,0,78.9055,-46.5799,0.6236,0.5272,0,1,1,1,1,0,0,有效双星
1787910345.231000,0,6,1,3097,1472750.849881700,6,996,468,227,196,996,468,227,196,1072.127,580.347,255.000,0,1151.187,534.100,255.000,0,79.0597,-46.2475,0.7110,0.0323,0,1,1,1,1,0,0,有效双星
1787910345.240000,0,6,2,3098,1472750.859826900,6,996,468,227,196,996,468,227,196,1073.159,580.761,255.000,0,1152.321,534.185,255.000,0,79.1624,-46.5756,0.3438,0.3619,0,1,1,1,1,0,0,有效双星
1787910345.250000,0,6,3,3099,1472750.869881200,6,996,468,227,196,996,468,227,196,1073.923,583.184,255.000,0,1152.326,537.089,255.000,0,78.4038,-46.0952,0.8980,0.6801,0,1,1,1,1,0,0,有效双星
1787910345.259000,0,6,4,3100,1472750.879821200,6,996,468,227,196,996,468,227,196,1072.139,586.017,255.000,0,1151.239,540.065,255.000,0,79.0995,-45.9522,0.7103,0.2571,0,1,1,1,1,0,0,有效双星
1787910345.270000,0,6,5,3101,1472750.889831800,6,996,468,227,196,996,468,227,196,1070.907,587.966,255.000,0,1149.362,542.077,255.000,0,78.4558,-45.8888,0.6468,0.6932,0,1,1,1,1,0,0,有效双星
1787910345.280000,0,6,6,3102,1472750.899825300,6,996,468,227,196,996,468,227,196,1069.930,588.074,255.000,0,1148.352,542.082,255.000,0,78.4213,-45.9920,0.1089,0.6811,0,1,1,1,1,0,0,有效双星
1787910345.290000,0,6,7,3103,1472750.909828600,6,996,468,227,196,996,468,227,196,1069.962,585.961,255.000,0,1149.038,540.041,255.000,0,79.0760,-45.9194,0.6587,0.2804,0,1,1,1,1,0,0,有效双星
1787910345.300000,0,6,8,3104,1472750.919837200,6,996,468,227,196,996,468,227,196,1071.149,583.154,255.000,0,1150.159,537.038,255.000,0,79.0107,-46.1157,0.2069,0.0507,0,1,1,1,1,0,0,有效双星
1787910345.310000,0,6,9,3105,1472750.929833100,6,996,468,227,196,996,468,227,196,1072.849,580.445,255.000,0,1151.934,534.090,255.000,0,79.0845,-46.3550,0.2504,0.2107,0,1,1,1,1,0,0,有效双星
1787910345.320000,0,6,10,3106,1472750.939820900,6,996,468,227,196,996,468,227,196,1073.946,579.780,255.000,0,1152.408,533.182,255.000,0,78.4612,-46.5982,0.6690,0.7170,0,1,1,1,1,0,0,有效双星
1787910345.330000,0,6,11,3107,1472750.949822600,6,996,468,227,196,996,468,227,196,1073.993,581.108,255.000,0,1153.034,535.047,255.000,0,79.0409,-46.0609,0.7904,0.1440,0,1,1,1,1,0,0,有效双星
1787910345.340000,0,6,12,3108,1472750.959834100,6,996,468,227,196,996,468,227,196,1072.900,583.783,255.000,0,1152.017,537.163,255.000,0,79.1169,-46.6196,0.5639,0.4206,0,1,1,1,1,0,0,有效双星
1787910345.350000,0,6,13,3109,1472750.969851900,6,996,468,227,196,996,468,227,196,1071.075,586.735,255.000,0,1150.115,540.130,255.000,0,79.0408,-46.6054,0.0774,0.3930,0,1,1,1,1,0,0,有效双星
1787910345.360000,0,6,14,3110,1472750.979834400,6,996,468,227,196,996,468,227,196,1069.834,587.697,255.000,0,1148.325,541.186,255.000,0,78.4913,-46.5111,0.5575,0.5986,0,1,1,1,1,0,0,有效双星
1787910345.371000,0,6,15,3111,1472750.990217800,6,996,468,227,196,996,468,227,196,1069.123,587.514,255.000,0,1148.175,541.098,255.000,0,79.0518,-46.4163,0.5685,0.0656,0,1,1,1,1,0,0,有效双星
1787910345.380000,0,6,16,3112,1472750.999834900,6,996,468,227,196,996,468,227,196,1070.121,585.884,255.000,0,1149.186,539.165,255.000,0,79.0655,-46.7187,0.3027,0.3685,0,1,1,1,1,0,0,有效双星
1787910345.390000,0,6,17,3113,1472751.009825500,6,996,468,227,196,996,468,227,196,1072.025,583.941,255.000,0,1151.087,538.021,255.000,0,79.0628,-45.9194,0.7993,0.4663,0,1,1,1,1,0,0,有效双星
1787910345.400000,0,6,18,3114,1472751.021773600,6,996,468,227,196,996,468,227,196,1073.126,582.756,255.000,0,1152.219,536.148,255.000,0,79.0934,-46.6077,0.6890,0.3088,0,1,1,1,1,0,0,有效双星
1787910345.410000,0,6,19,3115,1472751.029830500,6,996,468,227,196,996,468,227,196,1073.111,582.769,255.000,0,1152.239,536.168,255.000,0,79.1274,-46.6016,0.0345,0.2275,0,1,1,1,1,0,0,有效双星
1787910345.420000,0,6,20,3116,1472751.039900800,6,996,468,227,196,996,468,227,196,1072.223,584.265,255.000,0,1151.282,538.090,255.000,0,79.0585,-46.1756,0.4315,0.2101,0,1,1,1,1,0,0,有效双星
1787910345.430000,0,6,21,3117,1472751.049820800,6,996,468,227,196,996,468,227,196,1071.169,585.947,255.000,0,1150.251,539.185,255.000,0,79.0823,-46.7618,0.5867,0.4611,0,1,1,1,1,0,0,有效双星
1787910345.440000,0,6,22,3118,1472751.059848000,6,996,468,227,196,996,468,227,196,1070.881,586.493,255.000,0,1149.341,540.133,255.000,0,78.4601,-46.3601,0.7406,0.6012,0,1,1,1,1,0,0,有效双星
1787910345.450000,0,6,23,3119,1472751.069824600,6,996,468,227,196,996,468,227,196,1070.110,584.982,255.000,0,1149.212,538.194,255.000,0,79.1013,-46.7881,0.7710,0.4330,0,1,1,1,1,0,0,有效双星
1787910345.460000,0,6,24,3120,1472751.079831000,6,996,468,227,196,996,468,227,196,1070.954,582.291,255.000,0,1149.366,536.106,255.000,0,78.4122,-46.1847,0.9159,0.6796,0,1,1,1,1,0,0,有效双星
1787910345.470000,0,6,25,3121,1472751.089950000,6,996,468,227,196,996,468,227,196,1072.008,580.080,255.000,0,1151.054,534.041,255.000,0,79.0459,-46.0397,0.6501,0.3487,0,1,1,1,1,0,0,有效双星
1787910345.479000,0,6,26,3122,1472751.099846500,6,996,468,227,196,996,468,227,196,1073.187,580.077,255.000,0,1152.293,534.066,255.000,0,79.1057,-46.0114,0.0661,0.3802,0,1,1,1,1,0,0,有效双星
1787910345.490000,0,6,27,3123,1472751.109848100,6,996,468,227,196,996,468,227,196,1074.111,582.136,255.000,0,1153.144,536.041,255.000,0,79.0331,-46.0956,0.1112,0.2939,0,1,1,1,1,0,0,有效双星
1787910345.500000,0,6,28,3124,1472751.119846000,6,996,468,227,196,996,468,227,196,1072.998,584.555,255.000,0,1152.126,538.127,255.000,0,79.1281,-46.4277,0.3454,0.0829,0,1,1,1,1,0,0,有效双星
1787910345.510000,0,6,29,3125,1472751.129843100,6,996,468,227,196,996,468,227,196,1070.976,586.353,255.000,0,1149.392,540.130,255.000,0,78.4164,-46.2231,0.7405,0.6743,0,1,1,1,1,0,0,有效双星
1787910345.520000,0,6,30,3126,1472751.139953700,6,996,468,227,196,996,468,227,196,1068.155,586.765,255.000,0,1147.273,540.164,255.000,0,79.1179,-46.6004,0.7966,0.1892,0,1,1,1,1,0,0,有效双星
1787910345.530000,0,6,31,3127,1472751.149864400,6,996,468,227,196,996,468,227,196,1067.930,585.790,255.000,0,1146.400,539.186,255.000,0,78.4699,-46.6036,0.6480,0.6181,0,1,1,1,1,0,0,有效双星
1787910345.541000,0,6,32,3128,1472751.159850400,6,996,468,227,196,996,468,227,196,1069.111,584.145,255.000,0,1148.140,538.042,255.000,0,79.0293,-46.1029,0.7508,0.3678,0,1,1,1,1,0,0,有效双星
1787910345.550000,0,6,33,3129,1472751.169851500,6,996,468,227,196,996,468,227,196,1071.068,582.589,255.000,0,1150.156,536.111,255.000,0,79.0873,-46.4774,0.3789,0.0640,0,1,1,1,1,0,0,有效双星
1787910345.561000,0,6,34,3130,1472751.179865100,6,996,468,227,196,996,468,227,196,1072.127,582.198,255.000,0,1151.126,536.043,255.000,0,78.9990,-46.1551,0.3341,0.2739,0,1,1,1,1,0,0,有效双星
1787910345.570000,0,6,35,3131,1472751.189844400,6,996,468,227,196,996,468,227,196,1071.188,583.616,255.000,0,1150.301,537.132,255.000,0,79.1129,-46.4845,0.3485,0.1095,0,1,1,1,1,0,0,有效双星
1787910345.580000,0,6,36,3132,1472751.199855700,6,996,468,227,196,996,468,227,196,1070.097,586.911,255.000,0,1149.187,540.176,255.000,0,79.0903,-46.7355,0.2521,0.3426,0,1,1,1,1,0,0,有效双星
1787910345.590000,0,6,37,3133,1472751.209825700,6,996,468,227,196,996,468,227,196,1069.143,590.549,255.000,0,1148.231,544.112,255.000,0,79.0879,-46.4370,0.2986,0.0457,0,1,1,1,1,0,0,有效双星
1787910345.600000,0,6,38,3134,1472751.219847700,6,996,468,227,196,996,468,227,196,1069.098,591.264,255.000,0,1148.165,545.092,255.000,0,79.0668,-46.1723,0.2655,0.2606,0,1,1,1,1,0,0,有效双星
1787910345.610000,0,6,39,3135,1472751.229826600,6,996,468,227,196,996,468,227,196,1069.862,588.569,255.000,0,1148.323,542.136,255.000,0,78.4601,-46.4335,0.6605,0.6157,0,1,1,1,1,0,0,有效双星
1787910345.623000,0,6,40,3136,1472751.239832800,6,996,468,227,196,996,468,227,196,1070.107,583.575,255.000,0,1149.220,537.116,255.000,0,79.1128,-46.4597,0.6531,0.0827,0,1,1,1,1,0,0,有效双星
1787910345.630000,0,6,41,3137,1472751.249842700,6,996,468,227,196,996,468,227,196,1071.190,579.197,255.000,0,1150.300,533.094,255.000,0,79.1097,-46.1037,0.3561,0.3288,0,1,1,1,1,0,0,有效双星
1787910345.640000,0,6,42,3138,1472751.260811300,6,996,468,227,196,996,468,227,196,1073.852,578.226,255.000,0,1152.262,532.077,255.000,0,78.4097,-46.1492,0.7015,0.7108,0,1,1,1,1,0,0,有效双星
1787910345.650000,0,6,43,3139,1472751.269854600,6,996,468,227,196,996,468,227,196,1075.002,580.255,255.000,0,1154.112,534.093,255.000,0,79.1102,-46.1619,0.7006,0.1668,0,1,1,1,1,0,0,有效双星
1787910345.660000,0,6,44,3140,1472751.279833400,6,996,468,227,196,996,468,227,196,1075.122,584.043,255.000,0,1154.155,537.172,255.000,0,79.0334,-46.8710,0.7132,0.6685,0,1,1,1,1,0,0,有效双星
1787910345.670000,0,6,45,3141,1472751.289848800,6,996,468,227,196,996,468,227,196,1073.161,586.711,255.000,0,1152.222,540.130,255.000,0,79.0608,-46.5801,0.2922,0.2552,0,1,1,1,1,0,0,有效双星
1787910345.683000,0,6,46,3142,1472751.299850400,6,996,468,227,196,996,468,227,196,1070.158,587.767,255.000,0,1149.294,541.173,255.000,0,79.1358,-46.5941,0.0763,0.1738,0,1,1,1,1,0,0,有效双星
1787910345.690000,0,6,47,3143,1472751.309848900,6,996,468,227,196,996,468,227,196,1068.915,588.251,255.000,0,1147.302,542.087,255.000,0,78.3866,-46.1641,0.8639,0.7418,0,1,1,1,1,0,0,有效双星
1787910345.700000,0,6,48,3144,1472751.319848300,6,996,468,227,196,996,468,227,196,1068.865,587.788,255.000,0,1147.373,541.204,255.000,0,78.5086,-46.5837,0.4370,0.5875,0,1,1,1,1,0,0,有效双星
1787910345.710000,0,6,49,3145,1472751.329864500,6,996,468,227,196,996,468,227,196,1070.948,586.278,255.000,0,1149.365,540.106,255.000,0,78.4179,-46.1715,0.4221,0.7027,0,1,1,1,1,0,0,有效双星
1787910345.720000,0,6,50,3146,1472751.339838700,6,996,468,227,196,996,468,227,196,1073.031,582.873,255.000,0,1152.119,536.157,255.000,0,79.0880,-46.7161,0.8636,0.2689,0,1,1,1,1,0,0,有效双星
1787910346.243000,0,7,1,3195,1472751.861178400,7,1038,536,227,195,1038,536,227,195,1162.077,615.697,255.000,0,1241.160,569.115,255.000,0,79.0833,-46.5820,0.9223,0.1302,0,1,1,1,1,0,0,有效双星
1787910346.252000,0,7,2,3196,1472751.871109300,7,1038,536,227,195,1038,536,227,195,1159.962,620.523,255.000,0,1239.107,574.111,255.000,0,79.1445,-46.4115,0.1811,0.0882,0,1,1,1,1,0,0,有效双星
1787910346.260000,0,7,3,3197,1472751.881072100,7,1038,536,227,195,1038,536,227,195,1151.108,630.156,255.000,0,1230.174,584.057,255.000,0,79.0659,-46.0990,0.3223,0.3581,0,1,1,1,1,0,0,有效双星
1787910346.270000,0,7,4,3198,1472751.891069300,7,1038,536,227,195,1038,536,227,195,1138.994,639.986,255.000,0,1218.090,594.033,255.000,0,79.0954,-45.9534,0.1485,0.5043,0,1,1,1,1,0,0,有效双星
1787910346.280000,0,7,5,3199,1472751.901081100,7,1038,536,227,195,1038,536,227,195,1128.145,647.164,255.000,0,1207.208,601.062,255.000,0,79.0625,-46.1016,0.1517,0.3496,0,1,1,1,1,0,0,有效双星
1787910346.290000,0,7,6,3200,1472751.911074800,7,1038,536,227,195,1038,536,227,195,1121.075,649.832,255.000,0,1200.126,603.141,255.000,0,79.0507,-46.6908,0.5894,0.2557,0,1,1,1,1,0,0,有效双星
1787910346.302000,0,7,7,3201,1472751.921084200,7,1038,536,227,195,1038,536,227,195,1121.902,648.037,255.000,0,1200.387,602.093,255.000,0,78.4851,-45.9432,0.9374,0.7617,0,1,1,1,1,0,0,有效双星
1787910346.310000,0,7,8,3202,1472751.931098100,7,1038,536,227,195,1038,536,227,195,1126.937,644.681,255.000,0,1205.354,598.135,255.000,0,78.4175,-46.5452,0.6057,0.6613,0,1,1,1,1,0,0,有效双星
1787910346.322000,0,7,9,3203,1472751.941068500,7,1038,536,227,195,1038,536,227,195,1136.894,638.923,255.000,0,1215.371,592.201,255.000,0,78.4762,-46.7216,0.1859,0.6623,0,1,1,1,1,0,0,有效双星
1787910346.330000,0,7,10,3204,1472751.951126100,7,1038,536,227,195,1038,536,227,195,1144.115,633.170,255.000,0,1223.195,587.063,255.000,0,79.0795,-46.1070,0.8611,0.3106,0,1,1,1,1,0,0,有效双星
1787910346.340000,0,7,11,3205,1472751.961064700,7,1038,536,227,195,1038,536,227,195,1146.951,628.698,255.000,0,1226.012,582.113,255.000,0,79.0606,-46.5849,0.4783,0.2514,0,1,1,1,1,0,0,有效双星
1787910346.350000,0,7,12,3206,1472751.971078400,7,1038,536,227,195,1038,536,227,195,1143.124,627.231,255.000,0,1222.273,581.095,255.000,0,79.1482,-46.1357,0.4576,0.2940,0,1,1,1,1,0,0,有效双星
1787910346.360000,0,7,13,3207,1472751.981064400,7,1038,536,227,195,1038,536,227,195,1137.075,630.671,255.000,0,1216.159,584.107,255.000,0,79.0842,-46.5647,0.4337,0.1493,0,1,1,1,1,0,0,有效双星
1787910346.371000,0,7,14,3208,1472751.991336100,7,1038,536,227,195,1038,536,227,195,1131.910,637.160,255.000,0,1210.372,591.091,255.000,0,78.4624,-46.0685,0.7956,0.7088,0,1,1,1,1,0,0,有效双星
1787910346.382000,0,7,15,3209,1472752.001078900,7,1038,536,227,195,1038,536,227,195,1128.815,644.432,255.000,0,1207.298,598.111,255.000,0,78.4828,-46.3205,0.2528,0.5917,0,1,1,1,1,0,0,有效双星
1787910346.390000,0,7,16,3210,1472752.011073200,7,1038,536,227,195,1038,536,227,195,1128.845,648.636,255.000,0,1207.269,602.121,255.000,0,78.4247,-46.5149,0.2029,0.6540,0,1,1,1,1,0,0,有效双星
1787910346.400000,0,7,17,3211,1472752.021076800,7,1038,536,227,195,1038,536,227,195,1131.012,647.906,255.000,0,1210.095,601.162,255.000,0,79.0828,-46.7445,0.6969,0.3795,0,1,1,1,1,0,0,有效双星
1787910346.410000,0,7,18,3212,1472752.031075500,7,1038,536,227,195,1038,536,227,195,1134.989,643.563,255.000,0,1214.043,597.091,255.000,0,79.0536,-46.4725,0.2735,0.1066,0,1,1,1,1,0,0,有效双星
1787910346.420000,0,7,19,3213,1472752.041093900,7,1038,536,227,195,1038,536,227,195,1138.984,637.320,255.000,0,1217.994,591.064,255.000,0,79.0099,-46.2565,0.2204,0.1192,0,1,1,1,1,0,0,有效双星
1787910346.432000,0,7,20,3214,1472752.051075300,7,1038,536,227,195,1038,536,227,195,1140.996,631.884,255.000,0,1220.123,585.165,255.000,0,79.1265,-46.7195,0.4774,0.3602,0,1,1,1,1,0,0,有效双星
1787910346.441000,0,7,21,3215,1472752.061089500,7,1038,536,227,195,1038,536,227,195,1140.875,629.063,255.000,0,1219.353,582.206,255.000,0,78.4778,-46.8572,0.6632,0.7164,0,1,1,1,1,0,0,有效双星
1787910346.450000,0,7,22,3216,1472752.071074000,7,1038,536,227,195,1038,536,227,195,1137.955,629.677,255.000,0,1217.080,583.121,255.000,0,79.1252,-46.5561,0.7140,0.1328,0,1,1,1,1,0,0,有效双星
1787910346.460000,0,7,23,3217,1472752.081073800,7,1038,536,227,195,1038,536,227,195,1134.921,633.863,255.000,0,1213.983,587.133,255.000,0,79.0621,-46.7294,0.1844,0.2357,0,1,1,1,1,0,0,有效双星
1787910346.470000,0,7,24,3218,1472752.091071600,7,1038,536,227,195,1038,536,227,195,1133.018,640.151,255.000,0,1212.028,594.028,255.000,0,79.0097,-46.1229,0.6087,0.4099,0,1,1,1,1,0,0,有效双星
1787910346.482000,0,7,25,3219,1472752.101096800,7,1038,536,227,195,1038,536,227,195,1132.925,645.871,255.000,0,1211.970,599.146,255.000,0,79.0447,-46.7249,0.6030,0.1950,0,1,1,1,1,0,0,有效双星
1787910346.490000,0,7,26,3220,1472752.111074500,7,1038,536,227,195,1038,536,227,195,1133.985,648.369,255.000,0,1212.404,602.115,255.000,0,78.4187,-46.2542,0.7833,0.6954,0,1,1,1,1,0,0,有效双星
1787910346.500000,0,7,27,3221,1472752.121079600,7,1038,536,227,195,1038,536,227,195,1135.026,646.184,255.000,0,1214.077,600.048,255.000,0,79.0511,-46.1360,0.6434,0.3948,0,1,1,1,1,0,0,有效双星
1787910346.510000,0,7,28,3222,1472752.131099700,7,1038,536,227,195,1038,536,227,195,1135.958,640.657,255.000,0,1214.997,594.100,255.000,0,79.0392,-46.5573,0.4214,0.0286,0,1,1,1,1,0,0,有效双星
1787910346.522000,0,7,29,3223,1472752.141137200,7,1038,536,227,195,1038,536,227,195,1136.151,634.162,255.000,0,1215.271,587.210,255.000,0,79.1202,-46.9519,0.4029,0.4226,0,1,1,1,1,0,0,有效双星
1787910346.530000,0,7,30,3224,1472752.151112000,7,1038,536,227,195,1038,536,227,195,1136.995,630.155,255.000,0,1216.051,584.031,255.000,0,79.0557,-46.1243,0.8301,0.4112,0,1,1,1,1,0,0,有效双星
1787910346.541000,0,7,31,3225,1472752.161093300,7,1038,536,227,195,1038,536,227,195,1137.216,630.101,255.000,0,1216.314,583.190,255.000,0,79.0985,-46.9103,0.7871,0.3776,0,1,1,1,1,0,0,有效双星
1787910346.550000,0,7,32,3226,1472752.171137100,7,1038,536,227,195,1038,536,227,195,1137.881,633.624,255.000,0,1216.393,587.153,255.000,0,78.5121,-46.4714,0.7324,0.5440,0,1,1,1,1,0,0,有效双星
1787910346.560000,0,7,33,3227,1472752.181103800,7,1038,536,227,195,1038,536,227,195,1137.174,639.332,255.000,0,1216.202,592.210,255.000,0,79.0276,-47.1224,0.8304,0.5873,0,1,1,1,1,0,0,有效双星
1787910346.570000,0,7,34,3228,1472752.191074100,7,1038,536,227,195,1038,536,227,195,1136.083,644.209,255.000,0,1215.141,598.055,255.000,0,79.0577,-46.1542,0.9687,0.3816,0,1,1,1,1,0,0,有效双星
1787910346.581000,0,7,35,3229,1472752.201045500,7,1038,536,227,195,1038,536,227,195,1134.944,646.737,255.000,0,1213.374,600.146,255.000,0,78.4297,-46.5914,0.7652,0.6207,0,1,1,1,1,0,0,有效双星
1787910346.590000,0,7,36,3230,1472752.211077200,7,1038,536,227,195,1038,536,227,195,1133.885,645.343,255.000,0,1212.316,599.108,255.000,0,78.4317,-46.2351,0.3564,0.6951,0,1,1,1,1,0,0,有效双星
1787910346.601000,0,7,37,3231,1472752.221071900,7,1038,536,227,195,1038,536,227,195,1133.045,641.129,255.000,0,1212.118,595.045,255.000,0,79.0729,-46.0845,0.6586,0.4728,0,1,1,1,1,0,0,有效双星
1787910346.610000,0,7,38,3232,1472752.231071100,7,1038,536,227,195,1038,536,227,195,1133.919,635.851,255.000,0,1212.975,589.130,255.000,0,79.0559,-46.7208,0.6365,0.2066,0,1,1,1,1,0,0,有效双星
1787910346.622000,0,7,39,3233,1472752.241087900,7,1038,536,227,195,1038,536,227,195,1135.864,631.957,255.000,0,1214.343,585.184,255.000,0,78.4793,-46.7734,0.5790,0.6085,0,1,1,1,1,0,0,有效双星
1787910346.630000,0,7,40,3234,1472752.251077700,7,1038,536,227,195,1038,536,227,195,1138.058,631.288,255.000,0,1217.141,585.069,255.000,0,79.0836,-46.2193,0.8199,0.3568,0,1,1,1,1,0,0,有效双星
1787910346.640000,0,7,41,3235,1472752.261074300,7,1038,536,227,195,1038,536,227,195,1140.062,634.177,255.000,0,1219.108,588.034,255.000,0,79.0460,-46.1425,0.0855,0.4142,0,1,1,1,1,0,0,有效双星
1787910346.650000,0,7,42,3236,1472752.271084100,7,1038,536,227,195,1038,536,227,195,1140.038,638.623,255.000,0,1219.112,592.099,255.000,0,79.0736,-46.5241,0.3826,0.0271,0,1,1,1,1,0,0,有效双星
1787910346.660000,0,7,43,3237,1472752.281097500,7,1038,536,227,195,1038,536,227,195,1137.907,642.058,255.000,0,1216.368,595.209,255.000,0,78.4615,-46.8495,0.6932,0.6844,0,1,1,1,1,0,0,有效双星
1787910346.670000,0,7,44,3238,1472752.291104500,7,1038,536,227,195,1038,536,227,195,1134.065,643.522,255.000,0,1213.090,597.060,255.000,0,79.0252,-46.4626,0.6837,0.0405,0,1,1,1,1,0,0,有效双星
1787910346.684000,0,7,45,3239,1472752.301099000,7,1038,536,227,195,1038,536,227,195,1131.062,642.180,255.000,0,1210.162,595.201,255.000,0,79.1006,-46.9784,0.5213,0.4839,0,1,1,1,1,0,0,有效双星
1787910346.690000,0,7,46,3240,1472752.311118000,7,1038,536,227,195,1038,536,227,195,1131.038,640.139,255.000,0,1210.042,593.161,255.000,0,79.0043,-46.9777,0.0962,0.4820,0,1,1,1,1,0,0,有效双星
1787910346.700000,0,7,47,3241,1472752.321082200,7,1038,536,227,195,1038,536,227,195,1133.155,637.751,255.000,0,1212.250,591.126,255.000,0,79.0955,-46.6245,0.3647,0.0961,0,1,1,1,1,0,0,有效双星
1787910346.711000,0,7,48,3242,1472752.331085600,7,1038,536,227,195,1038,536,227,195,1137.029,635.738,255.000,0,1216.117,589.124,255.000,0,79.0874,-46.6143,0.0130,0.0542,0,1,1,1,1,0,0,有效双星
1787910346.720000,0,7,49,3243,1472752.341090600,7,1038,536,227,195,1038,536,227,195,1139.985,634.726,255.000,0,1219.045,588.104,255.000,0,79.0604,-46.6224,0.0282,0.0201,0,1,1,1,1,0,0,有效双星
1787910346.732000,0,7,50,3244,1472752.351084500,7,1038,536,227,195,1038,536,227,195,1140.849,634.792,255.000,0,1219.355,588.172,255.000,0,78.5065,-46.6194,0.5540,0.5496,0,1,1,1,1,0,0,有效双星
1787910352.080000,0,8,1,3775,1472757.700075400,8,1076,542,228,196,1076,542,228,196,1134.197,685.301,255.000,0,1213.244,639.080,255.000,0,79.0475,-46.2211,0.7671,0.4317,0,1,1,1,1,0,0,有效双星
1787910352.090000,0,8,2,3776,1472757.710061800,8,1076,542,228,196,1076,542,228,196,1136.858,687.025,255.000,0,1215.355,641.084,255.000,0,78.4967,-45.9406,0.6181,0.6970,0,1,1,1,1,0,0,有效双星
1787910352.100000,0,8,3,3777,1472757.720055300,8,1076,542,228,196,1076,542,228,196,1144.163,686.833,255.000,0,1223.152,640.115,255.000,0,78.9893,-46.7186,0.9209,0.3607,0,1,1,1,1,0,0,有效双星
1787910352.110000,0,8,4,3778,1472757.730065000,8,1076,542,228,196,1076,542,228,196,1154.919,684.209,255.000,0,1233.340,638.102,255.000,0,78.4214,-46.1074,0.8344,0.6406,0,1,1,1,1,0,0,有效双星
1787910352.120000,0,8,5,3779,1472757.740415100,8,1076,542,228,196,1076,542,228,196,1165.854,683.230,255.000,0,1244.286,637.099,255.000,0,78.4322,-46.1304,0.0254,0.4505,0,1,1,1,1,0,0,有效双星
1787910352.129000,0,8,6,3780,1472757.750060800,8,1076,542,228,196,1076,542,228,196,1173.145,686.038,255.000,0,1252.204,639.164,255.000,0,79.0596,-46.8736,0.9726,0.7048,0,1,1,1,1,0,0,有效双星
1787910352.140000,0,8,7,3781,1472757.760059200,8,1076,542,228,196,1076,542,228,196,1174.914,690.957,255.000,0,1253.401,644.203,255.000,0,78.4870,-46.7530,0.5851,0.2824,0,1,1,1,1,0,0,有效双星
1787910352.150000,0,8,8,3782,1472757.770068500,8,1076,542,228,196,1076,542,228,196,1169.987,696.694,255.000,0,1248.390,650.132,255.000,0,78.4026,-46.5625,0.2084,0.1035,0,1,1,1,1,0,0,有效双星
1787910352.160000,0,8,9,3783,1472757.780069300,8,1076,542,228,196,1076,542,228,196,1161.117,700.818,255.000,0,1240.203,654.140,255.000,0,79.0862,-46.6776,0.6933,0.6096,0,1,1,1,1,0,0,有效双星
1787910352.169000,0,8,10,3784,1472757.790083600,8,1076,542,228,196,1076,542,228,196,1154.003,703.038,255.000,0,1233.043,656.162,255.000,0,79.0407,-46.8758,0.2033,0.6344,0,1,1,1,1,0,0,有效双星
1787910352.180000,0,8,11,3785,1472757.800083000,8,1076,542,228,196,1076,542,228,196,1151.195,702.945,255.000,0,1230.232,656.152,255.000,0,79.0377,-46.7924,0.0834,0.5682,0,1,1,1,1,0,0,有效双星
1787910352.190000,0,8,12,3786,1472757.811331100,8,1076,542,228,196,1076,542,228,196,1154.905,699.593,255.000,0,1233.999,653.111,255.000,0,79.0942,-46.4825,0.3151,0.6155,0,1,1,1,1,0,0,有效双星
1787910352.202000,0,8,13,3787,1472757.823247200,8,1076,542,228,196,1076,542,228,196,1162.875,694.591,255.000,0,1241.289,648.106,255.000,0,78.4136,-46.4842,0.6805,0.3574,0,1,1,1,1,0,0,有效双星
1787910352.210000,0,8,14,3788,1472757.830051900,8,1076,542,228,196,1076,542,228,196,1170.204,689.277,255.000,0,1249.271,643.078,255.000,0,79.0667,-46.1993,0.7125,0.5242,0,1,1,1,1,0,0,有效双星
1787910352.220000,0,8,15,3789,1472757.840546300,8,1076,542,228,196,1076,542,228,196,1175.047,687.270,255.000,0,1254.097,641.066,255.000,0,79.0506,-46.2034,0.0167,0.4079,0,1,1,1,1,0,0,有效双星
1787910352.230000,0,8,16,3790,1472757.850093700,8,1076,542,228,196,1076,542,228,196,1175.015,690.544,255.000,0,1254.019,644.065,255.000,0,79.0045,-46.4796,0.2800,0.0846,0,1,1,1,1,0,0,有效双星
1787910352.239000,0,8,17,3791,1472757.860070100,8,1076,542,228,196,1076,542,228,196,1171.097,696.842,255.000,0,1250.211,650.164,255.000,0,79.1132,-46.6772,0.2255,0.2090,0,1,1,1,1,0,0,有效双星
1787910352.249000,0,8,18,3792,1472757.870128300,8,1076,542,228,196,1076,542,228,196,1167.002,703.288,255.000,0,1245.387,657.100,255.000,0,78.3854,-46.1875,0.8772,0.6977,0,1,1,1,1,0,0,有效双星
1787910352.260000,0,8,19,3793,1472757.880078200,8,1076,542,228,196,1076,542,228,196,1163.955,705.582,255.000,0,1242.987,659.097,255.000,0,79.0323,-46.4850,0.7121,0.0354,0,1,1,1,1,0,0,有效双星
1787910352.270000,0,8,20,3794,1472757.890090600,8,1076,542,228,196,1076,542,228,196,1164.194,702.377,255.000,0,1243.234,656.092,255.000,0,79.0403,-46.2857,0.1995,0.2002,0,1,1,1,1,0,0,有效双星
1787910352.280000,0,8,21,3795,1472757.900105300,8,1076,542,228,196,1076,542,228,196,1169.102,695.201,255.000,0,1248.161,649.058,255.000,0,79.0592,-46.1431,0.1438,0.3411,0,1,1,1,1,0,0,有效双星
1787910352.290000,0,8,22,3796,1472757.910057500,8,1076,542,228,196,1076,542,228,196,1177.038,687.258,255.000,0,1256.113,641.073,255.000,0,79.0752,-46.1853,0.0451,0.3008,0,1,1,1,1,0,0,有效双星
1787910352.300000,0,8,23,3797,1472757.920069700,8,1076,542,228,196,1076,542,228,196,1184.892,681.338,255.000,0,1263.345,635.115,255.000,0,78.4527,-46.2229,0.6237,0.6416,0,1,1,1,1,0,0,有效双星
1787910352.310000,0,8,24,3798,1472757.930115100,8,1076,542,228,196,1076,542,228,196,1188.837,678.718,255.000,0,1267.354,632.167,255.000,0,78.5167,-46.5510,0.3343,0.5269,0,1,1,1,1,0,0,有效双星
1787910352.320000,0,8,25,3799,1472757.940054500,8,1076,542,228,196,1076,542,228,196,1188.118,680.154,255.000,0,1267.159,633.174,255.000,0,79.0407,-46.9804,0.6775,0.4970,0,1,1,1,1,0,0,有效双星
1787910352.330000,0,8,26,3800,1472757.950054700,8,1076,542,228,196,1076,542,228,196,1184.102,685.066,255.000,0,1263.160,638.172,255.000,0,79.0583,-46.8942,0.0879,0.4100,0,1,1,1,1,0,0,有效双星
1787910352.340000,0,8,27,3801,1472757.960101500,8,1076,542,228,196,1076,542,228,196,1179.101,692.113,255.000,0,1258.134,646.040,255.000,0,79.0326,-46.0735,0.8211,0.4112,0,1,1,1,1,0,0,有效双星
1787910352.350000,0,8,28,3802,1472757.970061000,8,1076,542,228,196,1076,542,228,196,1175.111,698.162,255.000,0,1254.102,652.039,255.000,0,78.9912,-46.1225,0.0641,0.3642,0,1,1,1,1,0,0,有效双星
1787910352.359000,0,8,29,3803,1472757.980056600,8,1076,542,228,196,1076,542,228,196,1171.889,699.286,255.000,0,1250.357,653.128,255.000,0,78.4674,-46.1585,0.5250,0.6576,0,1,1,1,1,0,0,有效双星
1787910352.371000,0,8,30,3804,1472757.990684800,8,1076,542,228,196,1076,542,228,196,1171.007,695.884,255.000,0,1250.074,649.148,255.000,0,79.0677,-46.7363,0.8332,0.3548,0,1,1,1,1,0,0,有效双星
1787910352.380000,0,8,31,3805,1472758.000064100,8,1076,542,228,196,1076,542,228,196,1172.936,689.659,255.000,0,1251.977,643.094,255.000,0,79.0411,-46.5643,0.1740,0.1817,0,1,1,1,1,0,0,有效双星
1787910352.390000,0,8,32,3806,1472758.010125400,8,1076,542,228,196,1076,542,228,196,1177.026,683.965,255.000,0,1256.135,638.032,255.000,0,79.1089,-45.9337,0.6342,0.4541,0,1,1,1,1,0,0,有效双星
1787910352.400000,0,8,33,3807,1472758.020056100,8,1076,542,228,196,1076,542,228,196,1181.930,681.596,255.000,0,1260.389,635.131,255.000,0,78.4582,-46.4654,0.8403,0.6194,0,1,1,1,1,0,0,有效双星
1787910352.410000,0,8,34,3808,1472758.030089100,8,1076,542,228,196,1076,542,228,196,1184.811,681.977,255.000,0,1263.246,635.175,255.000,0,78.4352,-46.8022,0.3377,0.8165,0,1,1,1,1,0,0,有效双星
1787910352.420000,0,8,35,3809,1472758.040110700,8,1076,542,228,196,1076,542,228,196,1183.176,684.347,255.000,0,1262.250,638.092,255.000,0,79.0741,-46.2549,0.8413,0.1264,0,1,1,1,1,0,0,有效双星
1787910352.429000,0,8,36,3810,1472758.050087000,8,1076,542,228,196,1076,542,228,196,1179.051,687.918,255.000,0,1258.024,641.118,255.000,0,78.9726,-46.8002,0.5547,0.4295,0,1,1,1,1,0,0,有效双星
1787910352.440000,0,8,37,3811,1472758.060073400,8,1076,542,228,196,1076,542,228,196,1173.993,691.169,255.000,0,1252.992,645.034,255.000,0,78.9996,-46.1345,0.6663,0.2438,0,1,1,1,1,0,0,有效双星
1787910352.450000,0,8,38,3812,1472758.070056900,8,1076,542,228,196,1076,542,228,196,1171.077,694.133,255.000,0,1250.137,648.049,255.000,0,79.0594,-46.0841,0.0782,0.1881,0,1,1,1,1,0,0,有效双星
1787910352.460000,0,8,39,3813,1472758.080072900,8,1076,542,228,196,1076,542,228,196,1171.974,695.584,255.000,0,1250.990,649.084,255.000,0,79.0166,-46.5000,0.4181,0.2306,0,1,1,1,1,0,0,有效双星
1787910352.470000,0,8,40,3814,1472758.090062500,8,1076,542,228,196,1076,542,228,196,1174.882,693.766,255.000,0,1253.404,647.198,255.000,0,78.5224,-46.5680,0.4988,0.5940,0,1,1,1,1,0,0,有效双星
1787910352.480000,0,8,41,3815,1472758.100067800,8,1076,542,228,196,1076,542,228,196,1178.054,689.851,255.000,0,1257.126,643.143,255.000,0,79.0717,-46.7087,0.5670,0.3518,0,1,1,1,1,0,0,有效双星
1787910352.490000,0,8,42,3816,1472758.110055800,8,1076,542,228,196,1076,542,228,196,1180.176,684.864,255.000,0,1259.289,638.164,255.000,0,79.1128,-46.7002,0.0420,0.2347,0,1,1,1,1,0,0,有效双星
1787910352.500000,0,8,43,3817,1472758.120066300,8,1076,542,228,196,1076,542,228,196,1181.090,681.683,255.000,0,1260.198,635.124,255.000,0,79.1073,-46.5585,0.1418,0.0890,0,1,1,1,1,0,0,有效双星
1787910352.510000,0,8,44,3818,1472758.130091400,8,1076,542,228,196,1076,542,228,196,1180.952,681.928,255.000,0,1259.372,635.176,255.000,0,78.4203,-46.7521,0.7137,0.6472,0,1,1,1,1,0,0,有效双星
1787910352.520000,0,8,45,3819,1472758.140073100,8,1076,542,228,196,1076,542,228,196,1179.058,685.125,255.000,0,1258.128,639.049,255.000,0,79.0703,-46.0767,0.9373,0.4858,0,1,1,1,1,0,0,有效双星
1787910352.530000,0,8,46,3820,1472758.150073300,8,1076,542,228,196,1076,542,228,196,1177.045,689.887,255.000,0,1256.054,643.127,255.000,0,79.0087,-46.7602,0.6862,0.2326,0,1,1,1,1,0,0,有效双星
1787910352.541000,0,8,47,3821,1472758.160090600,8,1076,542,228,196,1076,542,228,196,1174.960,693.107,255.000,0,1254.002,647.045,255.000,0,79.0417,-46.0625,0.6984,0.4671,0,1,1,1,1,0,0,有效双星
1787910352.550000,0,8,48,3822,1472758.170112600,8,1076,542,228,196,1076,542,228,196,1173.922,694.181,255.000,0,1252.372,648.102,255.000,0,78.4494,-46.0784,0.5925,0.7342,0,1,1,1,1,0,0,有效双星
1787910352.559000,0,8,49,3823,1472758.180141500,8,1076,542,228,196,1076,542,228,196,1174.124,692.979,255.000,0,1253.227,646.182,255.000,0,79.1028,-46.7972,0.9714,0.2780,0,1,1,1,1,0,0,有效双星
1787910352.570000,0,8,50,3824,1472758.190090100,8,1076,542,228,196,1076,542,228,196,1176.165,690.129,255.000,0,1255.288,643.210,255.000,0,79.1233,-46.9184,0.1229,0.3662,0,1,1,1,1,0,0,有效双星
1787910357.115000,0,9,1,4275,1472762.733944300,9,1088,508,227,196,1088,508,227,196,1150.106,632.019,255.000,0,1229.188,585.167,255.000,0,79.0813,-46.8527,0.6849,0.1246,0,1,1,1,1,0,0,有效双星
1787910357.127000,0,9,2,4276,1472762.743891800,9,1088,508,227,196,1088,508,227,196,1148.077,637.292,255.000,0,1227.135,591.062,255.000,0,79.0579,-46.2306,0.6226,0.5021,0,1,1,1,1,0,0,有效双星
1787910357.134000,0,9,3,4277,1472762.753909100,9,1088,508,227,196,1088,508,227,196,1145.014,638.721,255.000,0,1224.046,592.099,255.000,0,79.0317,-46.6223,0.3925,0.0800,0,1,1,1,1,0,0,有效双星
1787910357.144000,0,9,4,4278,1472762.764610100,9,1088,508,227,196,1088,508,227,196,1140.007,633.891,255.000,0,1218.394,587.151,255.000,0,78.3862,-46.7403,0.6563,0.6759,0,1,1,1,1,0,0,有效双星
1787910357.154000,0,9,5,4279,1472762.773894900,9,1088,508,227,196,1088,508,227,196,1132.212,623.016,255.000,0,1211.320,576.174,255.000,0,79.1073,-46.8426,0.7283,0.1529,0,1,1,1,1,0,0,有效双星
1787910357.164000,0,9,6,4280,1472762.783898200,9,1088,508,227,196,1088,508,227,196,1125.923,610.145,255.000,0,1204.346,563.200,255.000,0,78.4229,-46.9454,0.6921,0.6803,0,1,1,1,1,0,0,有效双星
1787910357.174000,0,9,7,4281,1472762.794585300,9,1088,508,227,196,1088,508,227,196,1122.129,600.393,255.000,0,1201.240,554.097,255.000,0,79.1111,-46.2956,0.9465,0.4063,0,1,1,1,1,0,0,有效双星
1787910357.186000,0,9,8,4282,1472762.804295800,9,1088,508,227,196,1088,508,227,196,1123.182,596.732,255.000,0,1202.316,550.137,255.000,0,79.1347,-46.5952,0.3004,0.1294,0,1,1,1,1,0,0,有效双星
1787910357.193000,0,9,9,4283,1472762.813891700,9,1088,508,227,196,1088,508,227,196,1126.073,597.707,255.000,0,1205.144,551.094,255.000,0,79.0716,-46.6135,0.0658,0.0433,0,1,1,1,1,0,0,有效双星
1787910357.204000,0,9,10,4284,1472762.823897400,9,1088,508,227,196,1088,508,227,196,1126.812,600.500,255.000,0,1205.322,554.108,255.000,0,78.5097,-46.3916,0.6040,0.5989,0,1,1,1,1,0,0,有效双星
1787910357.214000,0,9,11,4285,1472762.833907400,9,1088,508,227,196,1088,508,227,196,1124.038,604.080,255.000,0,1203.023,557.130,255.000,0,78.9857,-46.9502,0.7338,0.3404,0,1,1,1,1,0,0,有效双星
1787910357.224000,0,9,12,4286,1472762.843885500,9,1088,508,227,196,1088,508,227,196,1119.171,607.103,255.000,0,1198.231,560.166,255.000,0,79.0602,-46.9368,0.0756,0.3189,0,1,1,1,1,0,0,有效双星
1787910357.233000,0,9,13,4287,1472762.853938100,9,1088,508,227,196,1088,508,227,196,1114.923,608.341,255.000,0,1193.352,562.096,255.000,0,78.4285,-46.2447,0.9371,0.7499,0,1,1,1,1,0,0,有效双星
1787910357.249000,0,9,14,4288,1472762.865032400,9,1088,508,227,196,1088,508,227,196,1110.968,606.188,255.000,0,1189.976,560.026,255.000,0,79.0090,-46.1622,0.5863,0.4884,0,1,1,1,1,0,0,有效双星
1787910357.254000,0,9,15,4289,1472762.873912800,9,1088,508,227,196,1088,508,227,196,1108.878,600.132,255.000,0,1187.356,554.092,255.000,0,78.4779,-46.0399,0.5449,0.8095,0,1,1,1,1,0,0,有效双星
1787910357.263000,0,9,16,4290,1472762.883879900,9,1088,508,227,196,1088,508,227,196,1109.974,593.164,255.000,0,1189.003,547.034,255.000,0,79.0283,-46.1306,0.5578,0.4738,0,1,1,1,1,0,0,有效双星
1787910357.274000,0,9,17,4291,1472762.894681800,9,1088,508,227,196,1088,508,227,196,1114.950,589.050,255.000,0,1193.393,542.207,255.000,0,78.4427,-46.8430,0.9221,0.6310,0,1,1,1,1,0,0,有效双星
1787910357.284000,0,9,18,4292,1472762.903877900,9,1088,508,227,196,1088,508,227,196,1122.064,590.642,255.000,0,1201.111,544.097,255.000,0,79.0471,-46.5451,0.6739,0.0774,0,1,1,1,1,0,0,有效双星
1787910357.293000,0,9,19,4293,1472762.913923800,9,1088,508,227,196,1088,508,227,196,1128.147,597.299,255.000,0,1207.166,551.038,255.000,0,79.0183,-46.2616,0.2849,0.3427,0,1,1,1,1,0,0,有效双星
1787910357.304000,0,9,20,4294,1472762.924673500,9,1088,508,227,196,1088,508,227,196,1129.117,605.775,255.000,0,1208.169,559.107,255.000,0,79.0519,-46.6683,0.4081,0.0701,0,1,1,1,1,0,0,有效双星
1787910357.314000,0,9,21,4295,1472762.934676100,9,1088,508,227,196,1088,508,227,196,1123.977,612.180,255.000,0,1202.976,566.024,255.000,0,78.9991,-46.1560,0.5151,0.4494,0,1,1,1,1,0,0,有效双星
1787910357.324000,0,9,22,4296,1472762.945646200,9,1088,508,227,196,1088,508,227,196,1115.048,615.159,255.000,0,1194.094,569.032,255.000,0,79.0461,-46.1265,0.0555,0.4442,0,1,1,1,1,0,0,有效双星
1787910357.333000,0,9,23,4297,1472762.953882800,9,1088,508,227,196,1088,508,227,196,1107.924,615.139,255.000,0,1186.408,569.090,255.000,0,78.4834,-46.0489,0.5680,0.7504,0,1,1,1,1,0,0,有效双星
1787910357.344000,0,9,24,4298,1472762.964702100,9,1088,508,227,196,1088,508,227,196,1106.013,613.641,255.000,0,1185.074,567.093,255.000,0,79.0613,-46.5481,0.7636,0.0929,0,1,1,1,1,0,0,有效双星
1787910357.354000,0,9,25,4299,1472762.973881300,9,1088,508,227,196,1088,508,227,196,1110.071,610.737,255.000,0,1189.164,564.121,255.000,0,79.0930,-46.6154,0.0744,0.1627,0,1,1,1,1,0,0,有效双星
1787910357.364000,0,9,26,4300,1472762.983889300,9,1088,508,227,196,1088,508,227,196,1117.981,606.987,255.000,0,1197.004,560.133,255.000,0,79.0233,-46.8541,0.2486,0.3857,0,1,1,1,1,0,0,有效双星
1787910357.374000,0,9,27,4301,1472762.993896900,9,1088,508,227,196,1088,508,227,196,1125.127,603.136,255.000,0,1204.181,556.170,255.000,0,79.0538,-46.9662,0.1161,0.4986,0,1,1,1,1,0,0,有效双星
1787910357.384000,0,9,28,4302,1472763.003895500,9,1088,508,227,196,1088,508,227,196,1129.943,600.678,255.000,0,1208.981,554.084,255.000,0,79.0381,-46.5940,0.3725,0.0490,0,1,1,1,1,0,0,有效双星
1787910357.392000,0,9,29,4303,1472763.013896200,9,1088,508,227,196,1088,508,227,196,1130.979,601.027,255.000,0,1209.995,554.136,255.000,0,79.0154,-46.8913,0.2982,0.3448,0,1,1,1,1,0,0,有效双星
1787910357.404000,0,9,30,4304,1472763.023917300,9,1088,508,227,196,1088,508,227,196,1128.841,603.585,255.000,0,1207.928,557.087,255.000,0,79.0866,-46.4976,0.4000,0.0820,0,1,1,1,1,0,0,有效双星
1787910357.413000,0,9,31,4305,1472763.034234600,9,1088,508,227,196,1088,508,227,196,1123.878,607.576,255.000,0,1202.394,561.134,255.000,0,78.5164,-46.4427,0.5729,0.5199,0,1,1,1,1,0,0,有效双星
1787910357.424000,0,9,32,4306,1472763.043905000,9,1088,508,227,196,1088,508,227,196,1118.093,611.642,255.000,0,1197.200,565.107,255.000,0,79.1067,-46.5353,0.5975,0.0821,0,1,1,1,1,0,0,有效双星
1787910357.433000,0,9,33,4307,1472763.054024900,9,1088,508,227,196,1088,508,227,196,1115.093,615.610,255.000,0,1194.184,569.097,255.000,0,79.0911,-46.5125,0.0276,0.0654,0,1,1,1,1,0,0,有效双星
1787910357.444000,0,9,34,4308,1472763.064638000,9,1088,508,227,196,1088,508,227,196,1116.185,619.305,255.000,0,1195.157,573.040,255.000,0,78.9717,-46.2654,0.2744,0.2657,0,1,1,1,1,0,0,有效双星
1787910357.454000,0,9,35,4309,1472763.073891800,9,1088,508,227,196,1088,508,227,196,1119.833,620.759,255.000,0,1198.287,574.154,255.000,0,78.4540,-46.6049,0.6191,0.5849,0,1,1,1,1,0,0,有效双星
1787910357.463000,0,9,36,4310,1472763.083891500,9,1088,508,227,196,1088,508,227,196,1121.167,619.053,255.000,0,1200.199,572.168,255.000,0,79.0312,-46.8852,0.6417,0.3450,0,1,1,1,1,0,0,有效双星
1787910357.474000,0,9,37,4311,1472763.093881100,9,1088,508,227,196,1088,508,227,196,1120.056,613.848,255.000,0,1199.138,567.138,255.000,0,79.0826,-46.7100,0.1826,0.1703,0,1,1,1,1,0,0,有效双星
1787910357.484000,0,9,38,4312,1472763.104641100,9,1088,508,227,196,1088,508,227,196,1117.803,608.430,255.000,0,1196.314,562.101,255.000,0,78.5111,-46.3282,0.6873,0.5742,0,1,1,1,1,0,0,有效双星
1787910357.497000,0,9,39,4313,1472763.113907600,9,1088,508,227,196,1088,508,227,196,1116.025,606.248,255.000,0,1195.038,560.031,255.000,0,79.0134,-46.2172,0.5144,0.3252,0,1,1,1,1,0,0,有效双星
1787910357.504000,0,9,40,4314,1472763.123897400,9,1088,508,227,196,1088,508,227,196,1116.153,608.226,255.000,0,1195.260,562.067,255.000,0,79.1071,-46.1591,0.1103,0.3894,0,1,1,1,1,0,0,有效双星
1787910357.513000,0,9,41,4315,1472763.134663300,9,1088,508,227,196,1088,508,227,196,1118.092,613.173,255.000,0,1197.124,567.031,255.000,0,79.0314,-46.1419,0.0777,0.3821,0,1,1,1,1,0,0,有效双星
1787910357.524000,0,9,42,4316,1472763.143920700,9,1088,508,227,196,1088,508,227,196,1119.835,617.737,255.000,0,1198.287,571.150,255.000,0,78.4522,-46.5866,0.7302,0.5859,0,1,1,1,1,0,0,有效双星
1787910357.534000,0,9,43,4317,1472763.153910300,9,1088,508,227,196,1088,508,227,196,1119.856,620.011,255.000,0,1198.285,573.193,255.000,0,78.4285,-46.8179,0.2325,0.6630,0,1,1,1,1,0,0,有效双星
1787910357.544000,0,9,44,4318,1472763.163905400,9,1088,508,227,196,1088,508,227,196,1118.808,619.510,255.000,0,1197.228,573.093,255.000,0,78.4195,-46.4169,0.4011,0.6300,0,1,1,1,1,0,0,有效双星
1787910357.553000,0,9,45,4319,1472763.173910600,9,1088,508,227,196,1088,508,227,196,1117.011,616.677,255.000,0,1196.067,570.100,255.000,0,79.0562,-46.5771,0.6565,0.0331,0,1,1,1,1,0,0,有效双星
1787910357.563000,0,9,46,4320,1472763.184397700,9,1088,508,227,196,1088,508,227,196,1116.106,613.083,255.000,0,1195.190,566.175,255.000,0,79.0842,-46.9080,0.3321,0.3564,0,1,1,1,1,0,0,有效双星
1787910357.574000,0,9,47,4321,1472763.193921700,9,1088,508,227,196,1088,508,227,196,1116.144,610.045,255.000,0,1195.271,563.187,255.000,0,79.1265,-46.8584,0.0652,0.3168,0,1,1,1,1,0,0,有效双星
1787910357.584000,0,9,48,4322,1472763.203903600,9,1088,508,227,196,1088,508,227,196,1117.165,608.799,255.000,0,1196.296,562.147,255.000,0,79.1314,-46.6516,0.2068,0.1383,0,1,1,1,1,0,0,有效双星
1787910357.594000,0,9,49,4323,1472763.213940200,9,1088,508,227,196,1088,508,227,196,1119.030,609.839,255.000,0,1198.120,563.131,255.000,0,79.0900,-46.7077,0.0697,0.1624,0,1,1,1,1,0,0,有效双星
1787910357.604000,0,9,50,4324,1472763.224688000,9,1088,508,227,196,1088,508,227,196,1120.193,612.899,255.000,0,1199.246,566.144,255.000,0,79.0521,-46.7555,0.0610,0.1995,0,1,1,1,1,0,0,有效双星
1787910358.125000,0,10,1,4372,1472763.742873600,10,1044,494,228,195,1044,494,228,195,1117.986,614.837,255.000,0,1197.019,568.125,255.000,0,79.0323,-46.7123,0.4520,0.1197,0,1,1,1,1,0,0,有效双星
1787910358.131000,0,10,2,4373,1472763.752819900,10,1044,494,228,195,1044,494,228,195,1117.174,613.327,255.000,0,1196.239,567.079,255.000,0,79.0648,-46.2474,0.4661,0.3475,0,1,1,1,1,0,0,有效双星
1787910358.142000,0,10,3,4374,1472763.762806200,10,1044,494,228,195,1044,494,228,195,1117.810,612.763,255.000,0,1196.305,566.166,255.000,0,78.4950,-46.5968,0.6684,0.5460,0,1,1,1,1,0,0,有效双星
1787910358.152000,0,10,4,4375,1472763.772811800,10,1044,494,228,195,1044,494,228,195,1118.831,613.785,255.000,0,1197.240,567.135,255.000,0,78.4094,-46.6509,0.1013,0.6174,0,1,1,1,1,0,0,有效双星
1787910358.161000,0,10,5,4376,1472763.782804900,10,1044,494,228,195,1044,494,228,195,1119.866,615.449,255.000,0,1198.263,569.076,255.000,0,78.3974,-46.3722,0.2790,0.6679,0,1,1,1,1,0,0,有效双星
1787910358.173000,0,10,6,4377,1472763.792838300,10,1044,494,228,195,1044,494,228,195,1120.067,616.840,255.000,0,1199.052,570.113,255.000,0,78.9844,-46.7276,0.6862,0.1328,0,1,1,1,1,0,0,有效双星
1787910358.185000,0,10,7,4378,1472763.802824500,10,1044,494,228,195,1044,494,228,195,1119.892,617.281,255.000,0,1198.268,570.216,255.000,0,78.3766,-47.0652,0.6952,0.7656,0,1,1,1,1,0,0,有效双星
1787910358.191000,0,10,8,4379,1472763.812826100,10,1044,494,228,195,1044,494,228,195,1118.093,616.746,255.000,0,1197.166,570.131,255.000,0,79.0724,-46.6152,0.8286,0.0684,0,1,1,1,1,0,0,有效双星
1787910358.202000,0,10,9,4380,1472763.822811500,10,1044,494,228,195,1044,494,228,195,1117.048,615.531,255.000,0,1196.100,569.078,255.000,0,79.0527,-46.4526,0.1638,0.1826,0,1,1,1,1,0,0,有效双星
1787910358.212000,0,10,10,4381,1472763.832852300,10,1044,494,228,195,1044,494,228,195,1116.859,613.959,255.000,0,1195.377,567.213,255.000,0,78.5185,-46.7452,0.6091,0.5240,0,1,1,1,1,0,0,有效双星
1787910358.223000,0,10,11,4382,1472763.842829500,10,1044,494,228,195,1044,494,228,195,1117.134,613.734,255.000,0,1196.220,567.129,255.000,0,79.0863,-46.6056,0.5848,0.0812,0,1,1,1,1,0,0,有效双星
1787910358.232000,0,10,12,4383,1472763.852846300,10,1044,494,228,195,1044,494,228,195,1118.971,614.157,255.000,0,1197.359,567.207,255.000,0,78.3873,-46.9499,0.7792,0.7074,0,1,1,1,1,0,0,有效双星
1787910358.251000,0,10,13,4384,1472763.862841700,10,1044,494,228,195,1044,494,228,195,1120.064,615.138,255.000,0,1199.044,568.162,255.000,0,78.9804,-46.9764,0.5937,0.3665,0,1,1,1,1,0,0,有效双星
1787910358.254000,0,10,14,4385,1472763.872878100,10,1044,494,228,195,1044,494,228,195,1120.193,616.261,255.000,0,1199.138,570.026,255.000,0,78.9445,-46.2347,0.7426,0.3776,0,1,1,1,1,0,0,有效双星
1787910358.263000,0,10,15,4386,1472763.882818900,10,1044,494,228,195,1044,494,228,195,1119.830,616.689,255.000,0,1198.196,570.108,255.000,0,78.3654,-46.5816,0.6750,0.6176,0,1,1,1,1,0,0,有效双星
1787910358.274000,0,10,16,4387,1472763.893287400,10,1044,494,228,195,1044,494,228,195,1118.009,616.223,255.000,0,1196.993,570.038,255.000,0,78.9836,-46.1858,0.7340,0.4247,0,1,1,1,1,0,0,有效双星
1787910358.283000,0,10,17,4388,1472763.902818600,10,1044,494,228,195,1044,494,228,195,1116.940,615.621,255.000,0,1195.970,569.089,255.000,0,79.0302,-46.5317,0.3490,0.0904,0,1,1,1,1,0,0,有效双星
1787910358.292000,0,10,18,4389,1472763.912808900,10,1044,494,228,195,1044,494,228,195,1116.863,614.965,255.000,0,1195.345,569.059,255.000,0,78.4815,-45.9060,0.8321,0.8579,0,1,1,1,1,0,0,有效双星
1787910358.302000,0,10,19,4390,1472763.922802100,10,1044,494,228,195,1044,494,228,195,1117.856,614.776,255.000,0,1196.316,568.163,255.000,0,78.4603,-46.6132,0.7075,0.5000,0,1,1,1,1,0,0,有效双星
1787910358.313000,0,10,20,4391,1472763.933285200,10,1044,494,228,195,1044,494,228,195,1119.009,614.790,255.000,0,1198.024,568.112,255.000,0,79.0157,-46.6780,0.5592,0.0948,0,1,1,1,1,0,0,有效双星
1787910358.322000,0,10,21,4392,1472763.942801500,10,1044,494,228,195,1044,494,228,195,1119.980,614.762,255.000,0,1199.021,568.125,255.000,0,79.0406,-46.6371,0.0479,0.0829,0,1,1,1,1,0,0,有效双星
1787910358.333000,0,10,22,4393,1472763.952799600,10,1044,494,228,195,1044,494,228,195,1120.156,615.211,255.000,0,1199.110,568.165,255.000,0,78.9545,-47.0453,0.4172,0.4359,0,1,1,1,1,0,0,有效双星
1787910358.344000,0,10,23,4394,1472763.963212900,10,1044,494,228,195,1044,494,228,195,1119.897,615.280,255.000,0,1198.279,569.079,255.000,0,78.3820,-46.2009,1.0202,0.7020,0,1,1,1,1,0,0,有效双星
1787910358.352000,0,10,24,4395,1472763.972833600,10,1044,494,228,195,1044,494,228,195,1118.848,615.718,255.000,0,1197.238,569.118,255.000,0,78.3906,-46.6003,0.3994,0.5591,0,1,1,1,1,0,0,有效双星
1787910358.363000,0,10,25,4396,1472763.982811200,10,1044,494,228,195,1044,494,228,195,1117.161,615.906,255.000,0,1196.188,569.141,255.000,0,79.0271,-46.7643,0.6573,0.1732,0,1,1,1,1,0,0,有效双星
1787910358.372000,0,10,26,4397,1472763.992836100,10,1044,494,228,195,1044,494,228,195,1116.900,615.632,255.000,0,1195.941,569.097,255.000,0,79.0410,-46.5349,0.2298,0.1081,0,1,1,1,1,0,0,有效双星
1787910358.383000,0,10,27,4398,1472764.002800900,10,1044,494,228,195,1044,494,228,195,1117.063,615.388,255.000,0,1196.086,569.080,255.000,0,79.0230,-46.3085,0.2272,0.3060,0,1,1,1,1,0,0,有效双星
1787910358.394000,0,10,28,4399,1472764.013308500,10,1044,494,228,195,1044,494,228,195,1118.062,615.512,255.000,0,1197.117,569.082,255.000,0,79.0551,-46.4301,0.1258,0.1876,0,1,1,1,1,0,0,有效双星
1787910358.402000,0,10,29,4400,1472764.023325500,10,1044,494,228,195,1044,494,228,195,1119.201,615.715,255.000,0,1198.219,569.103,255.000,0,79.0184,-46.6121,0.1856,0.0421,0,1,1,1,1,0,0,有效双星
1787910358.414000,0,10,30,4401,1472764.032812400,10,1044,494,228,195,1044,494,228,195,1120.094,615.665,255.000,0,1199.077,569.085,255.000,0,78.9834,-46.5798,0.0476,0.0231,0,1,1,1,1,0,0,有效双星
1787910358.422000,0,10,31,4402,1472764.042800500,10,1044,494,228,195,1044,494,228,195,1120.010,615.362,255.000,0,1198.353,569.091,255.000,0,78.3433,-46.2716,0.7104,0.7154,0,1,1,1,1,0,0,有效双星
1787910358.432000,0,10,32,4403,1472764.053324900,10,1044,494,228,195,1044,494,228,195,1118.901,615.017,255.000,0,1197.311,568.187,255.000,0,78.4106,-46.8297,0.5621,0.6232,0,1,1,1,1,0,0,有效双星
1787910358.444000,0,10,33,4404,1472764.063261700,10,1044,494,228,195,1044,494,228,195,1117.878,614.886,255.000,0,1196.264,568.154,255.000,0,78.3855,-46.7313,0.1015,0.6151,0,1,1,1,1,0,0,有效双星
1787910358.452000,0,10,34,4405,1472764.072810600,10,1044,494,228,195,1044,494,228,195,1116.976,614.799,255.000,0,1196.074,568.146,255.000,0,79.0977,-46.6531,0.7165,0.1478,0,1,1,1,1,0,0,有效双星
1787910358.462000,0,10,35,4406,1472764.082804500,10,1044,494,228,195,1044,494,228,195,1117.820,615.525,255.000,0,1196.248,569.100,255.000,0,78.4276,-46.4245,0.7081,0.5803,0,1,1,1,1,0,0,有效双星
1787910358.472000,0,10,36,4407,1472764.092819900,10,1044,494,228,195,1044,494,228,195,1118.879,616.069,255.000,0,1197.257,569.183,255.000,0,78.3781,-46.8864,0.4646,0.6740,0,1,1,1,1,0,0,有效双星
1787910358.483000,0,10,37,4408,1472764.102814100,10,1044,494,228,195,1044,494,228,195,1119.205,616.173,255.000,0,1198.250,569.202,255.000,0,79.0451,-46.9715,0.6724,0.3732,0,1,1,1,1,0,0,有效双星
1787910358.492000,0,10,38,4409,1472764.112808800,10,1044,494,228,195,1044,494,228,195,1119.981,615.992,255.000,0,1198.344,569.169,255.000,0,78.3629,-46.8231,0.6982,0.6416,0,1,1,1,1,0,0,有效双星
1787910358.502000,0,10,39,4410,1472764.122809500,10,1044,494,228,195,1044,494,228,195,1119.122,615.224,255.000,0,1198.134,569.048,255.000,0,79.0122,-46.1754,0.9172,0.4518,0,1,1,1,1,0,0,有效双星
1787910358.513000,0,10,40,4411,1472764.132818400,10,1044,494,228,195,1044,494,228,195,1118.814,614.722,255.000,0,1197.219,568.127,255.000,0,78.4056,-46.5950,0.7376,0.5929,0,1,1,1,1,0,0,有效双星
1787910358.522000,0,10,41,4412,1472764.142815400,10,1044,494,228,195,1044,494,228,195,1117.959,614.627,255.000,0,1196.364,568.121,255.000,0,78.4049,-46.5058,0.0892,0.5729,0,1,1,1,1,0,0,有效双星
1787910358.533000,0,10,42,4413,1472764.152897700,10,1044,494,228,195,1044,494,228,195,1117.799,614.753,255.000,0,1196.252,568.158,255.000,0,78.4530,-46.5945,0.1009,0.2381,0,1,1,1,1,0,0,有效双星
1787910358.542000,0,10,43,4414,1472764.162827800,10,1044,494,228,195,1044,494,228,195,1117.956,615.569,255.000,0,1196.338,569.101,255.000,0,78.3817,-46.4678,0.1455,0.1399,0,1,1,1,1,0,0,有效双星
1787910358.553000,0,10,44,4415,1472764.172922800,10,1044,494,228,195,1044,494,228,195,1118.184,616.051,255.000,0,1197.179,569.158,255.000,0,78.9947,-46.8932,0.7462,0.6296,0,1,1,1,1,0,0,有效双星
1787910358.562000,0,10,45,4416,1472764.182829100,10,1044,494,228,195,1044,494,228,195,1119.062,616.319,255.000,0,1198.040,570.057,255.000,0,78.9780,-46.2621,0.6313,0.4221,0,1,1,1,1,0,0,有效双星
1787910358.573000,0,10,46,4417,1472764.192825200,10,1044,494,228,195,1044,494,228,195,1119.853,616.572,255.000,0,1198.225,570.093,255.000,0,78.3722,-46.4794,0.6435,0.3598,0,1,1,1,1,0,0,有效双星
1787910358.582000,0,10,47,4418,1472764.202827600,10,1044,494,228,195,1044,494,228,195,1119.101,615.900,255.000,0,1198.145,569.151,255.000,0,79.0447,-46.7492,0.7245,0.6257,0,1,1,1,1,0,0,有效双星
1787910358.593000,0,10,48,4419,1472764.212843100,10,1044,494,228,195,1044,494,228,195,1118.832,614.879,255.000,0,1197.243,568.167,255.000,0,78.4102,-46.7128,0.6355,0.1218,0,1,1,1,1,0,0,有效双星
1787910358.602000,0,10,49,4420,1472764.222829800,10,1044,494,228,195,1044,494,228,195,1117.923,614.049,255.000,0,1196.336,567.198,255.000,0,78.4136,-46.8509,0.1382,0.2475,0,1,1,1,1,0,0,有效双星
1787910358.613000,0,10,50,4421,1472764.232826400,10,1044,494,228,195,1044,494,228,195,1117.226,613.986,255.000,0,1196.284,567.172,255.000,0,79.0582,-46.8138,0.6457,0.6734,0,1,1,1,1,0,0,有效双星
1787910362.255000,0,11,1,4782,1472767.876433600,11,1010,476,228,196,1010,476,228,196,1090.910,598.035,255.000,0,1169.351,551.162,255.000,0,78.4409,-46.8728,0.7269,0.6336,0,1,1,1,1,0,0,有效双星
1787910362.265000,0,11,2,4783,1472767.886401100,11,1010,476,228,196,1010,476,228,196,1087.943,602.020,255.000,0,1167.066,555.155,255.000,0,79.1229,-46.8649,0.6820,0.0866,0,1,1,1,1,0,0,有效双星
1787910362.275000,0,11,3,4784,1472767.896420900,11,1010,476,228,196,1010,476,228,196,1084.873,604.225,255.000,0,1163.362,557.220,255.000,0,78.4883,-47.0053,0.6500,0.5977,0,1,1,1,1,0,0,有效双星
1787910362.286000,0,11,4,4785,1472767.906409600,11,1010,476,228,196,1010,476,228,196,1082.874,602.601,255.000,0,1161.393,556.116,255.000,0,78.5186,-46.4848,0.5215,0.6300,0,1,1,1,1,0,0,有效双星
1787910362.296000,0,11,5,4786,1472767.916428500,11,1010,476,228,196,1010,476,228,196,1083.152,597.135,255.000,0,1162.272,550.184,255.000,0,79.1197,-46.9515,0.7611,0.1739,0,1,1,1,1,0,0,有效双星
1787910362.311000,0,11,6,4787,1472767.926402200,11,1010,476,228,196,1010,476,228,196,1086.970,590.009,255.000,0,1165.423,543.177,255.000,0,78.4524,-46.8324,0.6779,0.5631,0,1,1,1,1,0,0,有效双星
1787910362.316000,0,11,7,4788,1472767.936401700,11,1010,476,228,196,1010,476,228,196,1091.139,584.324,255.000,0,1170.176,537.188,255.000,0,79.0365,-47.1363,0.6584,0.4108,0,1,1,1,1,0,0,有效双星
1787910362.325000,0,11,8,4789,1472767.946403300,11,1010,476,228,196,1010,476,228,196,1094.067,582.127,255.000,0,1173.162,535.175,255.000,0,79.0952,-46.9514,0.1939,0.1301,0,1,1,1,1,0,0,有效双星
1787910362.335000,0,11,9,4790,1472767.956433900,11,1010,476,228,196,1010,476,228,196,1093.857,583.948,255.000,0,1172.328,537.165,255.000,0,78.4703,-46.7829,0.6472,0.5681,0,1,1,1,1,0,0,有效双星
1787910362.346000,0,11,10,4791,1472767.966415100,11,1010,476,228,196,1010,476,228,196,1089.113,588.300,255.000,0,1168.181,542.029,255.000,0,79.0674,-46.2710,0.7865,0.6001,0,1,1,1,1,0,0,有效双星
1787910362.356000,0,11,11,4792,1472767.976410200,11,1010,476,228,196,1010,476,228,196,1083.042,593.101,255.000,0,1162.149,546.174,255.000,0,79.1077,-46.9272,0.6575,0.1213,0,1,1,1,1,0,0,有效双星
1787910362.366000,0,11,12,4793,1472767.986400900,11,1010,476,228,196,1010,476,228,196,1077.969,596.602,255.000,0,1156.396,550.085,255.000,0,78.4266,-46.5168,0.7952,0.6860,0,1,1,1,1,0,0,有效双星
1787910362.376000,0,11,13,4794,1472767.996393700,11,1010,476,228,196,1010,476,228,196,1074.990,596.770,255.000,0,1154.108,550.117,255.000,0,79.1182,-46.6523,0.7048,0.3972,0,1,1,1,1,0,0,有效双星
1787910362.386000,0,11,14,4795,1472768.006425800,11,1010,476,228,196,1010,476,228,196,1075.941,595.057,255.000,0,1154.958,548.132,255.000,0,79.0169,-46.9259,0.2918,0.2559,0,1,1,1,1,0,0,有效双星
1787910362.395000,0,11,15,4796,1472768.016383900,11,1010,476,228,196,1010,476,228,196,1079.119,592.538,255.000,0,1158.190,546.050,255.000,0,79.0708,-46.4887,0.4405,0.3632,0,1,1,1,1,0,0,有效双星
1787910362.406000,0,11,16,4797,1472768.026405600,11,1010,476,228,196,1010,476,228,196,1083.897,589.691,255.000,0,1162.400,543.135,255.000,0,78.5037,-46.5561,0.5710,0.5875,0,1,1,1,1,0,0,有效双星
1787910362.416000,0,11,17,4798,1472768.036493000,11,1010,476,228,196,1010,476,228,196,1087.124,587.046,255.000,0,1166.182,540.138,255.000,0,79.0574,-46.9082,0.6561,0.0997,0,1,1,1,1,0,0,有效双星
1787910362.426000,0,11,18,4799,1472768.046425200,11,1010,476,228,196,1010,476,228,196,1088.816,583.784,255.000,0,1167.282,537.119,255.000,0,78.4659,-46.6655,0.6393,0.6092,0,1,1,1,1,0,0,有效双星
1787910362.436000,0,11,19,4800,1472768.056425000,11,1010,476,228,196,1010,476,228,196,1087.878,580.886,255.000,0,1166.381,534.169,255.000,0,78.5039,-46.7175,0.0644,0.5390,0,1,1,1,1,0,0,有效双星
1787910362.446000,0,11,20,4801,1472768.066391000,11,1010,476,228,196,1010,476,228,196,1086.106,580.668,255.000,0,1165.191,534.071,255.000,0,79.0846,-46.5969,0.5931,0.2185,0,1,1,1,1,0,0,有效双星
1787910362.456000,0,11,21,4802,1472768.076398100,11,1010,476,228,196,1010,476,228,196,1084.996,583.751,255.000,0,1164.049,537.079,255.000,0,79.0532,-46.6728,0.0821,0.1374,0,1,1,1,1,0,0,有效双星
1787910362.466000,0,11,22,4803,1472768.086384600,11,1010,476,228,196,1010,476,228,196,1083.834,589.726,255.000,0,1162.336,543.129,255.000,0,78.5027,-46.5967,0.5558,0.5635,0,1,1,1,1,0,0,有效双星
1787910362.476000,0,11,23,4804,1472768.096411300,11,1010,476,228,196,1010,476,228,196,1082.028,596.965,255.000,0,1161.048,550.096,255.000,0,79.0197,-46.8688,0.5842,0.1739,0,1,1,1,1,0,0,有效双星
1787910362.486000,0,11,24,4805,1472768.106409300,11,1010,476,228,196,1010,476,228,196,1079.991,602.023,255.000,0,1159.157,555.165,255.000,0,79.1664,-46.8577,0.1472,0.2135,0,1,1,1,1,0,0,有效双星
1787910362.496000,0,11,25,4806,1472768.116396800,11,1010,476,228,196,1010,476,228,196,1078.944,604.012,255.000,0,1157.380,557.152,255.000,0,78.4358,-46.8604,0.7307,0.6190,0,1,1,1,1,0,0,有效双星
1787910362.506000,0,11,26,4807,1472768.126395500,11,1010,476,228,196,1010,476,228,196,1078.851,601.020,255.000,0,1157.335,554.168,255.000,0,78.4837,-46.8523,0.0486,0.5539,0,1,1,1,1,0,0,有效双星
1787910362.516000,0,11,27,4808,1472768.136393600,11,1010,476,228,196,1010,476,228,196,1080.892,595.165,255.000,0,1159.361,548.195,255.000,0,78.4682,-46.9696,0.1183,0.6013,0,1,1,1,1,0,0,有效双星
1787910362.526000,0,11,28,4809,1472768.146406000,11,1010,476,228,196,1010,476,228,196,1085.083,588.720,255.000,0,1164.164,542.076,255.000,0,79.0802,-46.6444,0.6930,0.1225,0,1,1,1,1,0,0,有效双星
1787910362.535000,0,11,29,4810,1472768.156407500,11,1010,476,228,196,1010,476,228,196,1091.013,583.289,255.000,0,1170.078,536.178,255.000,0,79.0650,-47.1115,0.4674,0.4190,0,1,1,1,1,0,0,有效双星
1787910362.545000,0,11,30,4811,1472768.166531600,11,1010,476,228,196,1010,476,228,196,1096.003,580.360,255.000,0,1175.080,534.042,255.000,0,79.0771,-46.3178,0.7939,0.3795,0,1,1,1,1,0,0,有效双星
1787910362.561000,0,11,31,4812,1472768.176420500,11,1010,476,228,196,1010,476,228,196,1098.851,579.985,255.000,0,1177.322,533.155,255.000,0,78.4702,-46.8305,0.7945,0.5822,0,1,1,1,1,0,0,有效双星
1787910362.566000,0,11,32,4813,1472768.186396500,11,1010,476,228,196,1010,476,228,196,1096.858,582.028,255.000,0,1175.309,535.155,255.000,0,78.4509,-46.8727,0.0465,0.5946,0,1,1,1,1,0,0,有效双星
1787910362.576000,0,11,33,4814,1472768.196416300,11,1010,476,228,196,1010,476,228,196,1091.946,586.520,255.000,0,1171.051,540.044,255.000,0,79.1051,-46.4770,0.7646,0.3094,0,1,1,1,1,0,0,有效双星
1787910362.586000,0,11,34,4815,1472768.206408900,11,1010,476,228,196,1010,476,228,196,1087.197,593.203,255.000,0,1166.209,546.136,255.000,0,79.0122,-47.0671,0.5974,0.2932,0,1,1,1,1,0,0,有效双星
1787910362.596000,0,11,35,4816,1472768.216442500,11,1010,476,228,196,1010,476,228,196,1085.032,598.162,255.000,0,1164.171,551.171,255.000,0,79.1391,-46.9914,0.1478,0.2500,0,1,1,1,1,0,0,有效双星
1787910362.606000,0,11,36,4817,1472768.226413800,11,1010,476,228,196,1010,476,228,196,1085.086,600.266,255.000,0,1164.119,553.147,255.000,0,79.0335,-47.1190,0.1656,0.2782,0,1,1,1,1,0,0,有效双星
1787910362.616000,0,11,37,4818,1472768.236442800,11,1010,476,228,196,1010,476,228,196,1086.025,596.216,255.000,0,1165.129,549.167,255.000,0,79.1043,-47.0488,0.0997,0.2088,0,1,1,1,1,0,0,有效双星
1787910362.625000,0,11,38,4819,1472768.246406300,11,1010,476,228,196,1010,476,228,196,1088.022,588.706,255.000,0,1167.115,542.073,255.000,0,79.0923,-46.6329,0.4160,0.2316,0,1,1,1,1,0,0,有效双星
1787910362.635000,0,11,39,4820,1472768.256544700,11,1010,476,228,196,1010,476,228,196,1091.095,581.944,255.000,0,1170.154,535.109,255.000,0,79.0586,-46.8356,0.2054,0.0247,0,1,1,1,1,0,0,有效双星
1787910362.647000,0,11,40,4821,1472768.266417900,11,1010,476,228,196,1010,476,228,196,1094.213,579.071,255.000,0,1173.342,532.172,255.000,0,79.1286,-46.8987,0.0943,0.0848,0,1,1,1,1,0,0,有效双星
1787910362.660000,0,11,41,4822,1472768.280243800,11,1010,476,228,196,1010,476,228,196,1096.187,581.193,255.000,0,1175.273,534.168,255.000,0,79.0862,-47.0251,0.1333,0.1688,0,1,1,1,1,0,0,有效双星
1787910362.668000,0,11,42,4823,1472768.287267100,11,1010,476,228,196,1010,476,228,196,1095.863,586.098,255.000,0,1174.324,539.162,255.000,0,78.4611,-46.9357,0.6315,0.6049,0,1,1,1,1,0,0,有效双星
1787910362.676000,0,11,43,4824,1472768.296394800,11,1010,476,228,196,1010,476,228,196,1092.019,591.370,255.000,0,1171.080,544.173,255.000,0,79.0608,-47.1968,0.6541,0.3260,0,1,1,1,1,0,0,有效双星
1787910362.685000,0,11,44,4825,1472768.306440400,11,1010,476,228,196,1010,476,228,196,1087.838,595.093,255.000,0,1166.249,548.139,255.000,0,78.4110,-46.9542,0.6935,0.6554,0,1,1,1,1,0,0,有效双星
1787910362.695000,0,11,45,4826,1472768.316402300,11,1010,476,228,196,1010,476,228,196,1084.039,595.806,255.000,0,1163.124,549.092,255.000,0,79.0854,-46.7143,0.7158,0.2045,0,1,1,1,1,0,0,有效双星
1787910362.706000,0,11,46,4827,1472768.326420200,11,1010,476,228,196,1010,476,228,196,1083.878,593.740,255.000,0,1162.386,547.130,255.000,0,78.5080,-46.6091,0.5869,0.6347,0,1,1,1,1,0,0,有效双星
1787910362.716000,0,11,47,4828,1472768.336430700,11,1010,476,228,196,1010,476,228,196,1086.907,590.270,255.000,0,1165.333,543.187,255.000,0,78.4254,-47.0827,0.4807,0.6586,0,1,1,1,1,0,0,有效双星
1787910362.725000,0,11,48,4829,1472768.346413400,11,1010,476,228,196,1010,476,228,196,1091.000,586.553,255.000,0,1170.189,540.084,255.000,0,79.1890,-46.4697,0.9792,0.4650,0,1,1,1,1,0,0,有效双星
1787910362.736000,0,11,49,4830,1472768.356419800,11,1010,476,228,196,1010,476,228,196,1095.832,584.582,255.000,0,1174.249,537.192,255.000,0,78.4161,-47.3900,1.2018,0.8011,0,1,1,1,1,0,0,有效双星
1787910362.746000,0,11,50,4831,1472768.366412100,11,1010,476,228,196,1010,476,228,196,1096.932,583.624,255.000,0,1176.058,537.068,255.000,0,79.1262,-46.5559,1.0954,0.3674,0,1,1,1,1,0,0,有效双星
1787910367.020000,0,12,1,5256,1472772.640578900,12,1020,440,228,196,1020,440,228,196,1079.064,548.128,255.000,0,1158.172,501.080,255.000,0,79.1079,-47.0488,0.1185,0.0496,0,1,1,1,1,0,0,有效双星
1787910367.030000,0,12,2,5257,1472772.650246200,12,1020,440,228,196,1020,440,228,196,1064.932,540.677,255.000,0,1144.084,494.016,255.000,0,79.1515,-46.6610,0.3902,0.3657,0,1,1,1,1,0,0,有效双星
1787910367.040000,0,12,3,5258,1472772.660243900,12,1020,440,228,196,1020,440,228,196,1051.893,533.373,255.000,0,1130.946,486.104,255.000,0,79.0520,-47.2686,0.6157,0.3033,0,1,1,1,1,0,0,有效双星
1787910367.050000,0,12,4,5259,1472772.670285000,12,1020,440,228,196,1020,440,228,196,1042.970,528.834,255.000,0,1122.089,482.032,255.000,0,79.1188,-46.8024,0.4710,0.1840,0,1,1,1,1,0,0,有效双星
1787910367.062000,0,12,5,5260,1472772.680598600,12,1020,440,228,196,1020,440,228,196,1040.109,527.549,255.000,0,1119.181,480.102,255.000,0,79.0723,-47.4471,0.6464,0.5199,0,1,1,1,1,0,0,有效双星
1787910367.070000,0,12,6,5261,1472772.690256000,12,1020,440,228,196,1020,440,228,196,1042.839,528.148,255.000,0,1121.322,481.105,255.000,0,78.4828,-47.0430,0.7147,0.6738,0,1,1,1,1,0,0,有效双星
1787910367.080000,0,12,7,5262,1472772.700260600,12,1020,440,228,196,1020,440,228,196,1047.814,530.529,255.000,0,1126.362,483.163,255.000,0,78.5483,-47.3657,0.3293,0.6895,0,1,1,1,1,0,0,有效双星
1787910367.090000,0,12,8,5263,1472772.710255700,12,1020,440,228,196,1020,440,228,196,1052.162,533.029,255.000,0,1131.316,486.090,255.000,0,79.1548,-46.9384,0.7419,0.0996,0,1,1,1,1,0,0,有效双星
1787910367.099000,0,12,9,5264,1472772.720259100,12,1020,440,228,196,1020,440,228,196,1054.905,534.152,255.000,0,1134.013,487.092,255.000,0,79.1080,-47.0599,0.1302,0.0503,0,1,1,1,1,0,0,有效双星
1787910367.110000,0,12,10,5265,1472772.730270400,12,1020,440,228,196,1020,440,228,196,1053.102,533.339,255.000,0,1132.142,486.098,255.000,0,79.0402,-47.2418,0.1941,0.2257,0,1,1,1,1,0,0,有效双星
1787910367.120000,0,12,11,5266,1472772.740702400,12,1020,440,228,196,1020,440,228,196,1047.950,529.816,255.000,0,1127.048,482.151,255.000,0,79.0985,-47.6649,0.4271,0.6201,0,1,1,1,1,0,0,有效双星
1787910367.132000,0,12,12,5267,1472772.751081100,12,1020,440,228,196,1020,440,228,196,1041.166,525.463,255.000,0,1120.280,478.110,255.000,0,79.1140,-47.3531,0.3122,0.2997,0,1,1,1,1,0,0,有效双星
1787910367.140000,0,12,13,5268,1472772.760492600,12,1020,440,228,196,1020,440,228,196,1037.057,522.617,255.000,0,1116.206,475.155,255.000,0,79.1485,-47.4624,0.1147,0.3707,0,1,1,1,1,0,0,有效双星
1787910367.150000,0,12,14,5269,1472772.770294800,12,1020,440,228,196,1020,440,228,196,1038.143,524.479,255.000,0,1117.369,477.166,255.000,0,79.2261,-47.3130,0.1684,0.2427,0,1,1,1,1,0,0,有效双星
1787910367.160000,0,12,15,5270,1472772.780250300,12,1020,440,228,196,1020,440,228,196,1045.926,530.949,255.000,0,1125.026,484.038,255.000,0,79.0990,-46.9112,0.4214,0.2169,0,1,1,1,1,0,0,有效双星
1787910367.170000,0,12,16,5271,1472772.790251100,12,1020,440,228,196,1020,440,228,196,1055.102,538.264,255.000,0,1134.178,491.106,255.000,0,79.0760,-47.1576,0.2475,0.0767,0,1,1,1,1,0,0,有效双星
1787910367.183000,0,12,17,5272,1472772.800245000,12,1020,440,228,196,1020,440,228,196,1061.162,541.895,255.000,0,1140.225,494.169,255.000,0,79.0624,-47.7257,0.5683,0.6335,0,1,1,1,1,0,0,有效双星
1787910367.190000,0,12,18,5273,1472772.810251000,12,1020,440,228,196,1020,440,228,196,1060.861,538.896,255.000,0,1139.328,491.207,255.000,0,78.4667,-47.6893,0.5968,0.8650,0,1,1,1,1,0,0,有效双星
1787910367.199000,0,12,19,5274,1472772.820254200,12,1020,440,228,196,1020,440,228,196,1053.965,531.146,255.000,0,1133.085,484.093,255.000,0,79.1200,-47.0530,0.9120,0.1477,0,1,1,1,1,0,0,有效双星
1787910367.210000,0,12,20,5275,1472772.830242800,12,1020,440,228,196,1020,440,228,196,1046.046,523.681,255.000,0,1125.201,476.150,255.000,0,79.1547,-47.5310,0.4792,0.3352,0,1,1,1,1,0,0,有效双星
1787910367.219000,0,12,21,5276,1472772.840526800,12,1020,440,228,196,1020,440,228,196,1042.051,520.368,255.000,0,1121.175,473.134,255.000,0,79.1244,-47.2341,0.2984,0.0297,0,1,1,1,1,0,0,有效双星
1787910367.230000,0,12,22,5277,1472772.850242800,12,1020,440,228,196,1020,440,228,196,1043.184,523.335,255.000,0,1122.319,476.126,255.000,0,79.1352,-47.2085,0.0277,0.0564,0,1,1,1,1,0,0,有效双星
1787910367.239000,0,12,23,5278,1472772.860240600,12,1020,440,228,196,1020,440,228,196,1048.896,530.041,255.000,0,1127.393,483.099,255.000,0,78.4973,-46.9422,0.6912,0.6822,0,1,1,1,1,0,0,有效双星
1787910367.249000,0,12,24,5279,1472772.870263300,12,1020,440,228,196,1020,440,228,196,1054.914,536.788,255.000,0,1133.983,490.016,255.000,0,79.0694,-46.7722,0.5968,0.4670,0,1,1,1,1,0,0,有效双星
1787910367.259000,0,12,25,5280,1472772.880253300,12,1020,440,228,196,1020,440,228,196,1058.200,540.638,255.000,0,1137.342,493.166,255.000,0,79.1417,-47.4713,0.7029,0.2373,0,1,1,1,1,0,0,有效双星
1787910367.270000,0,12,26,5281,1472772.890259900,12,1020,440,228,196,1020,440,228,196,1057.876,540.305,255.000,0,1136.345,493.140,255.000,0,78.4687,-47.1651,0.7395,0.6390,0,1,1,1,1,0,0,有效双星
1787910367.280000,0,12,27,5282,1472772.900530400,12,1020,440,228,196,1020,440,228,196,1051.952,536.704,255.000,0,1131.063,489.146,255.000,0,79.1111,-47.5581,0.7531,0.3202,0,1,1,1,1,0,0,有效双星
1787910367.290000,0,12,28,5283,1472772.910268300,12,1020,440,228,196,1020,440,228,196,1044.074,531.696,255.000,0,1123.203,484.144,255.000,0,79.1292,-47.5524,0.0190,0.3151,0,1,1,1,1,0,0,有效双星
1787910367.300000,0,12,29,5284,1472772.920249500,12,1020,440,228,196,1020,440,228,196,1038.858,527.696,255.000,0,1117.406,480.194,255.000,0,78.5481,-47.5024,0.5832,0.6048,0,1,1,1,1,0,0,有效双星
1787910367.310000,0,12,30,5285,1472772.930289000,12,1020,440,228,196,1020,440,228,196,1038.856,527.258,255.000,0,1117.364,480.134,255.000,0,78.5077,-47.1238,0.3808,0.6329,0,1,1,1,1,0,0,有效双星
1787910367.320000,0,12,31,5286,1472772.940524800,12,1020,440,228,196,1020,440,228,196,1043.845,530.581,255.000,0,1122.412,483.181,255.000,0,78.5671,-47.4008,0.2833,0.5422,0,1,1,1,1,0,0,有效双星
1787910367.330000,0,12,32,5287,1472772.950255500,12,1020,440,228,196,1020,440,228,196,1050.981,535.603,255.000,0,1130.169,489.017,255.000,0,79.1874,-46.5860,1.0240,0.7515,0,1,1,1,1,0,0,有效双星
1787910367.339000,0,12,33,5288,1472772.960253100,12,1020,440,228,196,1020,440,228,196,1056.188,539.968,255.000,0,1135.287,492.195,255.000,0,79.0994,-47.7727,1.1900,0.4992,0,1,1,1,1,0,0,有效双星
1787910367.349000,0,12,34,5289,1472772.970264800,12,1020,440,228,196,1020,440,228,196,1056.120,540.622,255.000,0,1135.268,493.160,255.000,0,79.1479,-47.4624,0.3141,0.1951,0,1,1,1,1,0,0,有效双星
1787910367.360000,0,12,35,5290,1472772.980262000,12,1020,440,228,196,1020,440,228,196,1051.143,537.895,255.000,0,1130.216,490.166,255.000,0,79.0737,-47.7289,0.2766,0.4123,0,1,1,1,1,0,0,有效双星
1787910367.371000,0,12,36,5291,1472772.990273500,12,1020,440,228,196,1020,440,228,196,1044.081,533.154,255.000,0,1123.167,486.068,255.000,0,79.0859,-47.0866,0.6425,0.3451,0,1,1,1,1,0,0,有效双星
1787910367.380000,0,12,37,5292,1472773.000258200,12,1020,440,228,196,1020,440,228,196,1039.079,529.105,255.000,0,1118.283,482.111,255.000,0,79.2041,-46.9945,0.1499,0.4511,0,1,1,1,1,0,0,有效双星
1787910367.390000,0,12,38,5293,1472773.010265500,12,1020,440,228,196,1020,440,228,196,1039.869,528.213,255.000,0,1118.992,481.090,255.000,0,79.1235,-47.1233,0.1520,0.1950,0,1,1,1,1,0,0,有效双星
1787910367.400000,0,12,39,5294,1472773.020615200,12,1020,440,228,196,1020,440,228,196,1044.114,530.497,255.000,0,1123.372,483.165,255.000,0,79.2583,-47.3321,0.2485,0.1806,0,1,1,1,1,0,0,有效双星
1787910367.410000,0,12,40,5295,1472773.030284300,12,1020,440,228,196,1020,440,228,196,1051.021,534.326,255.000,0,1130.169,487.133,255.000,0,79.1482,-47.1926,0.1777,0.0956,0,1,1,1,1,0,0,有效双星
1787910367.420000,0,12,41,5296,1472773.040615700,12,1020,440,228,196,1020,440,228,196,1055.902,538.082,255.000,0,1134.360,491.108,255.000,0,78.4579,-46.9740,0.7241,0.7043,0,1,1,1,1,0,0,有效双星
1787910367.430000,0,12,42,5297,1472773.050287700,12,1020,440,228,196,1020,440,228,196,1055.805,539.465,255.000,0,1134.398,492.192,255.000,0,78.5927,-47.2729,0.3279,0.5177,0,1,1,1,1,0,0,有效双星
1787910367.440000,0,12,43,5298,1472773.060267900,12,1020,440,228,196,1020,440,228,196,1051.131,538.613,255.000,0,1130.246,491.152,255.000,0,79.1154,-47.4613,0.5556,0.2297,0,1,1,1,1,0,0,有效双星
1787910367.450000,0,12,44,5299,1472773.070279100,12,1020,440,228,196,1020,440,228,196,1044.919,534.964,255.000,0,1124.048,488.062,255.000,0,79.1290,-46.9018,0.5597,0.4014,0,1,1,1,1,0,0,有效双星
1787910367.460000,0,12,45,5300,1472773.080249500,12,1020,440,228,196,1020,440,228,196,1039.990,531.204,255.000,0,1119.107,484.104,255.000,0,79.1174,-47.1000,0.1985,0.2026,0,1,1,1,1,0,0,有效双星
1787910367.470000,0,12,46,5301,1472773.090287900,12,1020,440,228,196,1020,440,228,196,1039.838,529.585,255.000,0,1118.334,482.162,255.000,0,78.4961,-47.4229,0.7002,0.6458,0,1,1,1,1,0,0,有效双星
1787910367.480000,0,12,47,5302,1472773.100636800,12,1020,440,228,196,1020,440,228,196,1043.872,530.462,255.000,0,1123.113,483.162,255.000,0,79.2404,-47.2997,0.7545,0.1272,0,1,1,1,1,0,0,有效双星
1787910367.490000,0,12,48,5303,1472773.110246300,12,1020,440,228,196,1020,440,228,196,1050.855,534.031,255.000,0,1129.390,487.125,255.000,0,78.5350,-46.9061,0.8078,0.6947,0,1,1,1,1,0,0,有效双星
1787910367.500000,0,12,49,5304,1472773.120271200,12,1020,440,228,196,1020,440,228,196,1055.164,537.554,255.000,0,1134.397,490.209,255.000,0,79.2329,-47.3456,0.8248,0.1688,0,1,1,1,1,0,0,有效双星
1787910367.510000,0,12,50,5305,1472773.130657300,12,1020,440,228,196,1020,440,228,196,1055.965,538.932,255.000,0,1135.119,492.086,255.000,0,79.1536,-46.8466,0.5053,0.3879,0,1,1,1,1,0,0,有效双星
1787910368.022000,0,13,1,5354,1472773.643579700,13,978,416,228,196,978,416,228,196,1043.124,532.708,255.000,0,1122.236,485.159,255.000,0,79.1121,-47.5486,0.3488,0.4246,0,1,1,1,1,0,0,有效双星
1787910368.033000,0,13,2,5355,1472773.654306900,13,978,416,228,196,978,416,228,196,1044.035,532.545,255.000,0,1123.155,485.136,255.000,0,79.1202,-47.4092,0.1396,0.2612,0,1,1,1,1,0,0,有效双星
1787910368.044000,0,13,3,5356,1472773.663564600,13,978,416,228,196,978,416,228,196,1047.038,533.480,255.000,0,1126.160,486.130,255.000,0,79.1222,-47.3500,0.0592,0.1871,0,1,1,1,1,0,0,有效双星
1787910368.054000,0,13,4,5357,1472773.673563200,13,978,416,228,196,978,416,228,196,1050.869,534.872,255.000,0,1129.354,488.109,255.000,0,78.4852,-46.7637,0.8658,0.7622,0,1,1,1,1,0,0,有效双星
1787910368.064000,0,13,5,5358,1472773.683563000,13,978,416,228,196,978,416,228,196,1052.938,536.595,255.000,0,1131.351,489.171,255.000,0,78.4131,-47.4245,0.6647,0.7574,0,1,1,1,1,0,0,有效双星
1787910368.074000,0,13,6,5359,1472773.693561900,13,978,416,228,196,978,416,228,196,1052.057,536.913,255.000,0,1131.057,490.060,255.000,0,78.9997,-46.8532,0.8189,0.3505,0,1,1,1,1,0,0,有效双星
1787910368.083000,0,13,7,5360,1472773.704397000,13,978,416,228,196,978,416,228,196,1049.072,535.915,255.000,0,1128.084,489.062,255.000,0,79.0124,-46.8522,0.0128,0.3153,0,1,1,1,1,0,0,有效双星
1787910368.092000,0,13,8,5361,1472773.713586800,13,978,416,228,196,978,416,228,196,1045.900,534.253,255.000,0,1124.290,487.136,255.000,0,78.3894,-47.1174,0.6771,0.6867,0,1,1,1,1,0,0,有效双星
1787910368.103000,0,13,9,5362,1472773.723574200,13,978,416,228,196,978,416,228,196,1043.192,532.999,255.000,0,1122.294,486.107,255.000,0,79.1017,-46.8921,0.7470,0.2675,0,1,1,1,1,0,0,有效双星
1787910368.112000,0,13,10,5363,1472773.733561200,13,978,416,228,196,978,416,228,196,1044.151,533.016,255.000,0,1123.162,486.075,255.000,0,79.0104,-46.9415,0.1038,0.1985,0,1,1,1,1,0,0,有效双星
1787910368.124000,0,13,11,5364,1472773.743564200,13,978,416,228,196,978,416,228,196,1047.066,533.905,255.000,0,1126.100,487.069,255.000,0,79.0342,-46.8360,0.1081,0.2940,0,1,1,1,1,0,0,有效双星
1787910368.134000,0,13,12,5365,1472773.753578500,13,978,416,228,196,978,416,228,196,1050.182,535.359,255.000,0,1129.225,488.157,255.000,0,79.0426,-47.2011,0.3652,0.0899,0,1,1,1,1,0,0,有效双星
1787910368.144000,0,13,13,5366,1472773.763562000,13,978,416,228,196,978,416,228,196,1052.131,536.599,255.000,0,1131.177,489.169,255.000,0,79.0469,-47.4297,0.2286,0.3174,0,1,1,1,1,0,0,有效双星
1787910368.154000,0,13,14,5367,1472773.773602800,13,978,416,228,196,978,416,228,196,1051.897,536.232,255.000,0,1130.380,489.195,255.000,0,78.4831,-47.0378,0.6867,0.5717,0,1,1,1,1,0,0,有效双星
1787910368.164000,0,13,15,5368,1472773.783563700,13,978,416,228,196,978,416,228,196,1049.031,535.320,255.000,0,1128.107,489.016,255.000,0,79.0757,-46.3036,0.9436,0.8096,0,1,1,1,1,0,0,有效双星
1787910368.174000,0,13,16,5369,1472773.793627700,13,978,416,228,196,978,416,228,196,1046.086,534.302,255.000,0,1125.026,487.101,255.000,0,78.9405,-47.2009,0.9074,0.1574,0,1,1,1,1,0,0,有效双星
1787910368.184000,0,13,17,5370,1472773.803584100,13,978,416,228,196,978,416,228,196,1044.096,533.204,255.000,0,1123.099,486.109,255.000,0,79.0032,-47.0948,0.1233,0.0323,0,1,1,1,1,0,0,有效双星
1787910368.194000,0,13,18,5371,1472773.813564300,13,978,416,228,196,978,416,228,196,1044.932,533.252,255.000,0,1123.323,486.143,255.000,0,78.3905,-47.1096,0.6129,0.6344,0,1,1,1,1,0,0,有效双星
1787910368.203000,0,13,19,5372,1472773.823555100,13,978,416,228,196,978,416,228,196,1047.109,534.366,255.000,0,1126.126,487.140,255.000,0,79.0176,-47.2263,0.6378,0.1242,0,1,1,1,1,0,0,有效双星
1787910368.214000,0,13,20,5373,1472773.833616500,13,978,416,228,196,978,416,228,196,1049.999,535.302,255.000,0,1129.144,489.038,255.000,0,79.1448,-46.2646,0.9701,0.8588,0,1,1,1,1,0,0,有效双星
1787910368.224000,0,13,21,5374,1472773.843553600,13,978,416,228,196,978,416,228,196,1052.023,536.248,255.000,0,1131.062,489.132,255.000,0,79.0388,-47.1152,0.8572,0.0272,0,1,1,1,1,0,0,有效双星
1787910368.234000,0,13,22,5375,1472773.853552500,13,978,416,228,196,978,416,228,196,1051.114,535.859,255.000,0,1130.285,489.117,255.000,0,79.1708,-46.7425,0.3954,0.3920,0,1,1,1,1,0,0,有效双星
1787910368.246000,0,13,23,5376,1472773.863557700,13,978,416,228,196,978,416,228,196,1049.105,535.121,255.000,0,1128.155,488.108,255.000,0,79.0498,-47.0135,0.2968,0.0632,0,1,1,1,1,0,0,有效双星
1787910368.254000,0,13,24,5377,1472773.873588900,13,978,416,228,196,978,416,228,196,1046.197,533.980,255.000,0,1125.280,487.088,255.000,0,79.0828,-46.8920,0.1260,0.1499,0,1,1,1,1,0,0,有效双星
1787910368.264000,0,13,25,5378,1472773.883556200,13,978,416,228,196,978,416,228,196,1044.889,533.009,255.000,0,1124.005,486.101,255.000,0,79.1161,-46.9086,0.0372,0.1478,0,1,1,1,1,0,0,有效双星
1787910368.274000,0,13,26,5379,1472773.893558800,13,978,416,228,196,978,416,228,196,1045.061,533.540,255.000,0,1124.131,486.142,255.000,0,79.0694,-47.3973,0.4910,0.4211,0,1,1,1,1,0,0,有效双星
1787910368.283000,0,13,27,5380,1472773.903629200,13,978,416,228,196,978,416,228,196,1047.055,534.051,255.000,0,1126.185,487.118,255.000,0,79.1299,-46.9331,0.4681,0.1285,0,1,1,1,1,0,0,有效双星
1787910368.292000,0,13,28,5381,1472773.913608100,13,978,416,228,196,978,416,228,196,1049.999,535.284,255.000,0,1129.058,488.131,255.000,0,79.0585,-47.1533,0.2315,0.1284,0,1,1,1,1,0,0,有效双星
1787910368.303000,0,13,29,5382,1472773.923563200,13,978,416,228,196,978,416,228,196,1051.866,536.189,255.000,0,1130.341,489.164,255.000,0,78.4752,-47.0248,0.5972,0.5731,0,1,1,1,1,0,0,有效双星
1787910368.314000,0,13,30,5383,1472773.933636100,13,978,416,228,196,978,416,228,196,1051.071,536.172,255.000,0,1130.217,489.151,255.000,0,79.1464,-47.0212,0.6711,0.1021,0,1,1,1,1,0,0,有效双星
1787910368.324000,0,13,31,5384,1472773.943563200,13,978,416,228,196,978,416,228,196,1049.062,535.066,255.000,0,1128.209,488.121,255.000,0,79.1476,-46.9451,0.0761,0.1315,0,1,1,1,1,0,0,有效双星
1787910368.334000,0,13,32,5385,1472773.953561600,13,978,416,228,196,978,416,228,196,1046.123,533.345,255.000,0,1125.355,487.072,255.000,0,79.2321,-46.2737,0.6767,0.7783,0,1,1,1,1,0,0,有效双星
1787910368.344000,0,13,33,5386,1472773.963569600,13,978,416,228,196,978,416,228,196,1044.995,532.870,255.000,0,1124.127,486.074,255.000,0,79.1314,-46.7959,0.5319,0.2369,0,1,1,1,1,0,0,有效双星
1787910368.352000,0,13,34,5387,1472773.973572300,13,978,416,228,196,978,416,228,196,1045.895,533.242,255.000,0,1124.331,486.140,255.000,0,78.4360,-47.1019,0.7597,0.6422,0,1,1,1,1,0,0,有效双星
1787910368.362000,0,13,35,5388,1472773.983582100,13,978,416,228,196,978,416,228,196,1047.896,534.307,255.000,0,1126.362,487.174,255.000,0,78.4666,-47.1327,0.0434,0.6169,0,1,1,1,1,0,0,有效双星
1787910368.373000,0,13,36,5389,1472773.993583300,13,978,416,228,196,978,416,228,196,1049.964,535.865,255.000,0,1128.427,489.111,255.000,0,78.4626,-46.7540,0.3788,0.6587,0,1,1,1,1,0,0,有效双星
1787910368.384000,0,13,37,5390,1472774.003558300,13,978,416,228,196,978,416,228,196,1050.955,536.299,255.000,0,1130.091,489.155,255.000,0,79.1361,-47.1441,0.7783,0.1458,0,1,1,1,1,0,0,有效双星
1787910368.394000,0,13,38,5391,1472774.013570300,13,978,416,228,196,978,416,228,196,1050.167,536.074,255.000,0,1129.339,489.141,255.000,0,79.1720,-46.9329,0.2142,0.1278,0,1,1,1,1,0,0,有效双星
1787910368.404000,0,13,39,5392,1472774.023589500,13,978,416,228,196,978,416,228,196,1048.895,535.001,255.000,0,1127.438,488.160,255.000,0,78.5426,-46.8415,0.6360,0.5737,0,1,1,1,1,0,0,有效双星
1787910368.414000,0,13,40,5393,1472774.033591400,13,978,416,228,196,978,416,228,196,1046.887,533.915,255.000,0,1125.404,487.129,255.000,0,78.5171,-46.7854,0.0616,0.6023,0,1,1,1,1,0,0,有效双星
1787910368.422000,0,13,41,5394,1472774.043599500,13,978,416,228,196,978,416,228,196,1045.246,533.253,255.000,0,1124.320,486.127,255.000,0,79.0734,-47.1259,0.6522,0.1868,0,1,1,1,1,0,0,有效双星
1787910368.437000,0,13,42,5395,1472774.053595400,13,978,416,228,196,978,416,228,196,1045.942,533.006,255.000,0,1125.038,486.089,255.000,0,79.0956,-46.9173,0.2097,0.0279,0,1,1,1,1,0,0,有效双星
1787910368.444000,0,13,43,5396,1472774.063576900,13,978,416,228,196,978,416,228,196,1047.830,534.004,255.000,0,1126.347,487.134,255.000,0,78.5175,-46.8703,0.5800,0.5648,0,1,1,1,1,0,0,有效双星
1787910368.453000,0,13,44,5397,1472774.073700500,13,978,416,228,196,978,416,228,196,1049.899,535.550,255.000,0,1128.987,488.140,255.000,0,79.0871,-47.4099,0.7847,0.4770,0,1,1,1,1,0,0,有效双星
1787910368.464000,0,13,45,5398,1472774.083583000,13,978,416,228,196,978,416,228,196,1050.998,536.212,255.000,0,1130.093,489.128,255.000,0,79.0949,-47.0841,0.3259,0.1457,0,1,1,1,1,0,0,有效双星
1787910368.472000,0,13,46,5399,1472774.093602600,13,978,416,228,196,978,416,228,196,1050.812,536.029,255.000,0,1129.279,489.125,255.000,0,78.4661,-46.9043,0.6540,0.6192,0,1,1,1,1,0,0,有效双星
1787910368.484000,0,13,47,5400,1472774.103693700,13,978,416,228,196,978,416,228,196,1048.198,535.081,255.000,0,1127.274,488.107,255.000,0,79.0762,-46.9737,0.6140,0.0349,0,1,1,1,1,0,0,有效双星
1787910368.492000,0,13,48,5401,1472774.113561400,13,978,416,228,196,978,416,228,196,1046.106,533.697,255.000,0,1125.265,486.185,255.000,0,79.1591,-47.5121,0.5447,0.5591,0,1,1,1,1,0,0,有效双星
1787910368.504000,0,13,49,5402,1472774.123566900,13,978,416,228,196,978,416,228,196,1045.888,533.109,255.000,0,1124.339,486.130,255.000,0,78.4511,-46.9790,0.8863,0.6309,0,1,1,1,1,0,0,有效双星
1787910368.514000,0,13,50,5403,1472774.133563700,13,978,416,228,196,978,416,228,196,1046.094,533.489,255.000,0,1125.278,486.174,255.000,0,79.1847,-47.3143,0.8067,0.3696,0,1,1,1,1,0,0,有效双星
1787910371.284000,0,14,1,5677,1472776.903292300,14,988,374,228,197,988,374,228,197,1108.009,452.223,255.000,0,1187.103,405.144,255.000,0,79.0936,-47.0792,0.3097,0.1406,0,1,1,1,1,0,0,有效双星
1787910371.294000,0,14,2,5678,1472776.913142600,14,988,374,228,197,988,374,228,197,1119.910,458.057,255.000,0,1198.414,411.149,255.000,0,78.5044,-46.9072,0.6138,0.5954,0,1,1,1,1,0,0,有效双星
1787910371.303000,0,14,3,5679,1472776.923151300,14,988,374,228,197,988,374,228,197,1120.866,465.448,255.000,0,1199.402,418.199,255.000,0,78.5359,-47.2491,0.3433,0.6310,0,1,1,1,1,0,0,有效双星
1787910371.314000,0,14,4,5680,1472776.933339500,14,988,374,228,197,988,374,228,197,1110.170,472.918,255.000,0,1189.333,426.114,255.000,0,79.1626,-46.8043,0.7686,0.1574,0,1,1,1,1,0,0,有效双星
1787910371.323000,0,14,5,5681,1472776.943133300,14,988,374,228,197,988,374,228,197,1095.987,480.218,255.000,0,1175.060,433.146,255.000,0,79.0725,-47.0716,0.2821,0.1299,0,1,1,1,1,0,0,有效双星
1787910371.334000,0,14,6,5682,1472776.954062600,14,988,374,228,197,988,374,228,197,1086.017,485.110,255.000,0,1165.083,438.124,255.000,0,79.0660,-46.9868,0.0851,0.0420,0,1,1,1,1,0,0,有效双星
1787910371.343000,0,14,7,5683,1472776.963117900,14,988,374,228,197,988,374,228,197,1080.125,487.234,255.000,0,1159.198,440.156,255.000,0,79.0724,-47.0782,0.0917,0.0959,0,1,1,1,1,0,0,有效双星
1787910371.354000,0,14,8,5684,1472776.973319500,14,988,374,228,197,988,374,228,197,1079.934,485.818,255.000,0,1158.333,439.087,255.000,0,78.3999,-46.7309,0.7569,0.7180,0,1,1,1,1,0,0,有效双星
1787910371.363000,0,14,9,5685,1472776.983126600,14,988,374,228,197,988,374,228,197,1083.064,483.059,255.000,0,1162.095,436.111,255.000,0,79.0312,-46.9479,0.6676,0.0396,0,1,1,1,1,0,0,有效双星
1787910371.374000,0,14,10,5686,1472776.993122700,14,988,374,228,197,988,374,228,197,1089.955,482.162,255.000,0,1168.392,435.162,255.000,0,78.4375,-47.0003,0.5961,0.6340,0,1,1,1,1,0,0,有效双星
1787910371.382000,0,14,11,5687,1472777.003118700,14,988,374,228,197,988,374,228,197,1096.049,484.345,255.000,0,1175.124,438.009,255.000,0,79.0747,-46.3356,0.9208,0.6273,0,1,1,1,1,0,0,有效双星
1787910371.392000,0,14,12,5688,1472777.013134600,14,988,374,228,197,988,374,228,197,1097.150,487.889,255.000,0,1176.342,441.131,255.000,0,79.1915,-46.7579,0.4382,0.2380,0,1,1,1,1,0,0,有效双星
1787910371.402000,0,14,13,5689,1472777.023322400,14,988,374,228,197,988,374,228,197,1092.118,490.231,255.000,0,1171.246,443.164,255.000,0,79.1287,-47.0671,0.3155,0.1512,0,1,1,1,1,0,0,有效双星
1787910371.412000,0,14,14,5690,1472777.033147900,14,988,374,228,197,988,374,228,197,1082.119,491.169,255.000,0,1161.301,444.187,255.000,0,79.1815,-46.9818,0.1003,0.1100,0,1,1,1,1,0,0,有效双星
1787910371.423000,0,14,15,5691,1472777.043154900,14,988,374,228,197,988,374,228,197,1074.023,492.967,255.000,0,1153.054,446.097,255.000,0,79.0315,-46.8700,0.1870,0.1213,0,1,1,1,1,0,0,有效双星
1787910371.440000,0,14,16,5692,1472777.053159900,14,988,374,228,197,988,374,228,197,1069.039,498.150,255.000,0,1148.022,451.113,255.000,0,78.9832,-47.0373,0.1741,0.1135,0,1,1,1,1,0,0,有效双星
1787910371.442000,0,14,17,5693,1472777.063148100,14,988,374,228,197,988,374,228,197,1067.867,506.567,255.000,0,1146.329,460.062,255.000,0,78.4622,-46.5058,0.7442,0.7714,0,1,1,1,1,0,0,有效双星
1787910371.454000,0,14,18,5694,1472777.073128500,14,988,374,228,197,988,374,228,197,1067.859,515.748,255.000,0,1146.244,469.060,255.000,0,78.3847,-46.6877,0.1978,0.7272,0,1,1,1,1,0,0,有效双星
1787910371.462000,0,14,19,5695,1472777.083121400,14,988,374,228,197,988,374,228,197,1065.881,521.162,255.000,0,1144.343,474.191,255.000,0,78.4613,-46.9716,0.2940,0.5875,0,1,1,1,1,0,0,有效双星
1787910371.474000,0,14,20,5696,1472777.093152600,14,988,374,228,197,988,374,228,197,1061.036,522.220,255.000,0,1140.086,475.154,255.000,0,79.0499,-47.0658,0.5961,0.0891,0,1,1,1,1,0,0,有效双星
1787910371.482000,0,14,21,5697,1472777.103120200,14,988,374,228,197,988,374,228,197,1055.083,520.049,255.000,0,1134.128,473.116,255.000,0,79.0449,-46.9322,0.1337,0.0447,0,1,1,1,1,0,0,有效双星
1787910371.494000,0,14,22,5698,1472777.113145600,14,988,374,228,197,988,374,228,197,1050.116,517.558,255.000,0,1129.330,471.104,255.000,0,79.2135,-46.4541,0.5070,0.5352,0,1,1,1,1,0,0,有效双星
1787910371.504000,0,14,23,5699,1472777.123129800,14,988,374,228,197,988,374,228,197,1049.794,517.744,255.000,0,1128.258,471.100,255.000,0,78.4644,-46.6441,0.7729,0.6630,0,1,1,1,1,0,0,有效双星
1787910371.512000,0,14,24,5700,1472777.133321800,14,988,374,228,197,988,374,228,197,1051.089,519.835,255.000,0,1130.204,473.104,255.000,0,79.1144,-46.7310,0.6559,0.2195,0,1,1,1,1,0,0,有效双星
1787910371.524000,0,14,25,5701,1472777.143302700,14,988,374,228,197,988,374,228,197,1054.151,522.289,255.000,0,1133.204,475.166,255.000,0,79.0525,-47.1232,0.3970,0.1832,0,1,1,1,1,0,0,有效双星
1787910371.532000,0,14,26,5702,1472777.153117700,14,988,374,228,197,988,374,228,197,1056.974,523.946,255.000,0,1135.319,477.092,255.000,0,78.3451,-46.8538,0.7570,0.7076,0,1,1,1,1,0,0,有效双星
1787910371.543000,0,14,27,5703,1472777.163117100,14,988,374,228,197,988,374,228,197,1057.090,524.252,255.000,0,1136.125,477.153,255.000,0,79.0347,-47.0981,0.7316,0.1970,0,1,1,1,1,0,0,有效双星
1787910371.554000,0,14,28,5704,1472777.173119600,14,988,374,228,197,988,374,228,197,1056.032,524.821,255.000,0,1135.014,478.050,255.000,0,78.9820,-46.7709,0.3314,0.1398,0,1,1,1,1,0,0,有效双星
1787910371.564000,0,14,29,5705,1472777.183325600,14,988,374,228,197,988,374,228,197,1053.018,524.686,255.000,0,1132.111,478.067,255.000,0,79.0934,-46.6186,0.1887,0.2889,0,1,1,1,1,0,0,有效双星
1787910371.572000,0,14,30,5706,1472777.193123400,14,988,374,228,197,988,374,228,197,1048.978,523.696,255.000,0,1128.132,477.088,255.000,0,79.1540,-46.6080,0.0614,0.2784,0,1,1,1,1,0,0,有效双星
1787910371.582000,0,14,31,5707,1472777.203260300,14,988,374,228,197,988,374,228,197,1045.053,522.683,255.000,0,1124.163,476.076,255.000,0,79.1101,-46.6075,0.0439,0.2142,0,1,1,1,1,0,0,有效双星
1787910371.592000,0,14,32,5708,1472777.213138100,14,988,374,228,197,988,374,228,197,1042.947,523.118,255.000,0,1122.074,476.160,255.000,0,79.1269,-46.9579,0.3508,0.1659,0,1,1,1,1,0,0,有效双星
1787910371.603000,0,14,33,5709,1472777.223131600,14,988,374,228,197,988,374,228,197,1043.986,527.256,255.000,0,1122.414,480.195,255.000,0,78.4286,-47.0618,0.7060,0.6503,0,1,1,1,1,0,0,有效双星
1787910371.614000,0,14,34,5710,1472777.233131600,14,988,374,228,197,988,374,228,197,1046.929,533.113,255.000,0,1125.332,486.151,255.000,0,78.4023,-46.9618,0.1034,0.6453,0,1,1,1,1,0,0,有效双星
1787910371.622000,0,14,35,5711,1472777.243356200,14,988,374,228,197,988,374,228,197,1048.957,537.533,255.000,0,1127.338,490.193,255.000,0,78.3814,-47.3397,0.3785,0.8081,0,1,1,1,1,0,0,有效双星
1787910371.634000,0,14,36,5712,1472777.253372600,14,988,374,228,197,988,374,228,197,1047.985,537.266,255.000,0,1126.357,490.175,255.000,0,78.3727,-47.0907,0.2492,0.6663,0,1,1,1,1,0,0,有效双星
1787910371.642000,0,14,37,5713,1472777.263145400,14,988,374,228,197,988,374,228,197,1043.952,533.170,255.000,0,1122.420,486.194,255.000,0,78.4678,-46.9760,0.1490,0.5469,0,1,1,1,1,0,0,有效双星
1787910371.653000,0,14,38,5714,1472777.273176400,14,988,374,228,197,988,374,228,197,1039.115,529.088,255.000,0,1118.181,482.137,255.000,0,79.0661,-46.9514,0.5989,0.0581,0,1,1,1,1,0,0,有效双星
1787910371.664000,0,14,39,5715,1472777.283150300,14,988,374,228,197,988,374,228,197,1036.042,528.125,255.000,0,1115.112,481.148,255.000,0,79.0701,-46.9764,0.0254,0.0373,0,1,1,1,1,0,0,有效双星
1787910371.674000,0,14,40,5716,1472777.293184500,14,988,374,228,197,988,374,228,197,1034.887,531.493,255.000,0,1113.404,485.089,255.000,0,78.5167,-46.4039,0.7963,0.7648,0,1,1,1,1,0,0,有效双星
1787910371.685000,0,14,41,5717,1472777.303162900,14,988,374,228,197,988,374,228,197,1034.129,537.278,255.000,0,1113.228,490.183,255.000,0,79.0993,-47.0948,0.9037,0.1642,0,1,1,1,1,0,0,有效双星
1787910371.692000,0,14,42,5718,1472777.313392800,14,988,374,228,197,988,374,228,197,1033.158,543.142,255.000,0,1112.264,496.167,255.000,0,79.1064,-46.9747,0.1204,0.0659,0,1,1,1,1,0,0,有效双星
1787910371.704000,0,14,43,5719,1472777.323142100,14,988,374,228,197,988,374,228,197,1032.106,547.643,255.000,0,1111.145,501.050,255.000,0,79.0388,-46.5928,0.3878,0.3671,0,1,1,1,1,0,0,有效双星
1787910371.714000,0,14,44,5720,1472777.333388200,14,988,374,228,197,988,374,228,197,1031.204,549.647,255.000,0,1110.204,503.035,255.000,0,78.9999,-46.6120,0.0433,0.3508,0,1,1,1,1,0,0,有效双星
1787910371.724000,0,14,45,5721,1472777.343146800,14,988,374,228,197,988,374,228,197,1030.223,548.229,255.000,0,1109.211,501.146,255.000,0,78.9883,-47.0825,0.4706,0.1319,0,1,1,1,1,0,0,有效双星
1787910371.734000,0,14,46,5722,1472777.353153100,14,988,374,228,197,988,374,228,197,1028.981,544.246,255.000,0,1107.356,497.170,255.000,0,78.3752,-47.0765,0.6132,0.6527,0,1,1,1,1,0,0,有效双星
1787910371.747000,0,14,47,5723,1472777.363333800,14,988,374,228,197,988,374,228,197,1027.147,539.767,255.000,0,1106.260,493.100,255.000,0,79.1132,-46.6666,0.8443,0.3165,0,1,1,1,1,0,0,有效双星
1787910371.753000,0,14,48,5724,1472777.373141400,14,988,374,228,197,988,374,228,197,1027.101,537.562,255.000,0,1106.220,491.068,255.000,0,79.1193,-46.4937,0.1730,0.4767,0,1,1,1,1,0,0,有效双星
1787910371.764000,0,14,49,5725,1472777.383140400,14,988,374,228,197,988,374,228,197,1028.079,538.797,255.000,0,1107.207,492.110,255.000,0,79.1282,-46.6872,0.1937,0.2829,0,1,1,1,1,0,0,有效双星
1787910371.772000,0,14,50,5726,1472777.393427100,14,988,374,228,197,988,374,228,197,1029.143,543.214,255.000,0,1108.218,496.165,255.000,0,79.0757,-47.0493,0.3659,0.0925,0,1,1,1,1,0,0,有效双星
1787910372.489000,1,15,1,5773,1472778.098365400,0,0,0,1920,1200,0,0,1920,1200,957.234,503.244,255.000,0,1035.667,456.231,255.000,0,78.4332,-47.0138,0.0000,0.0000,0,1,1,1,0,0,0,全画幅定位成功，已选择面积最大的两个有效连通域
1787910372.534000,1,16,1,5774,1472778.155778700,1,882,382,228,196,882,382,228,196,985.044,464.010,255.000,0,1064.157,417.085,255.000,0,79.1132,-46.9248,0.6858,0.0000,0,1,1,1,0,0,0,有效双星
1787910372.568000,1,17,1,5775,1472778.188510500,2,910,342,228,196,910,342,228,196,983.993,473.940,255.000,0,1063.191,427.108,255.000,0,79.1980,-46.8324,0.1254,0.0000,0,1,1,1,1,0,0,有效双星
1787910372.578000,1,17,2,5776,1472778.198429100,2,910,342,228,196,910,342,228,196,986.922,476.793,255.000,0,1066.069,430.070,255.000,0,79.1469,-46.7227,0.1210,0.0000,0,1,1,1,1,0,0,有效双星
1787910372.587000,1,17,3,5777,1472778.208517800,2,910,342,228,196,910,342,228,196,988.153,476.283,255.000,0,1067.285,429.158,255.000,0,79.1322,-47.1257,0.4033,0.0000,0,1,1,1,1,0,0,有效双星
1787910372.598000,1,17,4,5778,1472778.218436800,2,910,342,228,196,910,342,228,196,987.169,472.291,255.000,0,1066.385,425.195,255.000,0,79.2154,-47.0956,0.0885,0.1900,0,1,1,1,1,0,0,有效双星
1787910372.607000,1,17,5,5779,1472778.228939800,2,910,342,228,196,910,342,228,196,985.069,467.176,255.000,0,1064.262,420.145,255.000,0,79.1924,-47.0307,0.0689,0.0810,0,1,1,1,1,0,0,有效双星
1787910372.619000,1,17,6,5780,1472778.238433000,2,910,342,228,196,910,342,228,196,983.089,463.280,255.000,0,1062.268,416.159,255.000,0,79.1791,-47.1213,0.0916,0.1122,0,1,1,1,1,0,0,有效双星
1787910372.628000,1,17,7,5781,1472778.248989200,2,910,342,228,196,910,342,228,196,983.032,462.920,255.000,0,1062.212,416.093,255.000,0,79.1793,-46.8272,0.2940,0.1957,0,1,1,1,1,0,0,有效双星
1787910372.638000,1,17,8,5782,1472778.258434100,2,910,342,228,196,910,342,228,196,984.954,466.154,255.000,0,1064.099,419.116,255.000,0,79.1450,-47.0385,0.2140,0.0421,0,1,1,1,1,0,0,有效双星
1787910372.650000,1,17,9,5783,1472778.271588700,2,910,342,228,196,910,342,228,196,987.020,471.031,255.000,0,1066.216,424.119,255.000,0,79.1958,-46.9117,0.1366,0.1153,0,1,1,1,1,0,0,有效双星
1787910372.660000,1,17,10,5784,1472778.280308500,2,910,342,228,196,910,342,228,196,988.076,474.965,255.000,0,1067.265,428.113,255.000,0,79.1881,-46.8518,0.0603,0.1622,0,1,1,1,1,0,0,有效双星
1787910372.667000,1,17,11,5785,1472778.288428600,2,910,342,228,196,910,342,228,196,987.109,476.022,255.000,0,1066.331,429.144,255.000,0,79.2221,-46.8777,0.0427,0.1012,0,1,1,1,1,0,0,有效双星
1787910372.677000,1,17,12,5786,1472778.298464600,2,910,342,228,196,910,342,228,196,985.111,474.303,255.000,0,1064.272,427.159,255.000,0,79.1606,-47.1446,0.2739,0.2206,0,1,1,1,1,0,0,有效双星
1787910372.688000,1,17,13,5787,1472778.308556100,2,910,342,228,196,910,342,228,196,983.062,470.753,255.000,0,1062.262,424.070,255.000,0,79.2001,-46.6826,0.4637,0.2875,0,1,1,1,1,0,0,有效双星
1787910372.698000,1,17,14,5788,1472778.318463800,2,910,342,228,196,910,342,228,196,982.171,467.160,255.000,0,1061.373,420.151,255.000,0,79.2021,-47.0095,0.3269,0.0877,0,1,1,1,1,0,0,有效双星
1787910372.707000,1,17,15,5789,1472778.328471300,2,910,342,228,196,910,342,228,196,983.853,465.142,255.000,0,1062.382,418.152,255.000,0,78.5288,-46.9893,0.6736,0.6553,0,1,1,1,1,0,0,有效双星
1787910372.718000,1,17,16,5790,1472778.338537400,2,910,342,228,196,910,342,228,196,985.893,465.198,255.000,0,1065.069,418.132,255.000,0,79.1751,-47.0654,0.6508,0.0762,0,1,1,1,1,0,0,有效双星
1787910372.729000,1,17,17,5791,1472778.348530200,2,910,342,228,196,910,342,228,196,988.005,467.594,255.000,0,1067.198,420.171,255.000,0,79.1931,-47.4231,0.3581,0.4239,0,1,1,1,1,0,0,有效双星
1787910372.737000,1,17,18,5792,1472778.358448900,2,910,342,228,196,910,342,228,196,989.033,470.884,255.000,0,1068.205,424.082,255.000,0,79.1723,-46.8027,0.6208,0.2069,0,1,1,1,1,0,0,有效双星
1787910372.748000,1,17,19,5793,1472778.368457000,2,910,342,228,196,910,342,228,196,988.081,473.665,255.000,0,1067.266,427.056,255.000,0,79.1849,-46.6089,0.1941,0.3905,0,1,1,1,1,0,0,有效双星
1787910372.758000,1,17,20,5794,1472778.378560100,2,910,342,228,196,910,342,228,196,985.959,474.290,255.000,0,1065.103,427.139,255.000,0,79.1438,-47.1516,0.5442,0.1982,0,1,1,1,1,0,0,有效双星
1787910372.768000,1,17,21,5795,1472778.388561300,2,910,342,228,196,910,342,228,196,982.982,472.906,255.000,0,1062.208,426.103,255.000,0,79.2254,-46.8036,0.3574,0.2005,0,1,1,1,1,0,0,有效双星
1787910372.778000,1,17,22,5796,1472778.398457900,2,910,342,228,196,910,342,228,196,981.173,470.575,255.000,0,1060.397,423.194,255.000,0,79.2233,-47.3808,0.5772,0.3836,0,1,1,1,1,0,0,有效双星
1787910372.788000,1,17,23,5797,1472778.408437400,2,910,342,228,196,910,342,228,196,982.106,467.935,255.000,0,1061.321,421.106,255.000,0,79.2155,-46.8290,0.5518,0.1932,0,1,1,1,1,0,0,有效双星
1787910372.798000,1,17,24,5798,1472778.418566700,2,910,342,228,196,910,342,228,196,984.984,466.645,255.000,0,1064.178,419.173,255.000,0,79.1943,-47.4717,0.6430,0.4723,0,1,1,1,1,0,0,有效双星
1787910372.811000,1,17,25,5799,1472778.428452200,2,910,342,228,196,910,342,228,196,988.019,466.986,255.000,0,1067.165,420.084,255.000,0,79.1465,-46.9024,0.5713,0.1064,0,1,1,1,1,0,0,有效双星
1787910372.818000,1,17,26,5800,1472778.438443400,2,910,342,228,196,910,342,228,196,989.915,468.584,255.000,0,1069.065,421.147,255.000,0,79.1498,-47.4369,0.5345,0.4878,0,1,1,1,1,0,0,有效双星
1787910372.828000,1,17,27,5801,1472778.448448100,2,910,342,228,196,910,342,228,196,989.118,470.562,255.000,0,1068.326,423.180,255.000,0,79.2079,-47.3822,0.0797,0.4323,0,1,1,1,1,0,0,有效双星
1787910372.838000,1,17,28,5802,1472778.458484900,2,910,342,228,196,910,342,228,196,987.021,471.966,255.000,0,1066.209,425.100,255.000,0,79.1888,-46.8655,0.5171,0.1339,0,1,1,1,1,0,0,有效双星
1787910372.847000,1,17,29,5803,1472778.468454900,2,910,342,228,196,910,342,228,196,983.963,472.253,255.000,0,1063.182,425.153,255.000,0,79.2186,-47.0995,0.2358,0.1515,0,1,1,1,1,0,0,有效双星
1787910372.857000,1,17,30,5804,1472778.478479600,2,910,342,228,196,910,342,228,196,981.929,471.679,255.000,0,1061.083,425.030,255.000,0,79.1543,-46.6495,0.4545,0.3518,0,1,1,1,1,0,0,有效双星
1787910372.872000,1,17,31,5805,1472778.488484000,2,910,342,228,196,910,342,228,196,981.207,470.277,255.000,0,1060.383,423.156,255.000,0,79.1757,-47.1212,0.4722,0.1228,0,1,1,1,1,0,0,有效双星
1787910372.878000,1,17,32,5806,1472778.498558200,2,910,342,228,196,910,342,228,196,983.185,469.077,255.000,0,1062.345,422.112,255.000,0,79.1598,-46.9650,0.1570,0.0773,0,1,1,1,1,0,0,有效双星
1787910372.888000,1,17,33,5807,1472778.508465600,2,910,342,228,196,910,342,228,196,986.893,468.650,255.000,0,1065.987,421.134,255.000,0,79.0934,-47.5160,0.5550,0.5250,0,1,1,1,1,0,0,有效双星
1787910372.898000,1,17,34,5808,1472778.518451700,2,910,342,228,196,910,342,228,196,989.096,468.821,255.000,0,1068.319,422.096,255.000,0,79.2229,-46.7257,0.8009,0.3146,0,1,1,1,1,0,0,有效双星
1787910372.908000,1,17,35,5809,1472778.528471800,2,910,342,228,196,910,342,228,196,990.132,469.946,255.000,0,1069.243,423.071,255.000,0,79.1111,-46.8753,0.1868,0.1671,0,1,1,1,1,0,0,有效双星
1787910372.918000,1,17,36,5810,1472778.538463900,2,910,342,228,196,910,342,228,196,988.215,470.285,255.000,0,1067.384,423.160,255.000,0,79.1689,-47.1244,0.2557,0.1098,0,1,1,1,1,0,0,有效双星
1787910372.928000,1,17,37,5811,1472778.548469200,2,910,342,228,196,910,342,228,196,985.065,470.166,255.000,0,1064.241,423.127,255.000,0,79.1751,-47.0396,0.0850,0.0090,0,1,1,1,1,0,0,有效双星
1787910372.938000,1,17,38,5812,1472778.558487600,2,910,342,228,196,910,342,228,196,982.063,470.018,255.000,0,1061.199,423.082,255.000,0,79.1355,-46.9369,0.1101,0.0766,0,1,1,1,1,0,0,有效双星
1787910372.948000,1,17,39,5813,1472778.568460400,2,910,342,228,196,910,342,228,196,981.025,469.961,255.000,0,1060.226,423.097,255.000,0,79.2011,-46.8640,0.0980,0.1406,0,1,1,1,1,0,0,有效双星
1787910372.958000,1,17,40,5814,1472778.578457700,2,910,342,228,196,910,342,228,196,983.019,470.690,255.000,0,1062.174,423.161,255.000,0,79.1543,-47.5293,0.6670,0.5275,0,1,1,1,1,0,0,有效双星
1787910372.968000,1,17,41,5815,1472778.588440500,2,910,342,228,196,910,342,228,196,986.138,471.220,255.000,0,1065.301,424.140,255.000,0,79.1628,-47.0802,0.4493,0.0789,0,1,1,1,1,0,0,有效双星
1787910372.984000,1,17,42,5816,1472778.598559600,2,910,342,228,196,910,342,228,196,989.019,471.210,255.000,0,1068.153,424.119,255.000,0,79.1343,-47.0914,0.0306,0.0491,0,1,1,1,1,0,0,有效双星
1787910372.988000,1,17,43,5817,1472778.608567700,2,910,342,228,196,910,342,228,196,989.939,470.298,255.000,0,1068.388,423.148,255.000,0,78.4489,-47.1499,0.6879,0.7226,0,1,1,1,1,0,0,有效双星
1787910372.999000,1,17,44,5818,1472778.618462900,2,910,342,228,196,910,342,228,196,988.005,468.834,255.000,0,1067.129,422.052,255.000,0,79.1238,-46.7827,0.7683,0.3053,0,1,1,1,1,0,0,有效双星
1787910373.007000,1,17,45,5819,1472778.628434800,2,910,342,228,196,910,342,228,196,985.144,468.015,255.000,0,1064.307,421.098,255.000,0,79.1638,-46.9172,0.1403,0.1428,0,1,1,1,1,0,0,有效双星
1787910373.018000,1,17,46,5820,1472778.638470200,2,910,342,228,196,910,342,228,196,983.126,468.226,255.000,0,1062.290,421.133,255.000,0,79.1637,-47.0935,0.1763,0.0337,0,1,1,1,1,0,0,有效双星
1787910373.028000,1,17,47,5821,1472778.648527100,2,910,342,228,196,910,342,228,196,982.918,469.161,255.000,0,1062.112,422.121,255.000,0,79.1932,-47.0400,0.0611,0.0360,0,1,1,1,1,0,0,有效双星
1787910373.038000,1,17,48,5822,1472778.658572100,2,910,342,228,196,910,342,228,196,984.013,470.826,255.000,0,1063.145,424.051,255.000,0,79.1322,-46.7750,0.2719,0.2666,0,1,1,1,1,0,0,有效双星
1787910373.048000,1,17,49,5823,1472778.668482100,2,910,342,228,196,910,342,228,196,986.030,471.874,255.000,0,1065.150,425.062,255.000,0,79.1205,-46.8121,0.0389,0.2313,0,1,1,1,1,0,0,有效双星
1787910373.063000,1,17,50,5824,1472778.678512500,2,910,342,228,196,910,342,228,196,987.949,472.007,255.000,0,1067.046,425.079,255.000,0,79.0970,-46.9277,0.1180,0.0958,0,1,1,1,1,0,0,有效双星
1787910378.428000,1,18,1,6358,1472784.048470200,3,890,306,227,196,890,306,227,196,936.878,407.916,255.000,0,1015.258,361.177,255.000,0,78.3803,-46.7394,0.1051,0.2352,0,1,1,1,1,0,0,有效双星
1787910378.440000,1,18,2,6359,1472784.059237400,3,890,306,227,196,890,306,227,196,932.946,399.344,255.000,0,1011.272,353.086,255.000,0,78.3254,-46.2574,0.4851,0.2514,0,1,1,1,1,0,0,有效双星
1787910378.448000,1,18,3,6360,1472784.068461500,3,890,306,227,196,890,306,227,196,932.981,393.114,255.000,0,1011.303,347.049,255.000,0,78.3225,-46.0654,0.1920,0.4430,0,1,1,1,1,0,0,有效双星
1787910378.458000,1,18,4,6361,1472784.078479900,3,890,306,227,196,890,306,227,196,935.970,391.362,255.000,0,1014.309,345.093,255.000,0,78.3397,-46.2687,0.2040,0.2035,0,1,1,1,1,0,0,有效双星
1787910378.467000,1,18,5,6362,1472784.088475000,3,890,306,227,196,890,306,227,196,938.919,394.199,255.000,0,1017.225,348.056,255.000,0,78.3065,-46.1434,0.1296,0.2791,0,1,1,1,1,0,0,有效双星
1787910378.478000,1,18,6,6363,1472784.098502700,3,890,306,227,196,890,306,227,196,938.858,399.608,255.000,0,1017.184,353.103,255.000,0,78.3256,-46.5052,0.3623,0.1723,0,1,1,1,1,0,0,有效双星
1787910378.488000,1,18,7,6364,1472784.108477900,3,890,306,227,196,890,306,227,196,935.143,405.287,255.000,0,1014.031,359.046,255.000,0,78.8873,-46.2406,0.6208,0.5797,0,1,1,1,1,0,0,有效双星
1787910378.498000,1,18,8,6365,1472784.118476200,3,890,306,227,196,890,306,227,196,930.866,410.120,255.000,0,1009.164,364.051,255.000,0,78.2974,-46.0694,0.6143,0.2666,0,1,1,1,1,0,0,有效双星
1787910378.509000,1,18,9,6366,1472784.129622700,3,890,306,227,196,890,306,227,196,926.910,413.629,255.000,0,1005.297,367.144,255.000,0,78.3874,-46.4853,0.4255,0.2297,0,1,1,1,1,0,0,有效双星
1787910378.518000,1,18,10,6367,1472784.138638900,3,890,306,227,196,890,306,227,196,926.010,415.236,255.000,0,1004.351,369.103,255.000,0,78.3406,-46.1328,0.3556,0.1308,0,1,1,1,1,0,0,有效双星
1787910378.528000,1,18,11,6368,1472784.148469500,3,890,306,227,196,890,306,227,196,928.881,414.667,255.000,0,1007.185,368.113,255.000,0,78.3040,-46.5541,0.4229,0.2921,0,1,1,1,1,0,0,有效双星
1787910378.538000,1,18,12,6369,1472784.158476800,3,890,306,227,196,890,306,227,196,933.140,411.535,255.000,0,1012.078,365.075,255.000,0,78.9375,-46.4597,0.6405,0.6393,0,1,1,1,1,0,0,有效双星
1787910378.548000,1,18,13,6370,1472784.168480600,3,890,306,227,196,890,306,227,196,938.852,406.640,255.000,0,1017.158,360.107,255.000,0,78.3062,-46.5330,0.6356,0.2716,0,1,1,1,1,0,0,有效双星
1787910378.560000,1,18,14,6371,1472784.178718000,3,890,306,227,196,890,306,227,196,942.933,401.681,255.000,0,1021.217,355.111,255.000,0,78.2843,-46.5702,0.0431,0.3115,0,1,1,1,1,0,0,有效双星
1787910378.569000,1,18,15,6372,1472784.188922600,3,890,306,227,196,890,306,227,196,944.913,397.635,255.000,0,1023.290,351.143,255.000,0,78.3770,-46.4917,0.1215,0.1338,0,1,1,1,1,0,0,有效双星
1787910378.580000,1,18,16,6373,1472784.199122600,3,890,306,227,196,890,306,227,196,944.139,396.058,255.000,0,1023.025,350.009,255.000,0,78.8864,-46.0491,0.6747,0.6910,0,1,1,1,1,0,0,有效双星
1787910378.588000,1,18,17,6374,1472784.208474900,3,890,306,227,196,890,306,227,196,941.116,396.584,255.000,0,1020.102,350.102,255.000,0,78.9852,-46.4823,0.4443,0.6451,0,1,1,1,1,0,0,有效双星
1787910378.599000,1,18,18,6375,1472784.219284200,3,890,306,227,196,890,306,227,196,937.826,399.423,255.000,0,1016.172,353.089,255.000,0,78.3464,-46.3334,0.6560,0.1377,0,1,1,1,1,0,0,有效双星
1787910378.608000,1,18,19,6376,1472784.228500500,3,890,306,227,196,890,306,227,196,934.172,404.225,255.000,0,1013.037,358.041,255.000,0,78.8650,-46.1836,0.5398,0.5664,0,1,1,1,1,0,0,有效双星
1787910378.623000,1,18,20,6377,1472784.238880600,3,890,306,227,196,890,306,227,196,932.174,409.817,255.000,0,1011.111,363.133,255.000,0,78.9374,-46.6842,0.5057,0.6629,0,1,1,1,1,0,0,有效双星
1787910378.628000,1,18,21,6378,1472784.248504400,3,890,306,227,196,890,306,227,196,932.000,414.686,255.000,0,1010.299,368.132,255.000,0,78.2997,-46.5536,0.6509,0.1630,0,1,1,1,1,0,0,有效双星
1787910378.637000,1,18,22,6379,1472784.258492400,3,890,306,227,196,890,306,227,196,932.856,416.790,255.000,0,1011.149,370.136,255.000,0,78.2929,-46.6539,0.1005,0.2616,0,1,1,1,1,0,0,有效双星
1787910378.648000,1,18,23,6380,1472784.268498300,3,890,306,227,196,890,306,227,196,933.855,415.054,255.000,0,1012.119,369.038,255.000,0,78.2640,-46.0159,0.6386,0.4614,0,1,1,1,1,0,0,有效双星
1787910378.658000,1,18,24,6381,1472784.278504300,3,890,306,227,196,890,306,227,196,934.074,409.684,255.000,0,1012.385,363.150,255.000,0,78.3113,-46.5343,0.5206,0.0696,0,1,1,1,1,0,0,有效双星
1787910378.668000,1,18,25,6382,1472784.288498400,3,890,306,227,196,890,306,227,196,934.046,402.686,255.000,0,1012.388,356.158,255.000,0,78.3415,-46.5276,0.0310,0.0446,0,1,1,1,1,0,0,有效双星
1787910378.678000,1,18,26,6383,1472784.299279000,3,890,306,227,196,890,306,227,196,934.068,397.675,255.000,0,1012.419,351.163,255.000,0,78.3513,-46.5122,0.0183,0.0258,0,1,1,1,1,0,0,有效双星
1787910378.688000,1,18,27,6384,1472784.308486500,3,890,306,227,196,890,306,227,196,934.969,397.065,255.000,0,1013.260,351.064,255.000,0,78.2914,-46.0013,0.5144,0.4900,0,1,1,1,1,0,0,有效双星
1787910378.698000,1,18,28,6385,1472784.318502100,3,890,306,227,196,890,306,227,196,935.994,401.107,255.000,0,1014.259,355.066,255.000,0,78.2651,-46.0409,0.0476,0.4540,0,1,1,1,1,0,0,有效双星
1787910378.708000,1,18,29,6386,1472784.329236600,3,890,306,227,196,890,306,227,196,936.157,407.725,255.000,0,1015.010,361.100,255.000,0,78.8525,-46.6243,0.8279,0.5291,0,1,1,1,1,0,0,有效双星
1787910378.717000,1,18,30,6387,1472784.338484600,3,890,306,227,196,890,306,227,196,935.886,413.179,255.000,0,1014.146,367.076,255.000,0,78.2594,-46.1031,0.7896,0.4071,0,1,1,1,1,0,0,有效双星
1787910378.728000,1,18,31,6388,1472784.348846400,3,890,306,227,196,890,306,227,196,933.971,415.844,255.000,0,1012.257,369.164,255.000,0,78.2863,-46.6799,0.5774,0.1824,0,1,1,1,1,0,0,有效双星
1787910378.738000,1,18,32,6389,1472784.358497600,3,890,306,227,196,890,306,227,196,932.000,414.307,255.000,0,1010.267,368.108,255.000,0,78.2672,-46.1984,0.4819,0.3093,0,1,1,1,1,0,0,有效双星
1787910378.748000,1,18,33,6390,1472784.368498600,3,890,306,227,196,890,306,227,196,930.917,409.663,255.000,0,1009.211,363.150,255.000,0,78.2933,-46.5126,0.3154,0.0188,0,1,1,1,1,0,0,有效双星
1787910378.757000,1,18,34,6391,1472784.378471100,3,890,306,227,196,890,306,227,196,931.107,403.994,255.000,0,1009.372,358.060,255.000,0,78.2650,-45.9344,0.5789,0.5689,0,1,1,1,1,0,0,有效双星
1787910378.767000,1,18,35,6392,1472784.388560700,3,890,306,227,196,890,306,227,196,933.083,399.813,255.000,0,1011.405,353.190,255.000,0,78.3225,-46.6239,0.6919,0.1380,0,1,1,1,1,0,0,有效双星
1787910378.778000,1,18,36,6393,1472784.398495600,3,890,306,227,196,890,306,227,196,936.157,399.636,255.000,0,1014.981,353.087,255.000,0,78.8242,-46.5491,0.5073,0.5213,0,1,1,1,1,0,0,有效双星
1787910378.788000,1,18,37,6394,1472784.408496800,3,890,306,227,196,890,306,227,196,938.998,402.772,255.000,0,1017.249,356.156,255.000,0,78.2507,-46.6158,0.5773,0.1170,0,1,1,1,1,0,0,有效双星
1787910378.798000,1,18,38,6395,1472784.418487300,3,890,306,227,196,890,306,227,196,939.170,407.843,255.000,0,1018.041,361.142,255.000,0,78.8705,-46.7010,0.6256,0.6018,0,1,1,1,1,0,0,有效双星
1787910378.809000,1,18,39,6396,1472784.428968500,3,890,306,227,196,890,306,227,196,937.113,412.074,255.000,0,1015.369,366.080,255.000,0,78.2565,-45.9947,0.9359,0.5378,0,1,1,1,1,0,0,有效双星
1787910378.817000,1,18,40,6397,1472784.438479000,3,890,306,227,196,890,306,227,196,933.050,413.572,255.000,0,1011.370,367.162,255.000,0,78.3202,-46.4097,0.4199,0.1242,0,1,1,1,1,0,0,有效双星
1787910378.827000,1,18,41,6398,1472784.448523000,3,890,306,227,196,890,306,227,196,929.894,412.120,255.000,0,1008.116,366.069,255.000,0,78.2225,-46.0507,0.3721,0.4747,0,1,1,1,1,0,0,有效双星
1787910378.838000,1,18,42,6399,1472784.458535200,3,890,306,227,196,890,306,227,196,928.171,408.947,255.000,0,1007.051,363.031,255.000,0,78.8802,-45.9155,0.6715,0.8379,0,1,1,1,1,0,0,有效双星
1787910378.848000,1,18,43,6400,1472784.468496000,3,890,306,227,196,890,306,227,196,930.926,405.870,255.000,0,1009.126,359.158,255.000,0,78.2000,-46.7113,1.0469,0.2668,0,1,1,1,1,0,0,有效双星
1787910378.858000,1,18,44,6401,1472784.478480900,3,890,306,227,196,890,306,227,196,934.995,403.818,255.000,0,1013.269,357.185,255.000,0,78.2736,-46.6329,0.1075,0.1219,0,1,1,1,1,0,0,有效双星
1787910378.873000,1,18,45,6402,1472784.488547800,3,890,306,227,196,890,306,227,196,939.080,403.739,255.000,0,1017.336,357.169,255.000,0,78.2562,-46.5703,0.0649,0.0665,0,1,1,1,1,0,0,有效双星
1787910378.878000,1,18,46,6403,1472784.498486800,3,890,306,227,196,890,306,227,196,941.015,405.062,255.000,0,1019.220,359.052,255.000,0,78.2049,-46.0103,0.5623,0.5077,0,1,1,1,1,0,0,有效双星
1787910378.887000,1,18,47,6404,1472784.508513200,3,890,306,227,196,890,306,227,196,939.046,406.753,255.000,0,1017.368,360.204,255.000,0,78.3219,-46.5484,0.5507,0.1013,0,1,1,1,1,0,0,有效双星
1787910378.898000,1,18,48,6405,1472784.518493200,3,890,306,227,196,890,306,227,196,935.132,408.736,255.000,0,1013.366,362.165,255.000,0,78.2345,-46.5713,0.0903,0.0543,0,1,1,1,1,0,0,有效双星
1787910378.908000,1,18,49,6406,1472784.528585700,3,890,306,227,196,890,306,227,196,930.988,409.634,255.000,0,1009.310,363.181,255.000,0,78.3228,-46.4535,0.1472,0.1088,0,1,1,1,1,0,0,有效双星
1787910378.917000,1,18,50,6407,1472784.538505800,3,890,306,227,196,890,306,227,196,929.005,410.134,255.000,0,1007.280,364.100,255.000,0,78.2753,-46.0334,0.4227,0.4972,0,1,1,1,1,0,0,有效双星
