timestamp_s,aoi_epoch,aoi_transition_id,frame_index_after_apply,frame_sequence,frame_timestamp_s,frame_generation,source_rect_x,source_rect_y,source_rect_width,source_rect_height,applied_aoi_x,applied_aoi_y,applied_aoi_width,applied_aoi_height,star_a_x_px,star_a_y_px,star_a_peak_intensity,star_a_component_area_px,star_b_x_px,star_b_y_px,star_b_peak_intensity,star_b_component_area_px,longitudinal_px,transverse_px,differential_jump_px,differential_baseline_deviation_px,differential_baseline_violation_frames,star_a_valid,star_b_valid,valid_pair,sample_accepted,differential_continuity_rejected,request_full_frame_relocalization,diagnostic
1787909213.855000,0,1,1,1,1471619.474486300,1,840,272,227,196,840,272,227,196,914.061,392.122,255.000,0,993.149,345.174,255.000,0,79.0883,-46.9483,1.4095,0.0000,0,1,1,1,1,0,0,有效双星
1787909213.865000,0,1,2,2,1471619.484474900,1,840,272,227,196,840,272,227,196,914.133,392.315,255.000,0,993.182,346.050,255.000,0,79.0485,-46.2649,0.6846,0.0000,0,1,1,1,1,0,0,有效双星
1787909213.873000,0,1,3,3,1471619.494478700,1,840,272,227,196,840,272,227,196,914.177,392.619,255.000,0,993.304,346.105,255.000,0,79.1266,-46.5141,0.2612,0.0000,0,1,1,1,1,0,0,有效双星
1787909213.885000,0,1,4,4,1471619.504475200,1,840,272,227,196,840,272,227,196,914.951,392.842,255.000,0,994.001,346.114,255.000,0,79.0494,-46.7283,0.2277,0.0000,0,1,1,1,1,0,0,有效双星
1787909213.893000,0,1,5,5,1471619.514465600,1,840,272,227,196,840,272,227,196,914.965,392.902,255.000,0,994.018,346.123,255.000,0,79.0524,-46.7797,0.0516,0.2657,0,1,1,1,1,0,0,有效双星
1787909213.903000,0,1,6,6,1471619.524479300,1,840,272,227,196,840,272,227,196,914.195,392.745,255.000,0,993.295,346.117,255.000,0,79.1000,-46.6289,0.1582,0.0497,0,1,1,1,1,0,0,有效双星
1787909213.913000,0,1,7,7,1471619.534529500,1,840,272,227,196,840,272,227,196,914.048,392.220,255.000,0,993.080,346.025,255.000,0,79.0325,-46.1950,0.4391,0.4344,0,1,1,1,1,0,0,有效双星
1787909213.924000,0,1,8,8,1471619.544848300,1,840,272,227,196,840,272,227,196,913.967,391.964,255.000,0,992.430,345.190,255.000,0,78.4634,-46.7739,0.8117,0.6214,0,1,1,1,1,0,0,有效双星
1787909213.935000,0,1,9,9,1471619.554794400,1,840,272,227,196,840,272,227,196,914.093,392.164,255.000,0,993.175,345.181,255.000,0,79.0821,-46.9833,0.6531,0.3559,0,1,1,1,1,0,0,有效双星
1787909213.943000,0,1,10,10,1471619.564475100,1,840,272,227,196,840,272,227,196,914.905,392.695,255.000,0,993.383,346.141,255.000,0,78.4781,-46.5547,0.7406,0.5861,0,1,1,1,1,0,0,有效双星
1787909213.953000,0,1,11,11,1471619.574499200,1,840,272,227,196,840,272,227,196,915.042,393.063,255.000,0,994.077,346.144,255.000,0,79.0341,-46.9189,0.6647,0.2904,0,1,1,1,1,0,0,有效双星
1787909213.966000,0,1,12,12,1471619.585233700,1,840,272,227,196,840,272,227,196,914.924,392.847,255.000,0,993.952,346.110,255.000,0,79.0284,-46.7367,0.1823,0.0616,0,1,1,1,1,0,0,有效双星
1787909213.974000,0,1,13,13,1471619.594501400,1,840,272,227,196,840,272,227,196,914.113,392.640,255.000,0,993.181,346.079,255.000,0,79.0684,-46.5606,0.1806,0.1689,0,1,1,1,1,0,0,有效双星
1787909213.984000,0,1,14,14,1471619.604492600,1,840,272,227,196,840,272,227,196,914.042,392.322,255.000,0,993.053,346.037,255.000,0,79.0109,-46.2844,0.2821,0.3960,0,1,1,1,1,0,0,有效双星
1787909213.995000,0,1,15,15,1471619.614616000,1,840,272,227,196,840,272,227,196,914.052,392.307,255.000,0,993.125,346.062,255.000,0,79.0728,-46.2452,0.0733,0.3845,0,1,1,1,1,0,0,有效双星
1787909214.003000,0,1,16,16,1471619.624460300,1,840,272,227,196,840,272,227,196,914.165,392.632,255.000,0,993.268,346.093,255.000,0,79.1036,-46.5388,0.2952,0.0783,0,1,1,1,1,0,0,有效双星
1787909214.015000,0,1,17,17,1471619.634461600,1,840,272,227,196,840,272,227,196,914.879,392.532,255.000,0,993.343,346.099,255.000,0,78.4639,-46.4339,0.6482,0.5990,0,1,1,1,1,0,0,有效双星
1787909214.023000,0,1,18,18,1471619.644476100,1,840,272,227,196,840,272,227,196,914.891,392.225,255.000,0,993.347,346.079,255.000,0,78.4559,-46.1458,0.2882,0.7220,0,1,1,1,1,0,0,有效双星
1787909214.035000,0,1,19,19,1471619.654733900,1,840,272,227,196,840,272,227,196,914.916,392.283,255.000,0,993.335,346.072,255.000,0,78.4186,-46.2107,0.0749,0.7176,0,1,1,1,1,0,0,有效双星
1787909214.043000,0,1,20,20,1471619.664464600,1,840,272,227,196,840,272,227,196,914.860,392.576,255.000,0,993.327,346.108,255.000,0,78.4668,-46.4677,0.2615,0.5799,0,1,1,1,1,0,0,有效双星
1787909214.055000,0,1,21,21,1471619.674462900,1,840,272,227,196,840,272,227,196,914.855,392.770,255.000,0,993.317,346.141,255.000,0,78.4616,-46.6292,0.1616,0.5855,0,1,1,1,1,0,0,有效双星
1787909214.063000,0,1,22,22,1471619.684463200,1,840,272,227,196,840,272,227,196,914.827,392.824,255.000,0,993.253,346.130,255.000,0,78.4260,-46.6939,0.0739,0.6249,0,1,1,1,1,0,0,有效双星
1787909214.075000,0,1,23,23,1471619.694471600,1,840,272,227,196,840,272,227,196,914.103,392.666,255.000,0,993.184,346.094,255.000,0,79.0814,-46.5718,0.6668,0.0530,0,1,1,1,1,0,0,有效双星
1787909214.085000,0,1,24,24,1471619.704776600,1,840,272,227,196,840,272,227,196,914.097,392.564,255.000,0,993.159,346.067,255.000,0,79.0617,-46.4975,0.0769,0.0755,0,1,1,1,1,0,0,有效双星
1787909214.093000,0,1,25,25,1471619.714472500,1,840,272,227,196,840,272,227,196,914.154,392.529,255.000,0,993.230,346.063,255.000,0,79.0757,-46.4660,0.0344,0.1022,0,1,1,1,1,0,0,有效双星
1787909214.103000,0,1,26,26,1471619.724473700,1,840,272,227,196,840,272,227,196,914.205,392.272,255.000,0,993.305,346.072,255.000,0,79.0998,-46.2008,0.2663,0.3528,0,1,1,1,1,0,0,有效双星
1787909214.114000,0,1,27,27,1471619.734485400,1,840,272,227,196,840,272,227,196,914.867,392.218,255.000,0,993.323,346.076,255.000,0,78.4564,-46.1424,0.6460,0.6860,0,1,1,1,1,0,0,有效双星
1787909214.124000,0,1,28,28,1471619.744806200,1,840,272,227,196,840,272,227,196,914.859,392.510,255.000,0,993.313,346.090,255.000,0,78.4544,-46.4196,0.2773,0.5737,0,1,1,1,1,0,0,有效双星
1787909214.135000,0,1,29,29,1471619.754477600,1,840,272,227,196,840,272,227,196,914.850,392.639,255.000,0,993.316,346.118,255.000,0,78.4662,-46.5204,0.1015,0.5548,0,1,1,1,1,0,0,有效双星
1787909214.145000,0,1,30,30,1471619.764476500,1,840,272,227,196,840,272,227,196,914.886,392.955,255.000,0,993.293,346.152,255.000,0,78.4071,-46.8035,0.2891,0.4656,0,1,1,1,1,0,0,有效双星
1787909214.153000,0,1,31,31,1471619.774490600,1,840,272,227,196,840,272,227,196,914.168,393.065,255.000,0,993.209,346.153,255.000,0,79.0408,-46.9122,0.6430,0.5251,0,1,1,1,1,0,0,有效双星
1787909214.165000,0,1,32,32,1471619.784465500,1,840,272,227,196,840,272,227,196,914.041,392.725,255.000,0,993.113,346.099,255.000,0,79.0721,-46.6259,0.2880,0.3627,0,1,1,1,1,0,0,有效双星
1787909214.175000,0,1,33,33,1471619.794470900,1,840,272,227,196,840,272,227,196,914.047,392.221,255.000,0,993.080,346.026,255.000,0,79.0333,-46.1955,0.4321,0.4112,0,1,1,1,1,0,0,有效双星
1787909214.185000,0,1,34,34,1471619.804486100,1,840,272,227,196,840,272,227,196,914.122,392.114,255.000,0,993.194,345.172,255.000,0,79.0724,-46.9419,0.7474,0.5805,0,1,1,1,1,0,0,有效双星
1787909214.193000,0,1,35,35,1471619.814632700,1,840,272,227,196,840,272,227,196,914.903,392.168,255.000,0,993.363,346.069,255.000,0,78.4596,-46.0986,1.0425,0.4815,0,1,1,1,1,0,0,有效双星
1787909214.205000,0,1,36,36,1471619.824745800,1,840,272,227,196,840,272,227,196,915.040,392.655,255.000,0,994.078,346.075,255.000,0,79.0381,-46.5806,0.7530,0.5800,0,1,1,1,1,0,0,有效双星
1787909214.214000,0,1,37,37,1471619.834649100,1,840,272,227,196,840,272,227,196,914.978,392.715,255.000,0,994.030,346.093,255.000,0,79.0521,-46.6222,0.0439,0.6020,0,1,1,1,1,0,0,有效双星
1787909214.224000,0,1,38,38,1471619.844657600,1,840,272,227,196,840,272,227,196,914.821,392.679,255.000,0,993.273,346.118,255.000,0,78.4524,-46.5607,0.6029,0.3021,0,1,1,1,1,0,0,有效双星
1787909214.235000,0,1,39,39,1471619.854468700,1,840,272,227,196,840,272,227,196,914.089,392.755,255.000,0,993.098,346.084,255.000,0,79.0089,-46.6712,0.5674,0.2900,0,1,1,1,1,0,0,有效双星
1787909214.245000,0,1,40,40,1471619.864474000,1,840,272,227,196,840,272,227,196,914.004,392.622,255.000,0,993.062,346.081,255.000,0,79.0579,-46.5406,0.1395,0.0448,0,1,1,1,1,0,0,有效双星
1787909214.253000,0,1,41,41,1471619.874692600,1,840,272,227,196,840,272,227,196,914.124,392.831,255.000,0,993.153,346.100,255.000,0,79.0289,-46.7308,0.1924,0.1647,0,1,1,1,1,0,0,有效双星
1787909214.263000,0,1,42,42,1471619.884476500,1,840,272,227,196,840,272,227,196,914.846,392.644,255.000,0,993.284,346.108,255.000,0,78.4380,-46.5354,0.6224,0.5984,0,1,1,1,1,0,0,有效双星
1787909214.278000,0,1,43,43,1471619.894490700,1,840,272,227,196,840,272,227,196,914.912,392.254,255.000,0,993.364,346.085,255.000,0,78.4525,-46.1690,0.3667,0.6970,0,1,1,1,1,0,0,有效双星
1787909214.290000,0,1,44,44,1471619.904476300,1,840,272,227,196,840,272,227,196,914.941,392.185,255.000,0,993.384,346.067,255.000,0,78.4425,-46.1185,0.0514,0.7228,0,1,1,1,1,0,0,有效双星
1787909214.300000,0,1,45,45,1471619.914501600,1,840,272,227,196,840,272,227,196,914.928,392.227,255.000,0,993.363,346.074,255.000,0,78.4358,-46.1533,0.0354,0.6986,0,1,1,1,1,0,0,有效双星
1787909214.304000,0,1,46,46,1471619.924702600,1,840,272,227,196,840,272,227,196,914.871,392.510,255.000,0,993.329,346.089,255.000,0,78.4587,-46.4208,0.2685,0.3025,0,1,1,1,1,0,0,有效双星
1787909214.315000,0,1,47,47,1471619.934489600,1,840,272,227,196,840,272,227,196,914.190,392.769,255.000,0,993.249,346.103,255.000,0,79.0590,-46.6655,0.6483,0.6096,0,1,1,1,1,0,0,有效双星
1787909214.323000,0,1,48,48,1471619.944464300,1,840,272,227,196,840,272,227,196,914.108,392.860,255.000,0,993.149,346.113,255.000,0,79.0409,-46.7467,0.0832,0.3612,0,1,1,1,1,0,0,有效双星
1787909214.333000,0,1,49,49,1471619.954479900,1,840,272,227,196,840,272,227,196,914.102,392.898,255.000,0,993.123,346.112,255.000,0,79.0207,-46.7852,0.0435,0.2146,0,1,1,1,1,0,0,有效双星
1787909214.343000,0,1,50,50,1471619.964472800,1,840,272,227,196,840,272,227,196,914.112,392.731,255.000,0,993.189,346.106,255.000,0,79.0767,-46.6243,0.1704,0.0567,0,1,1,1,1,0,0,有效双星
1787909226.508000,0,2,1,1263,1471632.126359900,2,872,264,228,196,872,264,228,196,963.912,405.739,255.000,0,1042.364,359.104,255.000,0,78.4512,-46.6350,0.6504,0.5739,0,1,1,1,1,0,0,有效双星
1787909226.515000,0,2,2,1264,1471632.136356100,2,872,264,228,196,872,264,228,196,962.976,402.580,255.000,0,1042.020,356.023,255.000,0,79.0439,-46.5576,0.5978,0.1917,0,1,1,1,1,0,0,有效双星
1787909226.528000,0,2,3,1265,1471632.146342700,2,872,264,228,196,872,264,228,196,960.873,400.675,255.000,0,1039.355,354.100,255.000,0,78.4819,-46.5748,0.5623,0.5266,0,1,1,1,1,0,0,有效双星
1787909226.535000,0,2,4,1266,1471632.156495900,2,872,264,228,196,872,264,228,196,958.983,402.802,255.000,0,1038.033,356.072,255.000,0,79.0500,-46.7304,0.5890,0.0684,0,1,1,1,1,0,0,有效双星
1787909226.546000,0,2,5,1267,1471632.166382200,2,872,264,228,196,872,264,228,196,957.177,408.172,255.000,0,1036.254,361.152,255.000,0,79.0765,-47.0200,0.2908,0.2949,0,1,1,1,1,0,0,有效双星
1787909226.556000,0,2,6,1268,1471632.176334200,2,872,264,228,196,872,264,228,196,955.950,414.168,255.000,0,1034.402,367.185,255.000,0,78.4518,-46.9830,0.6257,0.6344,0,1,1,1,1,0,0,有效双星
1787909226.567000,0,2,7,1269,1471632.186347500,2,872,264,228,196,872,264,228,196,953.921,418.872,255.000,0,1032.952,372.083,255.000,0,79.0313,-46.7890,0.6111,0.0578,0,1,1,1,1,0,0,有效双星
1787909226.577000,0,2,8,1270,1471632.196367900,2,872,264,228,196,872,264,228,196,951.971,421.180,255.000,0,1030.410,374.191,255.000,0,78.4388,-46.9892,0.6254,0.6489,0,1,1,1,1,0,0,有效双星
1787909226.585000,0,2,9,1271,1471632.206630200,2,872,264,228,196,872,264,228,196,950.128,421.536,255.000,0,1029.238,375.056,255.000,0,79.1096,-46.4809,0.8417,0.2620,0,1,1,1,1,0,0,有效双星
1787909226.595000,0,2,10,1272,1471632.216330900,2,872,264,228,196,872,264,228,196,949.818,419.879,255.000,0,1028.285,373.132,255.000,0,78.4662,-46.7469,0.6963,0.5701,0,1,1,1,1,0,0,有效双星
1787909226.606000,0,2,11,1273,1471632.226558000,2,872,264,228,196,872,264,228,196,949.964,416.935,255.000,0,1029.007,370.093,255.000,0,79.0422,-46.8425,0.5839,0.1442,0,1,1,1,1,0,0,有效双星
1787909226.617000,0,2,12,1274,1471632.236348500,2,872,264,228,196,872,264,228,196,951.151,413.016,255.000,0,1030.244,366.125,255.000,0,79.0932,-46.8912,0.0705,0.2019,0,1,1,1,1,0,0,有效双星
1787909226.625000,0,2,13,1275,1471632.246525200,2,872,264,228,196,872,264,228,196,954.129,409.244,255.000,0,1033.171,362.145,255.000,0,79.0417,-47.0988,0.2139,0.3607,0,1,1,1,1,0,0,有效双星
1787909226.635000,0,2,14,1276,1471632.256369100,2,872,264,228,196,872,264,228,196,957.930,406.898,255.000,0,1036.987,360.094,255.000,0,79.0570,-46.8040,0.2953,0.0680,0,1,1,1,1,0,0,有效双星
1787909226.645000,0,2,15,1277,1471632.266353000,2,872,264,228,196,872,264,228,196,961.001,407.067,255.000,0,1040.057,360.121,255.000,0,79.0560,-46.9461,0.1421,0.1786,0,1,1,1,1,0,0,有效双星
1787909226.657000,0,2,16,1278,1471632.276595200,2,872,264,228,196,872,264,228,196,962.034,409.612,255.000,0,1041.107,363.049,255.000,0,79.0729,-46.5630,0.3834,0.2073,0,1,1,1,1,0,0,有效双星
1787909226.665000,0,2,17,1279,1471632.286613300,2,872,264,228,196,872,264,228,196,959.949,413.309,255.000,0,1038.983,367.018,255.000,0,79.0338,-46.2903,0.2755,0.4778,0,1,1,1,1,0,0,有效双星
1787909226.676000,0,2,18,1280,1471632.296375600,2,872,264,228,196,872,264,228,196,954.076,417.592,255.000,0,1033.144,371.044,255.000,0,79.0681,-46.5482,0.2602,0.2212,0,1,1,1,1,0,0,有效双星
1787909226.687000,0,2,19,1281,1471632.306341900,2,872,264,228,196,872,264,228,196,947.045,421.019,255.000,0,1026.129,374.129,255.000,0,79.0836,-46.8894,0.3415,0.1280,0,1,1,1,1,0,0,有效双星
1787909226.695000,0,2,20,1282,1471632.316340100,2,872,264,228,196,872,264,228,196,942.047,424.184,255.000,0,1021.090,377.145,255.000,0,79.0436,-47.0388,0.1547,0.2423,0,1,1,1,1,0,0,有效双星
1787909226.705000,0,2,21,1283,1471632.326348500,2,872,264,228,196,872,264,228,196,941.972,426.551,255.000,0,1021.013,380.035,255.000,0,79.0411,-46.5160,0.5228,0.2805,0,1,1,1,1,0,0,有效双星
1787909226.717000,0,2,22,1284,1471632.336352300,2,872,264,228,196,872,264,228,196,946.946,426.697,255.000,0,1025.399,380.116,255.000,0,78.4531,-46.5804,0.5915,0.6289,0,1,1,1,1,0,0,有效双星
1787909226.725000,0,2,23,1285,1471632.346331900,2,872,264,228,196,872,264,228,196,955.001,423.385,255.000,0,1033.989,377.024,255.000,0,78.9883,-46.3608,0.5785,0.4391,0,1,1,1,1,0,0,有效双星
1787909226.737000,0,2,24,1286,1471632.356335200,2,872,264,228,196,872,264,228,196,962.880,417.020,255.000,0,1041.336,370.167,255.000,0,78.4551,-46.8523,0.7252,0.5905,0,1,1,1,1,0,0,有效双星
1787909226.745000,0,2,25,1287,1471632.366337900,2,872,264,228,196,872,264,228,196,967.913,410.513,255.000,0,1046.361,364.070,255.000,0,78.4481,-46.4422,0.4101,0.7055,0,1,1,1,1,0,0,有效双星
1787909226.755000,0,2,26,1288,1471632.376358900,2,872,264,228,196,872,264,228,196,969.096,407.153,255.000,0,1048.173,360.151,255.000,0,79.0775,-47.0013,0.8418,0.2079,0,1,1,1,1,0,0,有效双星
1787909226.765000,0,2,27,1289,1471632.386346900,2,872,264,228,196,872,264,228,196,967.085,409.610,255.000,0,1046.226,363.082,255.000,0,79.1404,-46.5283,0.4771,0.2857,0,1,1,1,1,0,0,有效双星
1787909226.780000,0,2,28,1290,1471632.396371900,2,872,264,228,196,872,264,228,196,963.128,417.629,255.000,0,1042.189,371.058,255.000,0,79.0606,-46.5709,0.0905,0.2054,0,1,1,1,1,0,0,有效双星
1787909226.786000,0,2,29,1291,1471632.406335700,2,872,264,228,196,872,264,228,196,959.001,428.099,255.000,0,1038.011,381.136,255.000,0,79.0107,-46.9625,0.3948,0.3014,0,1,1,1,1,0,0,有效双星
1787909226.796000,0,2,30,1292,1471632.416658300,2,872,264,228,196,872,264,228,196,956.888,438.718,255.000,0,1035.307,392.098,255.000,0,78.4192,-46.6201,0.6835,0.6428,0,1,1,1,1,0,0,有效双星
1787909226.806000,0,2,31,1293,1471632.426342900,2,872,264,228,196,872,264,228,196,958.042,446.731,255.000,0,1037.065,400.066,255.000,0,79.0228,-46.6657,0.6053,0.0506,0,1,1,1,1,0,0,有效双星
1787909226.817000,0,2,32,1294,1471632.436373900,2,872,264,228,196,872,264,228,196,963.045,449.948,255.000,0,1042.109,403.141,255.000,0,79.0636,-46.8075,0.1476,0.1659,0,1,1,1,1,0,0,有效双星
1787909226.827000,0,2,33,1295,1471632.446350200,2,872,264,228,196,872,264,228,196,969.869,448.593,255.000,0,1048.300,402.083,255.000,0,78.4311,-46.5096,0.6991,0.6259,0,1,1,1,1,0,0,有效双星
1787909226.835000,0,2,34,1296,1471632.456667400,2,872,264,228,196,872,264,228,196,974.089,443.252,255.000,0,1053.170,396.172,255.000,0,79.0810,-47.0797,0.8645,0.4810,0,1,1,1,1,0,0,有效双星
1787909226.847000,0,2,35,1297,1471632.466577600,2,872,264,228,196,872,264,228,196,975.133,438.058,255.000,0,1054.243,391.156,255.000,0,79.1104,-46.9024,0.1796,0.3097,0,1,1,1,1,0,0,有效双星
1787909226.855000,0,2,36,1298,1471632.476345200,2,872,264,228,196,872,264,228,196,973.927,436.620,255.000,0,1052.361,390.087,255.000,0,78.4338,-46.5328,0.7710,0.6123,0,1,1,1,1,0,0,有效双星
1787909226.865000,0,2,37,1299,1471632.486340200,2,872,264,228,196,872,264,228,196,970.204,439.946,255.000,0,1049.349,393.158,255.000,0,79.1451,-46.7885,0.7559,0.2168,0,1,1,1,1,0,0,有效双星
1787909226.875000,0,2,38,1300,1471632.496408500,2,872,264,228,196,872,264,228,196,967.085,446.907,255.000,0,1046.130,400.102,255.000,0,79.0453,-46.8052,0.1012,0.1623,0,1,1,1,1,0,0,有效双星
1787909226.886000,0,2,39,1301,1471632.506682300,2,872,264,228,196,872,264,228,196,964.112,452.602,255.000,0,1042.332,407.054,255.000,0,78.2198,-45.5477,1.5042,1.4379,0,1,1,1,1,0,0,有效双星
1787909226.895000,0,2,40,1302,1471632.516337800,2,872,264,228,196,872,264,228,196,962.243,454.667,255.000,0,1040.159,410.132,255.000,0,77.9161,-44.5355,1.0568,2.3846,0,1,1,1,1,0,0,有效双星
1787909226.906000,0,2,41,1303,1471632.526339700,2,872,264,228,196,872,264,228,196,962.495,455.007,255.000,0,1040.185,411.055,255.000,0,77.6896,-43.9518,0.6261,2.9624,0,1,1,1,1,0,0,有效双星
1787909226.917000,0,2,42,1304,1471632.536335900,2,872,264,228,196,872,264,228,196,965.250,453.796,255.000,0,1043.335,408.185,255.000,0,78.0842,-45.6119,1.7063,1.3471,0,1,1,1,1,0,0,有效双星
1787909226.927000,0,2,43,1305,1471632.546338400,2,872,264,228,196,872,264,228,196,970.956,450.512,255.000,0,1049.320,404.099,255.000,0,78.3646,-46.4124,0.8482,0.6608,0,1,1,1,1,0,0,有效双星
1787909226.935000,0,2,44,1306,1471632.556356400,2,872,264,228,196,872,264,228,196,977.899,444.008,255.000,0,1056.335,397.163,255.000,0,78.4362,-46.8446,0.4381,0.3874,0,1,1,1,1,0,0,有效双星
1787909226.945000,0,2,45,1307,1471632.566329700,2,872,264,228,196,872,264,228,196,983.999,436.379,255.000,0,1063.109,390.074,255.000,0,79.1103,-46.3054,0.8632,0.4787,0,1,1,1,1,0,0,有效双星
1787909226.955000,0,2,46,1308,1471632.576366400,2,872,264,228,196,872,264,228,196,990.039,430.294,255.000,0,1069.077,384.025,255.000,0,79.0378,-46.2688,0.0812,0.3273,0,1,1,1,1,0,0,有效双星
1787909226.966000,0,2,47,1309,1471632.586351600,2,872,264,228,196,872,264,228,196,996.851,427.634,255.000,0,1075.346,381.119,255.000,0,78.4948,-46.5144,0.5960,0.5233,0,1,1,1,1,0,0,有效双星
1787909226.977000,0,2,48,1310,1471632.596583500,2,872,264,228,196,872,264,228,196,1005.964,430.332,255.000,0,1084.384,384.079,255.000,0,78.4200,-46.2528,0.2721,0.4474,0,1,1,1,1,0,0,有效双星
1787909226.987000,0,2,49,1311,1471632.606330800,2,872,264,228,196,872,264,228,196,1016.169,437.995,255.000,0,1091.959,391.406,255.000,0,75.7905,-46.5892,2.6509,2.6758,0,1,1,1,1,0,0,有效双星
1787909226.995000,0,2,50,1312,1471632.616367300,2,872,264,228,196,872,264,228,196,1024.052,444.167,255.000,0,1091.654,400.187,255.000,0,67.6023,-43.9803,8.5938,11.1272,1,1,1,1,1,0,0,有效双星（差分基线偏离 11.127 px，连续 1/5 帧）
1787909227.590000,1,3,1,1346,1471633.194508200,0,0,0,1920,1200,0,0,1920,1200,987.189,475.623,255.000,0,1065.605,429.150,255.000,0,78.4163,-46.4725,0.0000,0.0000,0,1,1,1,0,0,0,全画幅定位成功，已选择面积最大的两个有效连通域
1787909227.660000,1,4,1,1347,1471633.281532100,1,912,354,228,196,912,354,228,196,991.042,475.548,255.000,0,1070.013,429.034,255.000,0,78.9706,-46.5136,0.5559,0.0000,0,1,1,1,1,0,0,有效双星
1787909227.672000,1,4,2,1348,1471633.291913500,1,912,354,228,196,912,354,228,196,983.918,468.703,255.000,0,1063.016,422.103,255.000,0,79.0986,-46.6000,0.1544,0.0000,0,1,1,1,1,0,0,有效双星
1787909227.681000,1,4,3,1349,1471633.301511900,1,912,354,228,196,912,354,228,196,982.031,463.761,255.000,0,1061.040,417.082,255.000,0,79.0094,-46.6785,0.1188,0.0000,0,1,1,1,1,0,0,有效双星
1787909227.692000,1,4,4,1350,1471633.311584400,1,912,354,228,196,912,354,228,196,986.919,462.898,255.000,0,1065.378,416.166,255.000,0,78.4592,-46.7322,0.5529,0.0000,0,1,1,1,1,0,0,有效双星
1787909227.701000,1,4,5,1351,1471633.321543700,1,912,354,228,196,912,354,228,196,995.166,466.528,255.000,0,1074.252,420.071,255.000,0,79.0865,-46.4565,0.6852,0.1844,0,1,1,1,1,0,0,有效双星
1787909227.717000,1,4,6,1352,1471633.331562400,1,912,354,228,196,912,354,228,196,1002.845,471.117,255.000,0,1081.243,424.187,255.000,0,78.3973,-46.9296,0.8359,0.7002,0,1,1,1,1,0,0,有效双星
1787909227.721000,1,4,7,1353,1471633.341522900,1,912,354,228,196,912,354,228,196,1003.192,474.034,255.000,0,1082.241,427.167,255.000,0,79.0484,-46.8670,0.6541,0.2781,0,1,1,1,1,0,0,有效双星
1787909227.731000,1,4,8,1354,1471633.351510800,1,912,354,228,196,912,354,228,196,998.118,473.880,255.000,0,1077.151,427.134,255.000,0,79.0325,-46.7461,0.1220,0.1149,0,1,1,1,1,0,0,有效双星
1787909227.740000,1,4,9,1355,1471633.361526300,1,912,354,228,196,912,354,228,196,990.127,471.789,255.000,0,1069.180,425.108,255.000,0,79.0536,-46.6810,0.0684,0.0442,0,1,1,1,1,0,0,有效双星
1787909227.751000,1,4,10,1356,1471633.371544100,1,912,354,228,196,912,354,228,196,984.044,469.485,255.000,0,1063.129,423.057,255.000,0,79.0848,-46.4277,0.2552,0.2600,0,1,1,1,1,0,0,有效双星
1787909227.763000,1,4,11,1357,1471633.382005500,1,912,354,228,196,912,354,228,196,983.000,468.085,255.000,0,1061.441,421.199,255.000,0,78.4404,-46.8856,0.7905,0.6272,0,1,1,1,1,0,0,有效双星
1787909227.773000,1,4,12,1358,1471633.392067000,1,912,354,228,196,912,354,228,196,986.991,468.051,255.000,0,1065.396,421.173,255.000,0,78.4056,-46.8779,0.0356,0.6464,0,1,1,1,1,0,0,有效双星
1787909227.781000,1,4,13,1359,1471633.401509900,1,912,354,228,196,912,354,228,196,993.850,468.899,255.000,0,1072.290,422.160,255.000,0,78.4400,-46.7391,0.1430,0.5724,0,1,1,1,1,0,0,有效双星
1787909227.791000,1,4,14,1360,1471633.411509800,1,912,354,228,196,912,354,228,196,999.932,470.600,255.000,0,1078.349,424.114,255.000,0,78.4176,-46.4857,0.2544,0.6136,0,1,1,1,1,0,0,有效双星
1787909227.801000,1,4,15,1361,1471633.421637400,1,912,354,228,196,912,354,228,196,1002.077,471.794,255.000,0,1081.134,425.125,255.000,0,79.0563,-46.6689,0.6644,0.0865,0,1,1,1,1,0,0,有效双星
1787909227.811000,1,4,16,1362,1471633.431539200,1,912,354,228,196,912,354,228,196,999.850,471.711,255.000,0,1078.272,425.127,255.000,0,78.4219,-46.5844,0.6400,0.5760,0,1,1,1,1,0,0,有效双星
1787909227.821000,1,4,17,1363,1471633.441557700,1,912,354,228,196,912,354,228,196,993.028,470.113,255.000,0,1072.040,423.155,255.000,0,79.0114,-46.9577,0.6978,0.2822,0,1,1,1,1,0,0,有效双星
1787909227.830000,1,4,18,1364,1471633.451547000,1,912,354,228,196,912,354,228,196,986.134,468.050,255.000,0,1065.170,421.140,255.000,0,79.0363,-46.9097,0.0541,0.2346,0,1,1,1,1,0,0,有效双星
1787909227.841000,1,4,19,1365,1471633.461533200,1,912,354,228,196,912,354,228,196,983.143,467.114,255.000,0,1062.214,420.165,255.000,0,79.0708,-46.9486,0.0520,0.2746,0,1,1,1,1,0,0,有效双星
1787909227.850000,1,4,20,1366,1471633.471536100,1,912,354,228,196,912,354,228,196,986.009,468.593,255.000,0,1065.061,422.069,255.000,0,79.0519,-46.5234,0.4256,0.1878,0,1,1,1,1,0,0,有效双星
1787909227.861000,1,4,21,1367,1471633.481538900,1,912,354,228,196,912,354,228,196,992.876,471.509,255.000,0,1071.289,425.085,255.000,0,78.4135,-46.4240,0.6461,0.6708,0,1,1,1,1,0,0,有效双星
1787909227.870000,1,4,22,1368,1471633.491533400,1,912,354,228,196,912,354,228,196,998.966,473.650,255.000,0,1077.393,427.131,255.000,0,78.4272,-46.5191,0.0960,0.6236,0,1,1,1,1,0,0,有效双星
1787909227.880000,1,4,23,1369,1471633.501508500,1,912,354,228,196,912,354,228,196,1001.079,473.607,255.000,0,1080.068,427.061,255.000,0,78.9890,-46.5455,0.5624,0.1625,0,1,1,1,1,0,0,有效双星
1787909227.891000,1,4,24,1370,1471633.511529000,1,912,354,228,196,912,354,228,196,998.130,470.866,255.000,0,1077.183,424.137,255.000,0,79.0526,-46.7296,0.1947,0.0572,0,1,1,1,1,0,0,有效双星
1787909227.903000,1,4,25,1371,1471633.522761000,1,912,354,228,196,912,354,228,196,992.865,467.610,255.000,0,1071.311,421.109,255.000,0,78.4454,-46.5011,0.6488,0.6117,0,1,1,1,1,0,0,有效双星
1787909227.912000,1,4,26,1372,1471633.531517000,1,912,354,228,196,912,354,228,196,987.884,465.817,255.000,0,1066.327,419.138,255.000,0,78.4423,-46.6790,0.1779,0.5585,0,1,1,1,1,0,0,有效双星
1787909227.922000,1,4,27,1373,1471633.541527400,1,912,354,228,196,912,354,228,196,985.985,466.246,255.000,0,1065.037,420.042,255.000,0,79.0522,-46.2036,0.7733,0.4793,0,1,1,1,1,0,0,有效双星
1787909227.931000,1,4,28,1374,1471633.551600400,1,912,354,228,196,912,354,228,196,988.088,468.844,255.000,0,1067.117,422.102,255.000,0,79.0287,-46.7417,0.5386,0.0735,0,1,1,1,1,0,0,有效双星
1787909227.941000,1,4,29,1375,1471633.561515600,1,912,354,228,196,912,354,228,196,992.869,471.672,255.000,0,1071.274,425.107,255.000,0,78.4051,-46.5652,0.6481,0.6050,0,1,1,1,1,0,0,有效双星
1787909227.951000,1,4,30,1376,1471633.571510200,1,912,354,228,196,912,354,228,196,996.956,473.802,255.000,0,1075.352,427.139,255.000,0,78.3958,-46.6632,0.0985,0.3235,0,1,1,1,1,0,0,有效双星
1787909227.965000,1,4,31,1377,1471633.581747500,1,912,354,228,196,912,354,228,196,998.943,474.234,255.000,0,1077.296,427.199,255.000,0,78.3531,-47.0349,0.3741,0.3798,0,1,1,1,1,0,0,有效双星
1787909227.971000,1,4,32,1378,1471633.591522800,1,912,354,228,196,912,354,228,196,997.043,472.586,255.000,0,1076.101,426.087,255.000,0,79.0575,-46.4987,0.8852,0.6361,0,1,1,1,1,0,0,有效双星
1787909227.981000,1,4,33,1379,1471633.601509900,1,912,354,228,196,912,354,228,196,993.057,469.339,255.000,0,1072.069,423.047,255.000,0,79.0120,-46.2915,0.2121,0.4442,0,1,1,1,1,0,0,有效双星
1787909227.991000,1,4,34,1380,1471633.611754500,1,912,354,228,196,912,354,228,196,988.852,465.904,255.000,0,1067.331,419.170,255.000,0,78.4791,-46.7340,0.6926,0.5449,0,1,1,1,1,0,0,有效双星
1787909228.001000,1,4,35,1381,1471633.621513900,1,912,354,228,196,912,354,228,196,986.869,464.561,255.000,0,1065.323,418.097,255.000,0,78.4542,-46.4638,0.2713,0.5690,0,1,1,1,1,0,0,有效双星
1787909228.011000,1,4,36,1382,1471633.631863200,1,912,354,228,196,912,354,228,196,988.866,466.073,255.000,0,1067.277,419.173,255.000,0,78.4115,-46.8998,0.4381,0.4578,0,1,1,1,1,0,0,有效双星
1787909228.021000,1,4,37,1383,1471633.641568300,1,912,354,228,196,912,354,228,196,993.123,470.203,255.000,0,1072.124,424.023,255.000,0,79.0004,-46.1802,0.9298,0.5092,0,1,1,1,1,0,0,有效双星
1787909228.031000,1,4,38,1384,1471633.651804700,1,912,354,228,196,912,354,228,196,997.946,474.291,255.000,0,1076.313,428.074,255.000,0,78.3668,-46.2166,0.6346,0.4996,0,1,1,1,1,0,0,有效双星
1787909228.041000,1,4,39,1385,1471633.661531700,1,912,354,228,196,912,354,228,196,998.954,475.756,255.000,0,1077.401,429.165,255.000,0,78.4480,-46.5910,0.3832,0.0596,0,1,1,1,1,0,0,有效双星
1787909228.051000,1,4,40,1386,1471633.671800300,1,912,354,228,196,912,354,228,196,996.057,473.854,255.000,0,1075.054,427.113,255.000,0,78.9972,-46.7419,0.5696,0.5842,0,1,1,1,1,0,0,有效双星
1787909228.061000,1,4,41,1387,1471633.681710700,1,912,354,228,196,912,354,228,196,991.036,469.611,255.000,0,1070.095,423.083,255.000,0,79.0584,-46.5278,0.2226,0.6080,0,1,1,1,1,0,0,有效双星
1787909228.072000,1,4,42,1388,1471633.691549200,1,912,354,228,196,912,354,228,196,987.110,465.906,255.000,0,1066.199,419.139,255.000,0,79.0897,-46.7663,0.2406,0.6578,0,1,1,1,1,0,0,有效双星
1787909228.081000,1,4,43,1389,1471633.701537200,1,912,354,228,196,912,354,228,196,987.109,464.958,255.000,0,1066.116,418.116,255.000,0,79.0072,-46.8424,0.1122,0.3801,0,1,1,1,1,0,0,有效双星
1787909228.095000,1,4,44,1390,1471633.712344200,1,912,354,228,196,912,354,228,196,990.130,466.634,255.000,0,1069.225,420.090,255.000,0,79.0949,-46.5444,0.3107,0.3662,0,1,1,1,1,0,0,有效双星
1787909228.101000,1,4,45,1391,1471633.721515600,1,912,354,228,196,912,354,228,196,994.980,469.857,255.000,0,1073.418,423.172,255.000,0,78.4381,-46.6845,0.6716,0.3183,0,1,1,1,1,0,0,有效双星
1787909228.111000,1,4,46,1392,1471633.731713300,1,912,354,228,196,912,354,228,196,998.047,473.021,255.000,0,1076.990,426.125,255.000,0,78.9439,-46.8965,0.5484,0.3389,0,1,1,1,1,0,0,有效双星
1787909228.121000,1,4,47,1393,1471633.741529200,1,912,354,228,196,912,354,228,196,997.961,474.073,255.000,0,1076.378,427.204,255.000,0,78.4174,-46.8697,0.5271,0.6040,0,1,1,1,1,0,0,有效双星
1787909228.130000,1,4,48,1394,1471633.751529000,1,912,354,228,196,912,354,228,196,994.992,473.230,255.000,0,1073.358,427.064,255.000,0,78.3660,-46.1668,0.7048,0.6136,0,1,1,1,1,0,0,有效双星
1787909228.141000,1,4,49,1395,1471633.761550000,1,912,354,228,196,912,354,228,196,990.834,470.672,255.000,0,1069.277,424.120,255.000,0,78.4435,-46.5519,0.3928,0.0787,0,1,1,1,1,0,0,有效双星
1787909228.156000,1,4,50,1396,1471633.771549000,1,912,354,228,196,912,354,228,196,987.146,467.896,255.000,0,1066.260,421.150,255.000,0,79.1139,-46.7464,0.6980,0.6582,0,1,1,1,1,0,0,有效双星
1787909237.553000,1,5,1,2333,1471643.172885700,2,894,318,227,196,894,318,227,196,951.837,453.040,255.000,0,1030.189,406.133,255.000,0,78.3519,-46.9073,0.0544,0.1065,0,1,1,1,1,0,0,有效双星
1787909237.563000,1,5,2,2334,1471643.183085100,2,894,318,227,196,894,318,227,196,950.880,452.557,255.000,0,1029.364,406.111,255.000,0,78.4841,-46.4455,0.4804,0.4171,0,1,1,1,1,0,0,有效双星
1787909237.573000,1,5,3,2335,1471643.193098000,2,894,318,227,196,894,318,227,196,952.118,449.247,255.000,0,1031.044,402.127,255.000,0,78.9260,-47.1197,0.8060,0.6062,0,1,1,1,1,0,0,有效双星
1787909237.583000,1,5,4,2336,1471643.202889400,2,894,318,227,196,894,318,227,196,954.951,444.127,255.000,0,1033.282,397.144,255.000,0,78.3311,-46.9835,0.6102,0.1452,0,1,1,1,1,0,0,有效双星
1787909237.593000,1,5,5,2337,1471643.212876200,2,894,318,227,196,894,318,227,196,957.076,439.972,255.000,0,1036.027,393.091,255.000,0,78.9517,-46.8807,0.6290,0.5380,0,1,1,1,1,0,0,有效双星
1787909237.603000,1,5,6,2338,1471643.222856100,2,894,318,227,196,894,318,227,196,957.820,438.419,255.000,0,1036.151,391.158,255.000,0,78.3312,-47.2606,0.7276,0.4143,0,1,1,1,1,0,0,有效双星
1787909237.613000,1,5,7,2339,1471643.232939600,2,894,318,227,196,894,318,227,196,954.960,439.307,255.000,0,1033.308,392.194,255.000,0,78.3479,-47.1139,0.1477,0.2452,0,1,1,1,1,0,0,有效双星
1787909237.623000,1,5,8,2340,1471643.243176200,2,894,318,227,196,894,318,227,196,950.002,442.581,255.000,0,1028.372,396.073,255.000,0,78.3695,-46.5080,0.6063,0.3874,0,1,1,1,1,0,0,有效双星
1787909237.634000,1,5,9,2341,1471643.252895000,2,894,318,227,196,894,318,227,196,944.058,446.070,255.000,0,1023.070,399.140,255.000,0,79.0118,-46.9306,0.7688,0.6226,0,1,1,1,1,0,0,有效双星
1787909237.643000,1,5,10,2342,1471643.262878500,2,894,318,227,196,894,318,227,196,938.933,447.852,255.000,0,1017.302,401.121,255.000,0,78.3685,-46.7316,0.6733,0.1660,0,1,1,1,1,0,0,有效双星
1787909237.653000,1,5,11,2343,1471643.272938000,2,894,318,227,196,894,318,227,196,934.077,444.994,255.000,0,1013.047,398.111,255.000,0,78.9699,-46.8830,0.6201,0.5676,0,1,1,1,1,0,0,有效双星
1787909237.663000,1,5,12,2344,1471643.282869000,2,894,318,227,196,894,318,227,196,930.059,437.220,255.000,0,1009.023,390.134,255.000,0,78.9644,-47.0864,0.2035,0.5582,0,1,1,1,1,0,0,有效双星
1787909237.672000,1,5,13,2345,1471643.292864900,2,894,318,227,196,894,318,227,196,926.067,425.959,255.000,0,1005.014,379.084,255.000,0,78.9473,-46.8755,0.2116,0.2461,0,1,1,1,1,0,0,有效双星
1787909237.682000,1,5,14,2346,1471643.302889700,2,894,318,227,196,894,318,227,196,922.027,413.233,255.000,0,1000.362,366.184,255.000,0,78.3348,-47.0490,0.6365,0.3924,0,1,1,1,1,0,0,有效双星
1787909237.693000,1,5,15,2347,1471643.312891700,2,894,318,227,196,894,318,227,196,919.878,403.684,255.000,0,998.150,356.169,255.000,0,78.2715,-47.5151,0.4704,0.6195,0,1,1,1,1,0,0,有效双星
1787909237.703000,1,5,16,2348,1471643.322905200,2,894,318,227,196,894,318,227,196,919.142,399.193,255.000,0,998.198,352.158,255.000,0,79.0561,-47.0343,0.9202,0.6759,0,1,1,1,1,0,0,有效双星
1787909237.716000,1,5,17,2349,1471643.333186800,2,894,318,227,196,894,318,227,196,920.969,399.761,255.000,0,999.328,353.075,255.000,0,78.3591,-46.6861,0.7792,0.2699,0,1,1,1,1,0,0,有效双星
1787909237.722000,1,5,18,2350,1471643.342877000,2,894,318,227,196,894,318,227,196,921.097,400.766,255.000,0,1000.153,354.081,255.000,0,79.0561,-46.6849,0.6970,0.7273,0,1,1,1,1,0,0,有效双星
1787909237.732000,1,5,19,2351,1471643.352874100,2,894,318,227,196,894,318,227,196,920.065,400.769,255.000,0,999.132,354.087,255.000,0,79.0668,-46.6823,0.0110,0.6919,0,1,1,1,1,0,0,有效双星
1787909237.743000,1,5,20,2352,1471643.362886400,2,894,318,227,196,894,318,227,196,918.891,400.043,255.000,0,997.231,353.114,255.000,0,78.3406,-46.9296,0.7672,0.0869,0,1,1,1,1,0,0,有效双星
1787909237.753000,1,5,21,2353,1471643.372901400,2,894,318,227,196,894,318,227,196,916.965,398.659,255.000,0,995.391,352.097,255.000,0,78.4262,-46.5615,0.3779,0.3570,0,1,1,1,1,0,0,有效双星
1787909237.763000,1,5,22,2354,1471643.383029100,2,894,318,227,196,894,318,227,196,915.896,397.302,255.000,0,994.201,350.148,255.000,0,78.3050,-47.1538,0.6045,0.2895,0,1,1,1,1,0,0,有效双星
1787909237.772000,1,5,23,2355,1471643.392890600,2,894,318,227,196,894,318,227,196,913.941,395.986,255.000,0,992.307,349.123,255.000,0,78.3660,-46.8624,0.2977,0.0748,0,1,1,1,1,0,0,有效双星
1787909237.783000,1,5,24,2356,1471643.402868700,2,894,318,227,196,894,318,227,196,912.181,395.525,255.000,0,991.167,348.157,255.000,0,78.9852,-47.3674,0.7990,0.7696,0,1,1,1,1,0,0,有效双星
1787909237.793000,1,5,25,2357,1471643.413023000,2,894,318,227,196,894,318,227,196,912.959,396.041,255.000,0,991.336,349.144,255.000,0,78.3766,-46.8974,0.7690,0.0231,0,1,1,1,1,0,0,有效双星
1787909237.803000,1,5,26,2358,1471643.422871800,2,894,318,227,196,894,318,227,196,915.811,398.703,255.000,0,994.200,352.076,255.000,0,78.3885,-46.6274,0.2702,0.2865,0,1,1,1,1,0,0,有效双星
1787909237.813000,1,5,27,2359,1471643.432933500,2,894,318,227,196,894,318,227,196,919.067,402.067,255.000,0,998.152,355.149,255.000,0,79.0852,-46.9179,0.7548,0.7032,0,1,1,1,1,0,0,有效双星
1787909237.823000,1,5,28,2360,1471643.442877700,2,894,318,227,196,894,318,227,196,922.109,405.132,255.000,0,1001.011,358.092,255.000,0,78.9017,-47.0402,0.2205,0.5165,0,1,1,1,1,0,0,有效双星
1787909237.833000,1,5,29,2361,1471643.452884600,2,894,318,227,196,894,318,227,196,921.926,405.646,255.000,0,1000.372,359.106,255.000,0,78.4458,-46.5406,0.6762,0.4269,0,1,1,1,1,0,0,有效双星
1787909237.842000,1,5,30,2362,1471643.463025100,2,894,318,227,196,894,318,227,196,918.865,405.068,255.000,0,997.308,358.174,255.000,0,78.4433,-46.8941,0.3535,0.0083,0,1,1,1,1,0,0,有效双星
1787909237.852000,1,5,31,2363,1471643.473056300,2,894,318,227,196,894,318,227,196,914.820,404.693,255.000,0,993.084,357.167,255.000,0,78.2636,-47.5261,0.6571,0.6558,0,1,1,1,1,0,0,有效双星
1787909237.863000,1,5,32,2364,1471643.483072800,2,894,318,227,196,894,318,227,196,910.133,403.686,255.000,0,989.230,357.091,255.000,0,79.0975,-46.5952,1.2498,0.7327,0,1,1,1,1,0,0,有效双星
1787909237.871000,1,5,33,2365,1471643.492871500,2,894,318,227,196,894,318,227,196,909.106,403.527,255.000,0,987.394,356.164,255.000,0,78.2883,-47.3633,1.1157,0.4899,0,1,1,1,1,0,0,有效双星
1787909237.883000,1,5,34,2366,1471643.502937500,2,894,318,227,196,894,318,227,196,909.054,401.302,255.000,0,987.410,355.047,255.000,0,78.3563,-46.2557,1.1097,0.6539,0,1,1,1,1,0,0,有效双星
1787909237.893000,1,5,35,2367,1471643.512882500,2,894,318,227,196,894,318,227,196,909.187,397.535,255.000,0,988.268,351.063,255.000,0,79.0805,-46.4722,0.7559,0.7953,0,1,1,1,1,0,0,有效双星
1787909237.903000,1,5,36,2368,1471643.523083100,2,894,318,227,196,894,318,227,196,910.138,392.288,255.000,0,988.415,345.160,255.000,0,78.2773,-47.1287,1.0374,0.2959,0,1,1,1,1,0,0,有效双星
1787909237.913000,1,5,37,2369,1471643.532873900,2,894,318,227,196,894,318,227,196,909.024,385.213,255.000,0,988.086,339.032,255.000,0,79.0619,-46.1805,1.2308,0.9567,0,1,1,1,1,0,0,有效双星
1787909237.923000,1,5,38,2370,1471643.542894600,2,894,318,227,196,894,318,227,196,906.978,378.194,255.000,0,985.335,332.017,255.000,0,78.3569,-46.1771,0.7050,0.7055,0,1,1,1,1,0,0,有效双星
1787909237.932000,1,5,39,2371,1471643.552907600,2,894,318,227,196,894,318,227,196,903.702,371.026,255.000,0,980.617,327.400,255.000,0,76.9154,-43.6255,2.9306,3.5786,0,1,1,1,1,0,0,有效双星
1787909237.943000,1,5,40,2372,1471643.562899800,2,894,318,227,196,894,318,227,196,901.251,364.654,255.000,0,974.950,325.066,255.000,0,73.6991,-39.5883,5.1618,8.6648,0,1,1,1,1,0,0,有效双星
1787909237.953000,1,5,41,2373,1471643.572887900,2,894,318,227,196,894,318,227,196,899.726,361.866,255.000,0,970.137,324.429,255.000,0,70.4113,-37.4372,3.9289,12.2545,1,1,1,1,1,0,0,有效双星（差分基线偏离 12.255 px，连续 1/5 帧）
1787909237.967000,1,5,42,2374,1471643.583172500,2,894,318,227,196,894,318,227,196,898.827,363.757,226.000,0,965.921,325.305,255.000,0,67.0937,-38.4517,3.4693,14.0077,2,1,1,1,1,0,0,有效双星（差分基线偏离 14.008 px，连续 2/5 帧）
1787909237.973000,1,5,43,2375,1471643.592913100,2,894,318,227,196,894,318,227,196,898.522,372.358,217.000,0,966.551,329.609,255.000,0,68.0296,-42.7481,4.3971,11.0977,3,1,1,1,1,0,0,有效双星（差分基线偏离 11.098 px，连续 3/5 帧）
1787909237.982000,1,5,44,2376,1471643.603121000,2,894,318,227,196,894,318,227,196,898.878,384.397,241.000,0,968.472,339.133,255.000,0,69.5936,-45.2639,2.9624,8.9129,0,1,1,1,1,0,0,有效双星
1787909237.993000,1,5,45,2377,1471643.612892700,2,894,318,227,196,894,318,227,196,898.898,393.465,245.000,0,969.241,348.131,255.000,0,70.3425,-45.3339,0.7522,8.1518,0,1,1,1,1,0,0,有效双星
1787909238.001000,1,5,46,2378,1471643.622877900,2,894,318,227,196,894,318,227,196,898.517,395.561,208.000,0,966.414,351.075,255.000,0,67.8970,-44.4859,2.5884,10.6878,1,1,1,1,1,0,0,有效双星（差分基线偏离 10.688 px，连续 1/5 帧）
1787909238.013000,1,5,47,2379,1471643.632867500,2,894,318,227,196,894,318,227,196,0.000,0.000,0.000,0,0.000,0.000,0.000,0,0.0000,0.0000,0.0000,0.0000,0,0,0,0,0,0,0,AOI 内双星候选未达到最小间距
1787909238.023000,1,5,48,2380,1471643.642858600,2,894,318,227,196,894,318,227,196,0.000,0.000,0.000,0,0.000,0.000,0.000,0,0.0000,0.0000,0.0000,0.0000,0,0,0,0,0,0,0,AOI 内双星候选未达到最小间距
1787909238.032000,1,5,49,2381,1471643.653139500,2,894,318,227,196,894,318,227,196,0.000,0.000,0.000,0,0.000,0.000,0.000,0,0.0000,0.0000,0.0000,0.0000,0,0,0,0,0,0,0,AOI 内双星候选未达到最小间距
1787909238.043000,1,5,50,2382,1471643.662868600,2,894,318,227,196,894,318,227,196,898.523,370.535,220.000,0,966.488,328.424,255.000,0,67.9650,-42.1112,2.3756,11.3376,2,1,1,1,1,0,0,有效双星（差分基线偏离 11.338 px，连续 2/5 帧）
1787909238.560000,1,6,1,2430,1471644.180495600,3,826,252,224,191,826,252,224,191,906.967,373.791,255.000,0,985.362,327.111,255.000,0,78.3948,-46.6799,5.7427,3.1790,0,1,1,1,1,0,0,有效双星
1787909238.571000,1,6,2,2431,1471644.190480700,3,826,252,224,191,826,252,224,191,905.006,374.935,255.000,0,984.002,328.097,255.000,0,78.9960,-46.8384,0.6218,3.6034,0,1,1,1,1,0,0,有效双星
1787909238.579000,1,6,3,2432,1471644.200486000,3,826,252,224,191,826,252,224,191,901.137,374.270,255.000,0,980.171,327.163,255.000,0,79.0333,-47.1065,0.2707,3.8521,0,1,1,1,1,0,0,有效双星
1787909238.594000,1,6,4,2433,1471644.210514800,3,826,252,224,191,826,252,224,191,898.052,372.603,255.000,0,977.022,326.016,255.000,0,78.9701,-46.5865,0.5239,2.9628,0,1,1,1,1,0,0,有效双星
1787909238.601000,1,6,5,2434,1471644.220633500,3,826,252,224,191,826,252,224,191,896.856,369.983,255.000,0,975.298,323.149,255.000,0,78.4426,-46.8342,0.5828,2.5021,0,1,1,1,1,0,0,有效双星
1787909238.609000,1,6,6,2435,1471644.230488500,3,826,252,224,191,826,252,224,191,897.970,368.277,255.000,0,976.360,321.191,255.000,0,78.3899,-47.0855,0.2567,2.3048,0,1,1,1,1,0,0,有效双星
1787909238.621000,1,6,7,2436,1471644.240488500,3,826,252,224,191,826,252,224,191,901.107,368.140,255.000,0,980.065,321.112,255.000,0,78.9582,-47.0280,0.5712,2.1831,0,1,1,1,1,0,0,有效双星
1787909238.631000,1,6,8,2437,1471644.250503300,3,826,252,224,191,826,252,224,191,905.026,369.289,255.000,0,984.026,323.013,255.000,0,79.0004,-46.2762,0.7530,1.1813,0,1,1,1,1,0,0,有效双星
1787909238.642000,1,6,9,2438,1471644.260511300,3,826,252,224,191,826,252,224,191,907.176,371.932,255.000,0,986.165,325.090,255.000,0,78.9893,-46.8423,0.5662,1.6638,0,1,1,1,1,0,0,有效双星
1787909238.654000,1,6,10,2439,1471644.270499800,3,826,252,224,191,826,252,224,191,906.173,373.625,255.000,0,985.207,327.054,255.000,0,79.0347,-46.5705,0.2755,1.1518,0,1,1,1,1,0,0,有效双星
1787909238.661000,1,6,11,2440,1471644.280475500,3,826,252,224,191,826,252,224,191,902.207,373.317,255.000,0,981.240,327.035,255.000,0,79.0324,-46.2819,0.2886,0.6996,0,1,1,1,1,0,0,有效双星
1787909238.669000,1,6,12,2441,1471644.290639600,3,826,252,224,191,826,252,224,191,897.993,371.744,255.000,0,976.383,325.100,255.000,0,78.3897,-46.6440,0.7376,0.3661,0,1,1,1,1,0,0,有效双星
1787909238.679000,1,6,13,2442,1471644.300626800,3,826,252,224,191,826,252,224,191,895.137,369.958,255.000,0,974.234,323.139,255.000,0,79.0965,-46.8194,0.7282,0.7836,0,1,1,1,1,0,0,有效双星
1787909238.691000,1,6,14,2443,1471644.310620600,3,826,252,224,191,826,252,224,191,897.089,370.112,255.000,0,976.025,323.102,255.000,0,78.9357,-47.0098,0.2492,0.4958,0,1,1,1,1,0,0,有效双星
1787909238.699000,1,6,15,2444,1471644.320505100,3,826,252,224,191,826,252,224,191,901.851,371.093,255.000,0,980.204,324.134,255.000,0,78.3528,-46.9591,0.5852,0.6786,0,1,1,1,1,0,0,有效双星
1787909238.711000,1,6,16,2445,1471644.330508100,3,826,252,224,191,826,252,224,191,905.899,371.995,255.000,0,984.283,325.138,255.000,0,78.3840,-46.8573,0.1065,0.5872,0,1,1,1,1,0,0,有效双星
1787909238.722000,1,6,17,2446,1471644.340518500,3,826,252,224,191,826,252,224,191,907.025,371.895,255.000,0,985.969,325.071,255.000,0,78.9443,-46.8247,0.5613,0.0753,0,1,1,1,1,0,0,有效双星
1787909238.731000,1,6,18,2447,1471644.350637700,3,826,252,224,191,826,252,224,191,905.019,370.630,255.000,0,984.041,324.049,255.000,0,79.0220,-46.5812,0.2555,0.2544,0,1,1,1,1,0,0,有效双星
1787909238.739000,1,6,19,2448,1471644.360484600,3,826,252,224,191,826,252,224,191,901.898,369.751,255.000,0,980.339,323.113,255.000,0,78.4411,-46.6387,0.5837,0.5421,0,1,1,1,1,0,0,有效双星
1787909238.749000,1,6,20,2449,1471644.370485300,3,826,252,224,191,826,252,224,191,899.072,370.137,255.000,0,978.087,323.134,255.000,0,79.0148,-47.0033,0.6797,0.1921,0,1,1,1,1,0,0,有效双星
1787909238.760000,1,6,21,2450,1471644.380490000,3,826,252,224,191,826,252,224,191,898.092,371.232,255.000,0,977.110,324.150,255.000,0,79.0178,-47.0826,0.0793,0.2587,0,1,1,1,1,0,0,有效双星
1787909238.771000,1,6,22,2451,1471644.390578600,3,826,252,224,191,826,252,224,191,899.019,372.099,255.000,0,977.966,325.100,255.000,0,78.9472,-46.9992,0.1092,0.1661,0,1,1,1,1,0,0,有效双星
1787909238.780000,1,6,23,2452,1471644.400496400,3,826,252,224,191,826,252,224,191,900.949,372.092,255.000,0,979.290,325.128,255.000,0,78.3409,-46.9641,0.6073,0.6358,0,1,1,1,1,0,0,有效双星
1787909238.791000,1,6,24,2453,1471644.410475800,3,826,252,224,191,826,252,224,191,902.941,371.622,255.000,0,981.356,325.091,255.000,0,78.4151,-46.5313,0.4391,0.6191,0,1,1,1,1,0,0,有效双星
1787909238.799000,1,6,25,2454,1471644.420485800,3,826,252,224,191,826,252,224,191,904.956,371.647,255.000,0,983.298,325.062,255.000,0,78.3419,-46.5852,0.0909,0.6547,0,1,1,1,1,0,0,有效双星
1787909238.811000,1,6,26,2455,1471644.430644600,3,826,252,224,191,826,252,224,191,905.080,371.544,255.000,0,984.108,325.036,255.000,0,79.0283,-46.5075,0.6907,0.3363,0,1,1,1,1,0,0,有效双星
1787909238.819000,1,6,27,2456,1471644.440494800,3,826,252,224,191,826,252,224,191,903.956,371.102,255.000,0,982.340,324.159,255.000,0,78.3843,-46.9425,0.7771,0.5810,0,1,1,1,1,0,0,有效双星
1787909238.831000,1,6,28,2457,1471644.450499500,3,826,252,224,191,826,252,224,191,900.998,370.109,255.000,0,979.981,323.116,255.000,0,78.9829,-46.9935,0.6007,0.1754,0,1,1,1,1,0,0,有效双星
1787909238.840000,1,6,29,2458,1471644.460627200,3,826,252,224,191,826,252,224,191,898.182,369.269,255.000,0,977.208,322.160,255.000,0,79.0253,-47.1089,0.1230,0.2867,0,1,1,1,1,0,0,有效双星
1787909238.850000,1,6,30,2459,1471644.470483500,3,826,252,224,191,826,252,224,191,898.009,369.627,255.000,0,977.026,323.050,255.000,0,79.0174,-46.5765,0.5325,0.2741,0,1,1,1,1,0,0,有效双星
1787909238.861000,1,6,31,2460,1471644.480668100,3,826,252,224,191,826,252,224,191,900.095,371.269,255.000,0,979.076,324.146,255.000,0,78.9808,-47.1235,0.5483,0.2847,0,1,1,1,1,0,0,有效双星
1787909238.871000,1,6,32,2461,1471644.490500200,3,826,252,224,191,826,252,224,191,903.177,373.282,255.000,0,982.129,326.141,255.000,0,78.9528,-47.1409,0.0330,0.2411,0,1,1,1,1,0,0,有效双星
1787909238.881000,1,6,33,2462,1471644.500644200,3,826,252,224,191,826,252,224,191,905.176,374.041,255.000,0,984.143,327.108,255.000,0,78.9669,-46.9327,0.2087,0.0248,0,1,1,1,1,0,0,有效双星
1787909238.889000,1,6,34,2463,1471644.510493300,3,826,252,224,191,826,252,224,191,905.058,373.037,255.000,0,983.982,326.086,255.000,0,78.9246,-46.9512,0.0462,0.0254,0,1,1,1,1,0,0,有效双星
1787909238.901000,1,6,35,2464,1471644.520724400,3,826,252,224,191,826,252,224,191,902.843,370.658,255.000,0,981.290,324.100,255.000,0,78.4465,-46.5585,0.6187,0.6359,0,1,1,1,1,0,0,有效双星
1787909238.909000,1,6,36,2465,1471644.530491700,3,826,252,224,191,826,252,224,191,900.054,368.912,255.000,0,979.032,322.086,255.000,0,78.9788,-46.8269,0.5962,0.1144,0,1,1,1,1,0,0,有效双星
1787909238.919000,1,6,37,2466,1471644.540474500,3,826,252,224,191,826,252,224,191,898.969,368.254,255.000,0,977.363,321.187,255.000,0,78.3934,-47.0677,0.6330,0.5812,0,1,1,1,1,0,0,有效双星
1787909238.929000,1,6,38,2467,1471644.550485300,3,826,252,224,191,826,252,224,191,899.169,369.257,255.000,0,978.221,323.036,255.000,0,79.0519,-46.2214,1.0724,0.7313,0,1,1,1,1,0,0,有效双星
1787909238.941000,1,6,39,2468,1471644.560492500,3,826,252,224,191,826,252,224,191,901.849,371.483,255.000,0,980.196,325.025,255.000,0,78.3469,-46.4583,0.7437,0.7838,0,1,1,1,1,0,0,有效双星
1787909238.949000,1,6,40,2469,1471644.570501400,3,826,252,224,191,826,252,224,191,903.863,373.105,255.000,0,982.225,326.147,255.000,0,78.3621,-46.9587,0.5006,0.5979,0,1,1,1,1,0,0,有效双星
1787909238.959000,1,6,41,2470,1471644.580636300,3,826,252,224,191,826,252,224,191,904.883,373.983,255.000,0,983.224,327.123,255.000,0,78.3413,-46.8595,0.1013,0.6150,0,1,1,1,1,0,0,有效双星
1787909238.971000,1,6,42,2471,1471644.590488700,3,826,252,224,191,826,252,224,191,904.002,373.679,255.000,0,982.340,327.072,255.000,0,78.3386,-46.6069,0.2526,0.6827,0,1,1,1,1,0,0,有效双星
1787909238.979000,1,6,43,2472,1471644.600481200,3,826,252,224,191,826,252,224,191,901.970,371.803,255.000,0,980.954,325.075,255.000,0,78.9844,-46.7282,0.6571,0.3428,0,1,1,1,1,0,0,有效双星
1787909238.991000,1,6,44,2473,1471644.610494600,3,826,252,224,191,826,252,224,191,899.996,369.867,255.000,0,978.358,323.112,255.000,0,78.3629,-46.7554,0.6221,0.5825,0,1,1,1,1,0,0,有效双星
1787909239.001000,1,6,45,2474,1471644.620645500,3,826,252,224,191,826,252,224,191,898.999,368.525,255.000,0,977.984,322.023,255.000,0,78.9847,-46.5021,0.6715,0.3441,0,1,1,1,1,0,0,有效双星
1787909239.009000,1,6,46,2475,1471644.630502000,3,826,252,224,191,826,252,224,191,899.973,368.777,255.000,0,978.970,322.072,255.000,0,78.9973,-46.7054,0.2036,0.1428,0,1,1,1,1,0,0,有效双星
1787909239.021000,1,6,47,2476,1471644.640691200,3,826,252,224,191,826,252,224,191,902.196,370.834,255.000,0,981.129,324.054,255.000,0,78.9330,-46.7794,0.0981,0.0692,0,1,1,1,1,0,0,有效双星
1787909239.032000,1,6,48,2477,1471644.650611000,3,826,252,224,191,826,252,224,191,904.183,372.776,255.000,0,983.211,326.085,255.000,0,79.0286,-46.6911,0.1302,0.1315,0,1,1,1,1,0,0,有效双星
1787909239.041000,1,6,49,2478,1471644.660488100,3,826,252,224,191,826,252,224,191,905.064,373.952,255.000,0,983.986,327.080,255.000,0,78.9224,-46.8721,0.2098,0.1111,0,1,1,1,1,0,0,有效双星
1787909239.049000,1,6,50,2479,1471644.670484000,3,826,252,224,191,826,252,224,191,903.848,373.252,255.000,0,982.174,326.157,255.000,0,78.3258,-47.0946,0.6367,0.6985,0,1,1,1,1,0,0,有效双星
1787909251.867000,1,7,1,3757,1471657.487974400,4,794,214,227,196,794,214,227,196,843.959,297.736,255.000,0,922.380,251.153,255.000,0,78.4213,-46.5835,0.0871,0.2845,0,1,1,1,1,0,0,有效双星
1787909251.877000,1,7,2,3758,1471657.497974900,4,794,214,227,196,794,214,227,196,851.959,300.330,255.000,0,930.338,254.081,255.000,0,78.3796,-46.2485,0.3376,0.5038,0,1,1,1,1,0,0,有效双星
1787909251.887000,1,7,3,3759,1471657.507992500,4,794,214,227,196,794,214,227,196,858.946,303.998,255.000,0,937.354,257.170,255.000,0,78.4079,-46.8284,0.5806,0.3667,0,1,1,1,1,0,0,有效双星
1787909251.898000,1,7,4,3760,1471657.518198200,4,794,214,227,196,794,214,227,196,860.837,306.625,255.000,0,939.342,260.136,255.000,0,78.5053,-46.4896,0.3525,0.2338,0,1,1,1,1,0,0,有效双星
1787909251.907000,1,7,5,3761,1471657.527981900,4,794,214,227,196,794,214,227,196,856.161,307.960,255.000,0,935.175,261.130,255.000,0,79.0144,-46.8302,0.6125,0.3443,0,1,1,1,1,0,0,有效双星
1787909251.917000,1,7,6,3762,1471657.537966900,4,794,214,227,196,794,214,227,196,847.905,306.884,255.000,0,926.337,260.167,255.000,0,78.4315,-46.7174,0.5937,0.5350,0,1,1,1,1,0,0,有效双星
1787909251.927000,1,7,7,3763,1471657.547975400,4,794,214,227,196,794,214,227,196,839.067,304.667,255.000,0,918.030,258.075,255.000,0,78.9630,-46.5917,0.5462,0.2574,0,1,1,1,1,0,0,有效双星
1787909251.938000,1,7,8,3764,1471657.558058400,4,794,214,227,196,794,214,227,196,834.858,302.012,255.000,0,913.220,255.164,255.000,0,78.3624,-46.8483,0.6532,0.6167,0,1,1,1,1,0,0,有效双星
1787909251.947000,1,7,9,3765,1471657.567986800,4,794,214,227,196,794,214,227,196,836.941,301.605,255.000,0,915.371,255.133,255.000,0,78.4304,-46.4719,0.3825,0.3862,0,1,1,1,1,0,0,有效双星
1787909251.957000,1,7,10,3766,1471657.578006800,4,794,214,227,196,794,214,227,196,845.863,304.921,255.000,0,924.271,258.163,255.000,0,78.4080,-46.7580,0.2870,0.0863,0,1,1,1,1,0,0,有效双星
1787909251.968000,1,7,11,3767,1471657.588352400,4,794,214,227,196,794,214,227,196,856.000,310.967,255.000,0,935.076,264.146,255.000,0,79.0766,-46.8208,0.6716,0.6575,0,1,1,1,1,0,0,有效双星
1787909251.977000,1,7,12,3768,1471657.598142500,4,794,214,227,196,794,214,227,196,862.159,316.619,255.000,0,941.223,270.089,255.000,0,79.0638,-46.5293,0.2918,0.6308,0,1,1,1,1,0,0,有效双星
1787909251.987000,1,7,13,3769,1471657.607992000,4,794,214,227,196,794,214,227,196,861.012,317.638,255.000,0,940.057,271.089,255.000,0,79.0447,-46.5489,0.0274,0.5949,0,1,1,1,1,0,0,有效双星
1787909251.998000,1,7,14,3770,1471657.617989700,4,794,214,227,196,794,214,227,196,853.014,313.226,255.000,0,932.027,267.031,255.000,0,79.0132,-46.1949,0.3554,0.6994,0,1,1,1,1,0,0,有效双星
1787909252.007000,1,7,15,3771,1471657.628002100,4,794,214,227,196,794,214,227,196,844.021,305.958,255.000,0,922.429,259.187,255.000,0,78.4076,-46.7714,0.8361,0.3747,0,1,1,1,1,0,0,有效双星
1787909252.017000,1,7,16,3772,1471657.638235400,4,794,214,227,196,794,214,227,196,840.813,299.945,255.000,0,919.196,253.156,255.000,0,78.3830,-46.7896,0.0306,0.1779,0,1,1,1,1,0,0,有效双星
1787909252.028000,1,7,17,3773,1471657.647987600,4,794,214,227,196,794,214,227,196,845.089,298.640,255.000,0,924.090,252.085,255.000,0,79.0007,-46.5556,0.6605,0.5869,0,1,1,1,1,0,0,有效双星
1787909252.037000,1,7,18,3774,1471657.657972500,4,794,214,227,196,794,214,227,196,855.184,301.987,255.000,0,934.239,255.153,255.000,0,79.0550,-46.8344,0.2840,0.6555,0,1,1,1,1,0,0,有效双星
1787909252.047000,1,7,19,3775,1471657.667985800,4,794,214,227,196,794,214,227,196,864.948,308.200,255.000,0,943.352,262.065,255.000,0,78.4039,-46.1346,0.9559,0.5207,0,1,1,1,1,0,0,有效双星
1787909252.057000,1,7,20,3776,1471657.678039500,4,794,214,227,196,794,214,227,196,866.899,314.487,255.000,0,945.360,268.109,255.000,0,78.4613,-46.3781,0.2502,0.2117,0,1,1,1,1,0,0,有效双星
1787909252.067000,1,7,21,3777,1471657.688006000,4,794,214,227,196,794,214,227,196,860.871,318.099,255.000,0,939.302,272.061,255.000,0,78.4304,-46.0375,0.3419,0.5503,0,1,1,1,1,0,0,有效双星
1787909252.077000,1,7,22,3778,1471657.697978500,4,794,214,227,196,794,214,227,196,849.019,318.227,255.000,0,928.061,272.044,255.000,0,79.0421,-46.1830,0.6287,0.7124,0,1,1,1,1,0,0,有效双星
1787909252.094000,1,7,23,3779,1471657.707990900,4,794,214,227,196,794,214,227,196,838.064,315.055,255.000,0,917.108,268.160,255.000,0,79.0441,-46.8942,0.7113,0.6460,0,1,1,1,1,0,0,有效双星
1787909252.097000,1,7,24,3780,1471657.717981500,4,794,214,227,196,794,214,227,196,833.076,310.524,255.000,0,912.071,264.062,255.000,0,78.9952,-46.4620,0.4349,0.2839,0,1,1,1,1,0,0,有效双星
1787909252.107000,1,7,25,3781,1471657.727996900,4,794,214,227,196,794,214,227,196,836.882,306.655,255.000,0,915.281,260.121,255.000,0,78.3986,-46.5339,0.6009,0.5819,0,1,1,1,1,0,0,有效双星
1787909252.118000,1,7,26,3782,1471657.738109000,4,794,214,227,196,794,214,227,196,847.133,306.049,255.000,0,926.104,259.139,255.000,0,78.9709,-46.9103,0.6850,0.4417,0,1,1,1,1,0,0,有效双星
1787909252.127000,1,7,27,3783,1471657.748008400,4,794,214,227,196,794,214,227,196,859.145,308.524,255.000,0,938.229,262.072,255.000,0,79.0837,-46.4512,0.4727,0.1544,0,1,1,1,1,0,0,有效双星
1787909252.139000,1,7,28,3784,1471657.758011200,4,794,214,227,196,794,214,227,196,866.962,311.952,255.000,0,946.005,265.140,255.000,0,79.0431,-46.8121,0.3631,0.2773,0,1,1,1,1,0,0,有效双星
1787909252.147000,1,7,29,3785,1471657.768081700,4,794,214,227,196,794,214,227,196,865.104,313.913,255.000,0,944.177,267.150,255.000,0,79.0729,-46.7633,0.0571,0.2343,0,1,1,1,1,0,0,有效双星
1787909252.157000,1,7,30,3786,1471657.777996800,4,794,214,227,196,794,214,227,196,855.047,312.728,255.000,0,934.140,266.121,255.000,0,79.0936,-46.6072,0.1575,0.1026,0,1,1,1,1,0,0,有效双星
1787909252.167000,1,7,31,3787,1471657.788075300,4,794,214,227,196,794,214,227,196,842.858,309.869,255.000,0,921.257,263.151,255.000,0,78.3992,-46.7183,0.7032,0.6500,0,1,1,1,1,0,0,有效双星
1787909252.177000,1,7,32,3788,1471657.797983500,4,794,214,227,196,794,214,227,196,834.895,308.107,255.000,0,913.287,261.196,255.000,0,78.3918,-46.9110,0.1928,0.7122,0,1,1,1,1,0,0,有效双星
1787909252.187000,1,7,33,3789,1471657.807980700,4,794,214,227,196,794,214,227,196,836.015,309.357,255.000,0,914.397,263.111,255.000,0,78.3826,-46.2455,0.6655,0.7010,0,1,1,1,1,0,0,有效双星
1787909252.197000,1,7,34,3790,1471657.818002300,4,794,214,227,196,794,214,227,196,845.094,312.941,255.000,0,924.110,266.131,255.000,0,79.0165,-46.8099,0.8488,0.2309,0,1,1,1,1,0,0,有效双星
1787909252.207000,1,7,35,3791,1471657.828019400,4,794,214,227,196,794,214,227,196,856.833,315.794,255.000,0,935.280,269.145,255.000,0,78.4468,-46.6483,0.5922,0.5364,0,1,1,1,1,0,0,有效双星
1787909252.217000,1,7,36,3792,1471657.838010400,4,794,214,227,196,794,214,227,196,863.884,315.927,255.000,0,942.308,269.167,255.000,0,78.4235,-46.7601,0.1141,0.5750,0,1,1,1,1,0,0,有效双星
1787909252.227000,1,7,37,3793,1471657.847981900,4,794,214,227,196,794,214,227,196,862.967,312.833,255.000,0,942.019,266.123,255.000,0,79.0524,-46.7092,0.6310,0.1069,0,1,1,1,1,0,0,有效双星
1787909252.237000,1,7,38,3794,1471657.857977100,4,794,214,227,196,794,214,227,196,855.892,308.592,255.000,0,934.360,262.124,255.000,0,78.4683,-46.4682,0.6318,0.5561,0,1,1,1,1,0,0,有效双星
1787909252.248000,1,7,39,3795,1471657.867973200,4,794,214,227,196,794,214,227,196,846.881,305.651,255.000,0,925.330,259.133,255.000,0,78.4495,-46.5179,0.0531,0.2916,0,1,1,1,1,0,0,有效双星
1787909252.257000,1,7,40,3796,1471657.877989400,4,794,214,227,196,794,214,227,196,840.891,305.774,255.000,0,919.322,259.152,255.000,0,78.4312,-46.6221,0.1059,0.2885,0,1,1,1,1,0,0,有效双星
1787909252.268000,1,7,41,3797,1471657.887986900,4,794,214,227,196,794,214,227,196,840.172,308.881,255.000,0,919.217,262.147,255.000,0,79.0450,-46.7341,0.6240,0.3401,0,1,1,1,1,0,0,有效双星
1787909252.279000,1,7,42,3798,1471657.899288400,4,794,214,227,196,794,214,227,196,845.228,313.344,255.000,0,924.243,267.060,255.000,0,79.0152,-46.2845,0.4506,0.3956,0,1,1,1,1,0,0,有效双星
1787909252.288000,1,7,43,3799,1471657.907975400,4,794,214,227,196,794,214,227,196,853.026,317.121,255.000,0,931.424,270.199,255.000,0,78.3977,-46.9213,0.8871,0.6336,0,1,1,1,1,0,0,有效双星
1787909252.297000,1,7,44,3800,1471657.917989500,4,794,214,227,196,794,214,227,196,858.886,318.477,255.000,0,937.357,272.110,255.000,0,78.4711,-46.3670,0.5592,0.3987,0,1,1,1,1,0,0,有效双星
1787909252.308000,1,7,45,3801,1471657.928152200,4,794,214,227,196,794,214,227,196,859.875,316.539,255.000,0,938.361,270.124,255.000,0,78.4857,-46.4148,0.0500,0.2644,0,1,1,1,1,0,0,有效双星
1787909252.317000,1,7,46,3802,1471657.937969900,4,794,214,227,196,794,214,227,196,855.124,311.782,255.000,0,934.229,265.133,255.000,0,79.1055,-46.6491,0.6626,0.6278,0,1,1,1,1,0,0,有效双星
1787909252.328000,1,7,47,3803,1471657.947967900,4,794,214,227,196,794,214,227,196,848.125,306.206,255.000,0,927.183,260.054,255.000,0,79.0577,-46.1526,0.4988,0.7627,0,1,1,1,1,0,0,有效双星
1787909252.339000,1,7,48,3804,1471657.957975500,4,794,214,227,196,794,214,227,196,843.009,303.149,255.000,0,921.398,256.215,255.000,0,78.3891,-46.9340,1.0284,0.2989,0,1,1,1,1,0,0,有效双星
1787909252.347000,1,7,49,3805,1471657.968203600,4,794,214,227,196,794,214,227,196,842.822,304.621,255.000,0,921.232,258.111,255.000,0,78.4093,-46.5104,0.4241,0.1509,0,1,1,1,1,0,0,有效双星
1787909252.357000,1,7,50,3806,1471657.977968600,4,794,214,227,196,794,214,227,196,847.126,310.130,255.000,0,926.146,263.167,255.000,0,79.0209,-46.9622,0.7603,0.6501,0,1,1,1,1,0,0,有效双星
1787909257.669000,1,8,1,4334,1471663.288833200,5,784,178,227,195,784,178,227,195,851.900,309.777,255.000,0,930.268,263.102,255.000,0,78.3687,-46.6742,0.4094,0.1992,0,1,1,1,1,0,0,有效双星
1787909257.679000,1,8,2,4335,1471663.298818000,5,784,178,227,195,784,178,227,195,848.166,311.647,255.000,0,927.142,265.052,255.000,0,78.9763,-46.5943,0.6129,0.6579,0,1,1,1,1,0,0,有效双星
1787909257.689000,1,8,3,4336,1471663.309283100,5,784,178,227,195,784,178,227,195,845.045,309.868,255.000,0,924.038,263.104,255.000,0,78.9928,-46.7636,0.1702,0.6087,0,1,1,1,1,0,0,有效双星
1787909257.699000,1,8,4,4337,1471663.318812900,5,784,178,227,195,784,178,227,195,843.874,307.877,255.000,0,922.239,261.132,255.000,0,78.3650,-46.7452,0.6281,0.3065,0,1,1,1,1,0,0,有效双星
1787909257.709000,1,8,5,4338,1471663.328815500,5,784,178,227,195,784,178,227,195,844.936,307.733,255.000,0,923.321,261.113,255.000,0,78.3849,-46.6202,0.1266,0.1079,0,1,1,1,1,0,0,有效双星
1787909257.719000,1,8,6,4339,1471663.338830200,5,784,178,227,195,784,178,227,195,847.999,308.965,255.000,0,926.376,262.157,255.000,0,78.3767,-46.8083,0.1883,0.0808,0,1,1,1,1,0,0,有效双星
1787909257.729000,1,8,7,4340,1471663.348888200,5,784,178,227,195,784,178,227,195,850.928,309.700,255.000,0,929.324,263.107,255.000,0,78.3964,-46.5936,0.2156,0.1614,0,1,1,1,1,0,0,有效双星
1787909257.739000,1,8,8,4341,1471663.358826000,5,784,178,227,195,784,178,227,195,851.164,308.769,255.000,0,930.180,262.088,255.000,0,79.0162,-46.6810,0.6259,0.6299,0,1,1,1,1,0,0,有效双星
1787909257.749000,1,8,9,4342,1471663.369174900,5,784,178,227,195,784,178,227,195,850.226,306.386,255.000,0,929.203,259.184,255.000,0,78.9773,-47.2028,0.5233,0.7547,0,1,1,1,1,0,0,有效双星
1787909257.759000,1,8,10,4343,1471663.379025500,5,784,178,227,195,784,178,227,195,849.036,304.614,255.000,0,928.022,258.057,255.000,0,78.9856,-46.5570,0.6458,0.6190,0,1,1,1,1,0,0,有效双星
1787909257.769000,1,8,11,4344,1471663.389183900,5,784,178,227,195,784,178,227,195,848.183,304.522,255.000,0,927.204,257.194,255.000,0,79.0216,-47.3286,0.7724,0.8936,0,1,1,1,1,0,0,有效双星
1787909257.779000,1,8,12,4345,1471663.398826800,5,784,178,227,195,784,178,227,195,848.230,305.350,255.000,0,927.222,258.189,255.000,0,78.9924,-47.1616,0.1696,0.5572,0,1,1,1,1,0,0,有效双星
1787909257.789000,1,8,13,4346,1471663.408812500,5,784,178,227,195,784,178,227,195,848.945,306.247,255.000,0,927.314,259.192,255.000,0,78.3697,-47.0548,0.6317,0.6894,0,1,1,1,1,0,0,有效双星
1787909257.799000,1,8,14,4347,1471663.419073700,5,784,178,227,195,784,178,227,195,849.035,306.688,255.000,0,928.014,260.064,255.000,0,78.9790,-46.6238,0.7463,0.1307,0,1,1,1,1,0,0,有效双星
1787909257.808000,1,8,15,4348,1471663.428814500,5,784,178,227,195,784,178,227,195,849.177,306.708,255.000,0,928.219,260.089,255.000,0,79.0421,-46.6192,0.0633,0.1263,0,1,1,1,1,0,0,有效双星
1787909257.819000,1,8,16,4349,1471663.438834700,5,784,178,227,195,784,178,227,195,850.065,306.869,255.000,0,929.050,260.094,255.000,0,78.9855,-46.7755,0.1662,0.0799,0,1,1,1,1,0,0,有效双星
1787909257.828000,1,8,17,4350,1471663.448823400,5,784,178,227,195,784,178,227,195,850.081,307.178,255.000,0,929.091,260.153,255.000,0,79.0093,-47.0254,0.2510,0.3310,0,1,1,1,1,0,0,有效双星
1787909257.841000,1,8,18,4351,1471663.458836900,5,784,178,227,195,784,178,227,195,849.014,307.582,255.000,0,927.399,261.092,255.000,0,78.3846,-46.4899,0.8228,0.6321,0,1,1,1,1,0,0,有效双星
1787909257.849000,1,8,19,4352,1471663.468823900,5,784,178,227,195,784,178,227,195,846.954,307.145,255.000,0,925.310,260.174,255.000,0,78.3557,-46.9709,0.4819,0.6805,0,1,1,1,1,0,0,有效双星
1787909257.859000,1,8,20,4353,1471663.478823400,5,784,178,227,195,784,178,227,195,844.886,306.702,255.000,0,923.286,260.112,255.000,0,78.4002,-46.5908,0.3828,0.5895,0,1,1,1,1,0,0,有效双星
1787909257.869000,1,8,21,4354,1471663.488818500,5,784,178,227,195,784,178,227,195,844.109,307.130,255.000,0,923.103,260.147,255.000,0,78.9947,-46.9832,0.7123,0.2707,0,1,1,1,1,0,0,有效双星
1787909257.879000,1,8,22,4355,1471663.498830300,5,784,178,227,195,784,178,227,195,845.843,308.595,255.000,0,924.235,262.082,255.000,0,78.3919,-46.5135,0.7642,0.6338,0,1,1,1,1,0,0,有效双星
1787909257.889000,1,8,23,4356,1471663.508822600,5,784,178,227,195,784,178,227,195,847.157,310.020,255.000,0,926.154,263.129,255.000,0,78.9976,-46.8909,0.7137,0.1378,0,1,1,1,1,0,0,有效双星
1787909257.902000,1,8,24,4357,1471663.518827600,5,784,178,227,195,784,178,227,195,847.937,310.119,255.000,0,926.342,263.184,255.000,0,78.4043,-46.9353,0.5950,0.6000,0,1,1,1,1,0,0,有效双星
1787909257.908000,1,8,25,4358,1471663.528859200,5,784,178,227,195,784,178,227,195,846.845,308.873,255.000,0,925.240,262.136,255.000,0,78.3950,-46.7373,0.1982,0.5857,0,1,1,1,1,0,0,有效双星
1787909257.919000,1,8,26,4359,1471663.539238700,5,784,178,227,195,784,178,227,195,844.967,306.891,255.000,0,923.382,260.157,255.000,0,78.4146,-46.7340,0.0198,0.5666,0,1,1,1,1,0,0,有效双星
1787909257.928000,1,8,27,4360,1471663.548814100,5,784,178,227,195,784,178,227,195,844.155,305.590,255.000,0,923.181,259.067,255.000,0,79.0259,-46.5235,0.6466,0.2378,0,1,1,1,1,0,0,有效双星
1787909257.939000,1,8,28,4361,1471663.558817300,5,784,178,227,195,784,178,227,195,845.183,305.202,255.000,0,924.165,258.158,255.000,0,78.9815,-47.0440,0.5224,0.2876,0,1,1,1,1,0,0,有效双星
1787909257.947000,1,8,29,4362,1471663.568834700,5,784,178,227,195,784,178,227,195,846.953,305.284,255.000,0,925.352,259.077,255.000,0,78.3991,-46.2068,1.0199,0.8544,0,1,1,1,1,0,0,有效双星
1787909257.957000,1,8,30,4363,1471663.578848500,5,784,178,227,195,784,178,227,195,848.042,305.881,255.000,0,926.392,259.131,255.000,0,78.3498,-46.7509,0.5463,0.6304,0,1,1,1,1,0,0,有效双星
1787909257.969000,1,8,31,4364,1471663.588828700,5,784,178,227,195,784,178,227,195,848.088,306.087,255.000,0,927.101,259.144,255.000,0,79.0130,-46.9421,0.6902,0.3633,0,1,1,1,1,0,0,有效双星
1787909257.978000,1,8,32,4365,1471663.598834600,5,784,178,227,195,784,178,227,195,847.903,306.531,255.000,0,926.325,260.092,255.000,0,78.4218,-46.4389,0.7764,0.4252,0,1,1,1,1,0,0,有效双星
1787909257.989000,1,8,33,4366,1471663.609136200,5,784,178,227,195,784,178,227,195,847.043,306.653,255.000,0,926.025,260.056,255.000,0,78.9817,-46.5964,0.5816,0.5825,0,1,1,1,1,0,0,有效双星
1787909257.999000,1,8,34,4367,1471663.618828400,5,784,178,227,195,784,178,227,195,846.103,305.643,255.000,0,925.194,259.096,255.000,0,79.0912,-46.5476,0.1199,0.4338,0,1,1,1,1,0,0,有效双星
1787909258.009000,1,8,35,4368,1471663.628819000,5,784,178,227,195,784,178,227,195,846.106,304.086,255.000,0,925.077,257.132,255.000,0,78.9704,-46.9545,0.4245,0.3466,0,1,1,1,1,0,0,有效双星
1787909258.019000,1,8,36,4369,1471663.639209200,5,784,178,227,195,784,178,227,195,846.926,302.007,255.000,0,925.316,255.166,255.000,0,78.3897,-46.8409,0.5917,0.3213,0,1,1,1,1,0,0,有效双星
1787909258.028000,1,8,37,4370,1471663.648840400,5,784,178,227,195,784,178,227,195,848.017,300.661,255.000,0,927.008,254.065,255.000,0,78.9913,-46.5957,0.6497,0.5921,0,1,1,1,1,0,0,有效双星
1787909258.039000,1,8,38,4371,1471663.658834900,5,784,178,227,195,784,178,227,195,849.182,300.238,255.000,0,928.159,253.160,255.000,0,78.9766,-47.0775,0.4821,0.6547,0,1,1,1,1,0,0,有效双星
1787909258.049000,1,8,39,4372,1471663.669087500,5,784,178,227,195,784,178,227,195,849.868,300.684,255.000,0,928.296,254.117,255.000,0,78.4279,-46.5664,0.7498,0.3217,0,1,1,1,1,0,0,有效双星
1787909258.059000,1,8,40,4373,1471663.678841900,5,784,178,227,195,784,178,227,195,848.944,302.101,255.000,0,927.316,255.173,255.000,0,78.3716,-46.9280,0.3660,0.3799,0,1,1,1,1,0,0,有效双星
1787909258.068000,1,8,41,4374,1471663.688828100,5,784,178,227,195,784,178,227,195,846.977,304.149,255.000,0,925.373,258.052,255.000,0,78.3967,-46.0972,0.8312,0.7142,0,1,1,1,1,0,0,有效双星
1787909258.079000,1,8,42,4375,1471663.698826400,5,784,178,227,195,784,178,227,195,845.077,306.918,255.000,0,924.096,260.117,255.000,0,79.0192,-46.8004,0.9391,0.5979,0,1,1,1,1,0,0,有效双星
1787909258.091000,1,8,43,4376,1471663.708848200,5,784,178,227,195,784,178,227,195,844.109,309.302,255.000,0,923.098,263.032,255.000,0,78.9890,-46.2692,0.5320,0.5563,0,1,1,1,1,0,0,有效双星
1787909258.098000,1,8,44,4377,1471663.719097400,5,784,178,227,195,784,178,227,195,843.965,310.631,255.000,0,922.397,264.120,255.000,0,78.4322,-46.5115,0.6072,0.3486,0,1,1,1,1,0,0,有效双星
1787909258.109000,1,8,45,4378,1471663.728835400,5,784,178,227,195,784,178,227,195,844.040,310.371,255.000,0,922.395,264.078,255.000,0,78.3546,-46.2922,0.2327,0.5093,0,1,1,1,1,0,0,有效双星
1787909258.119000,1,8,46,4379,1471663.738830400,5,784,178,227,195,784,178,227,195,843.981,308.673,255.000,0,923.016,262.083,255.000,0,79.0350,-46.5905,0.7429,0.3337,0,1,1,1,1,0,0,有效双星
1787909258.129000,1,8,47,4380,1471663.748841600,5,784,178,227,195,784,178,227,195,844.134,306.865,255.000,0,923.101,260.089,255.000,0,78.9668,-46.7752,0.1968,0.1822,0,1,1,1,1,0,0,有效双星
1787909258.139000,1,8,48,4381,1471663.758838300,5,784,178,227,195,784,178,227,195,844.200,305.611,255.000,0,923.250,259.082,255.000,0,79.0496,-46.5287,0.2601,0.1053,0,1,1,1,1,0,0,有效双星
1787909258.147000,1,8,49,4382,1471663.768856400,5,784,178,227,195,784,178,227,195,845.038,305.804,255.000,0,924.025,259.089,255.000,0,78.9863,-46.7151,0.1969,0.1233,0,1,1,1,1,0,0,有效双星
1787909258.159000,1,8,50,4383,1471663.778828800,5,784,178,227,195,784,178,227,195,845.834,307.040,255.000,0,924.177,260.142,255.000,0,78.3429,-46.8974,0.6687,0.6989,0,1,1,1,1,0,0,有效双星
1787909258.676000,1,9,1,4431,1471664.296444700,6,788,220,228,196,788,220,228,196,868.985,321.693,255.000,0,947.383,275.125,255.000,0,78.3981,-46.5677,0.6524,0.6094,0,1,1,1,1,0,0,有效双星
1787909258.685000,1,9,2,4432,1471664.306189400,6,788,220,228,196,788,220,228,196,869.023,324.334,255.000,0,947.383,278.080,255.000,0,78.3600,-46.2548,0.3152,0.7372,0,1,1,1,1,0,0,有效双星
1787909258.695000,1,9,3,4433,1471664.316191000,6,788,220,228,196,788,220,228,196,868.041,329.754,255.000,0,947.018,283.085,255.000,0,78.9770,-46.6688,0.7431,0.2519,0,1,1,1,1,0,0,有效双星
1787909258.707000,1,9,4,4434,1471664.326214900,6,788,220,228,196,788,220,228,196,865.980,334.785,255.000,0,944.365,288.126,255.000,0,78.3858,-46.6592,0.5913,0.3386,0,1,1,1,1,0,0,有效双星
1787909258.716000,1,9,5,4435,1471664.336206000,6,788,220,228,196,788,220,228,196,862.968,337.040,255.000,0,941.360,290.181,255.000,0,78.3917,-46.8599,0.2008,0.4107,0,1,1,1,1,0,0,有效双星
1787909258.725000,1,9,6,4436,1471664.346574300,6,788,220,228,196,788,220,228,196,860.889,335.990,255.000,0,939.250,289.157,255.000,0,78.3608,-46.8333,0.0408,0.2386,0,1,1,1,1,0,0,有效双星
1787909258.736000,1,9,7,4437,1471664.356187200,6,788,220,228,196,788,220,228,196,860.914,331.943,255.000,0,939.310,285.159,255.000,0,78.3954,-46.7841,0.0601,0.1759,0,1,1,1,1,0,0,有效双星
1787909258.745000,1,9,8,4438,1471664.366187900,6,788,220,228,196,788,220,228,196,863.873,326.160,255.000,0,942.276,280.048,255.000,0,78.4030,-46.1121,0.6720,0.5366,0,1,1,1,1,0,0,有效双星
1787909258.755000,1,9,9,4439,1471664.376499500,6,788,220,228,196,788,220,228,196,868.169,320.891,255.000,0,947.185,274.121,255.000,0,79.0159,-46.7701,0.8993,0.6221,0,1,1,1,1,0,0,有效双星
1787909258.766000,1,9,10,4440,1471664.386227500,6,788,220,228,196,788,220,228,196,873.805,317.537,255.000,0,952.221,271.082,255.000,0,78.4160,-46.4548,0.6778,0.1485,0,1,1,1,1,0,0,有效双星
1787909258.782000,1,9,11,4441,1471664.396212600,6,788,220,228,196,788,220,228,196,877.839,317.890,255.000,0,956.227,271.141,255.000,0,78.3879,-46.7486,0.2951,0.1932,0,1,1,1,1,0,0,有效双星
1787909258.785000,1,9,12,4442,1471664.406194100,6,788,220,228,196,788,220,228,196,879.837,321.715,255.000,0,958.212,275.101,255.000,0,78.3747,-46.6143,0.1349,0.0656,0,1,1,1,1,0,0,有效双星
1787909258.795000,1,9,13,4443,1471664.416202900,6,788,220,228,196,788,220,228,196,878.996,326.774,255.000,0,957.388,280.132,255.000,0,78.3923,-46.6423,0.0330,0.0520,0,1,1,1,1,0,0,有效双星
1787909258.805000,1,9,14,4444,1471664.426394100,6,788,220,228,196,788,220,228,196,876.063,330.306,255.000,0,954.968,284.003,255.000,0,78.9054,-46.3025,0.6155,0.6041,0,1,1,1,1,0,0,有效双星
1787909258.817000,1,9,15,4445,1471664.436202300,6,788,220,228,196,788,220,228,196,871.221,330.713,255.000,0,950.210,284.075,255.000,0,78.9893,-46.6378,0.3457,0.5944,0,1,1,1,1,0,0,有效双星
1787909258.825000,1,9,16,4446,1471664.446369100,6,788,220,228,196,788,220,228,196,867.874,328.231,255.000,0,946.259,282.056,255.000,0,78.3857,-46.1751,0.7606,0.4511,0,1,1,1,1,0,0,有效双星
1787909258.839000,1,9,17,4447,1471664.456177100,6,788,220,228,196,788,220,228,196,866.131,326.092,255.000,0,945.153,279.152,255.000,0,79.0216,-46.9398,0.9946,0.6992,0,1,1,1,1,0,0,有效双星
1787909258.845000,1,9,18,4448,1471664.466184800,6,788,220,228,196,788,220,228,196,868.147,325.717,255.000,0,947.230,279.113,255.000,0,79.0830,-46.6041,0.3413,0.6872,0,1,1,1,1,0,0,有效双星
1787909258.855000,1,9,19,4449,1471664.476175900,6,788,220,228,196,788,220,228,196,872.973,327.918,255.000,0,951.368,281.155,255.000,0,78.3948,-46.7632,0.7063,0.1231,0,1,1,1,1,0,0,有效双星
1787909258.865000,1,9,20,4450,1471664.486177100,6,788,220,228,196,788,220,228,196,876.980,331.899,255.000,0,955.358,285.137,255.000,0,78.3779,-46.7618,0.0170,0.1127,0,1,1,1,1,0,0,有效双星
1787909258.877000,1,9,21,4451,1471664.496216500,6,788,220,228,196,788,220,228,196,878.120,336.654,255.000,0,957.128,290.055,255.000,0,79.0088,-46.5993,0.6515,0.6158,0,1,1,1,1,0,0,有效双星
1787909258.885000,1,9,22,4452,1471664.506419900,6,788,220,228,196,788,220,228,196,877.038,340.988,255.000,0,955.979,294.090,255.000,0,78.9416,-46.8975,0.3056,0.5996,0,1,1,1,1,0,0,有效双星
1787909258.897000,1,9,23,4453,1471664.516297200,6,788,220,228,196,788,220,228,196,874.013,343.608,255.000,0,953.025,297.059,255.000,0,79.0122,-46.5498,0.3547,0.6236,0,1,1,1,1,0,0,有效双星
1787909258.905000,1,9,24,4454,1471664.526194600,6,788,220,228,196,788,220,228,196,870.855,343.434,255.000,0,949.269,297.058,255.000,0,78.4140,-46.3762,0.6229,0.2749,0,1,1,1,1,0,0,有效双星
1787909258.915000,1,9,25,4455,1471664.536184300,6,788,220,228,196,788,220,228,196,867.960,340.003,255.000,0,946.360,293.164,255.000,0,78.3999,-46.8396,0.4636,0.1997,0,1,1,1,1,0,0,有效双星
1787909258.927000,1,9,26,4456,1471664.546207000,6,788,220,228,196,788,220,228,196,867.154,335.100,255.000,0,946.196,288.162,255.000,0,79.0417,-46.9376,0.6493,0.6997,0,1,1,1,1,0,0,有效双星
1787909258.937000,1,9,27,4457,1471664.556208100,6,788,220,228,196,788,220,228,196,870.883,331.628,255.000,0,949.288,285.093,255.000,0,78.4044,-46.5352,0.7537,0.1054,0,1,1,1,1,0,0,有效双星
1787909258.945000,1,9,28,4458,1471664.566206300,6,788,220,228,196,788,220,228,196,876.905,331.197,255.000,0,955.314,284.199,255.000,0,78.4098,-46.9976,0.4625,0.3716,0,1,1,1,1,0,0,有效双星
1787909258.955000,1,9,29,4459,1471664.576239600,6,788,220,228,196,788,220,228,196,882.056,333.997,255.000,0,961.061,287.112,255.000,0,79.0043,-46.8846,0.6051,0.6380,0,1,1,1,1,0,0,有效双星
1787909258.969000,1,9,30,4460,1471664.586521800,6,788,220,228,196,788,220,228,196,883.871,337.630,255.000,0,962.276,291.083,255.000,0,78.4051,-46.5474,0.6875,0.0932,0,1,1,1,1,0,0,有效双星
1787909258.975000,1,9,31,4461,1471664.596223800,6,788,220,228,196,788,220,228,196,880.952,340.113,255.000,0,959.339,293.166,255.000,0,78.3871,-46.9463,0.3993,0.3072,0,1,1,1,1,0,0,有效双星
1787909258.986000,1,9,32,4462,1471664.606199600,6,788,220,228,196,788,220,228,196,875.895,340.591,255.000,0,954.271,294.064,255.000,0,78.3761,-46.5267,0.4198,0.1189,0,1,1,1,1,0,0,有效双星
1787909258.995000,1,9,33,4463,1471664.616251700,6,788,220,228,196,788,220,228,196,871.206,338.973,255.000,0,950.212,292.118,255.000,0,79.0059,-46.8554,0.7104,0.6318,0,1,1,1,1,0,0,有效双星
1787909259.006000,1,9,34,4464,1471664.626189400,6,788,220,228,196,788,220,228,196,870.894,336.200,255.000,0,949.302,289.196,255.000,0,78.4077,-47.0041,0.6164,0.3951,0,1,1,1,1,0,0,有效双星
1787909259.015000,1,9,35,4465,1471664.636181200,6,788,220,228,196,788,220,228,196,873.974,333.941,255.000,0,952.384,287.161,255.000,0,78.4100,-46.7800,0.2240,0.0176,0,1,1,1,1,0,0,有效双星
1787909259.031000,1,9,36,4466,1471664.646204000,6,788,220,228,196,788,220,228,196,879.169,332.511,255.000,0,958.230,286.054,255.000,0,79.0607,-46.4567,0.7267,0.7230,0,1,1,1,1,0,0,有效双星
1787909259.035000,1,9,37,4467,1471664.656201400,6,788,220,228,196,788,220,228,196,884.811,331.568,255.000,0,963.246,285.073,255.000,0,78.4353,-46.4944,0.6266,0.2782,0,1,1,1,1,0,0,有效双星
1787909259.046000,1,9,38,4468,1471664.666204000,6,788,220,228,196,788,220,228,196,886.128,331.591,255.000,0,965.182,285.053,255.000,0,79.0542,-46.5389,0.6205,0.6800,0,1,1,1,1,0,0,有效双星
1787909259.055000,1,9,39,4469,1471664.676407600,6,788,220,228,196,788,220,228,196,884.185,332.621,255.000,0,963.259,286.070,255.000,0,79.0745,-46.5511,0.0237,0.6954,0,1,1,1,1,0,0,有效双星
1787909259.066000,1,9,40,4470,1471664.686207900,6,788,220,228,196,788,220,228,196,880.918,335.531,255.000,0,959.294,289.054,255.000,0,78.3760,-46.4773,0.7024,0.2090,0,1,1,1,1,0,0,有效双星
1787909259.075000,1,9,41,4471,1471664.696190400,6,788,220,228,196,788,220,228,196,877.018,339.613,255.000,0,956.041,293.048,255.000,0,79.0226,-46.5651,0.6526,0.5981,0,1,1,1,1,0,0,有效双星
1787909259.085000,1,9,42,4472,1471664.706203300,6,788,220,228,196,788,220,228,196,875.814,343.759,255.000,0,954.215,297.103,255.000,0,78.4009,-46.6556,0.6283,0.1003,0,1,1,1,1,0,0,有效双星
1787909259.095000,1,9,43,4473,1471664.716192300,6,788,220,228,196,788,220,228,196,876.186,346.512,255.000,0,955.208,299.175,255.000,0,79.0221,-47.3376,0.9225,0.9899,0,1,1,1,1,0,0,有效双星
1787909259.105000,1,9,44,4474,1471664.726398600,6,788,220,228,196,788,220,228,196,879.907,345.978,255.000,0,958.350,299.172,255.000,0,78.4427,-46.8054,0.7867,0.1975,0,1,1,1,1,0,0,有效双星
1787909259.115000,1,9,45,4475,1471664.736247700,6,788,220,228,196,788,220,228,196,884.161,343.471,255.000,0,963.181,296.169,255.000,0,79.0199,-47.3014,0.7610,0.8350,0,1,1,1,1,0,0,有效双星
1787909259.125000,1,9,46,4476,1471664.746200800,6,788,220,228,196,788,220,228,196,888.080,338.224,255.000,0,967.142,291.172,255.000,0,79.0615,-47.0511,0.2537,0.7061,0,1,1,1,1,0,0,有效双星
1787909259.136000,1,9,47,4477,1471664.756249400,6,788,220,228,196,788,220,228,196,889.839,332.729,255.000,0,968.277,286.106,255.000,0,78.4381,-46.6236,0.7559,0.0942,0,1,1,1,1,0,0,有效双星
1787909259.145000,1,9,48,4478,1471664.766215400,6,788,220,228,196,788,220,228,196,888.156,329.061,255.000,0,967.163,282.116,255.000,0,79.0072,-46.9448,0.6535,0.6105,0,1,1,1,1,0,0,有效双星
1787909259.155000,1,9,49,4479,1471664.776227300,6,788,220,228,196,788,220,228,196,886.072,329.245,255.000,0,965.081,282.154,255.000,0,79.0084,-47.0912,0.1464,0.4697,0,1,1,1,1,0,0,有效双星
1787909259.165000,1,9,50,4480,1471664.786204600,6,788,220,228,196,788,220,228,196,885.152,334.799,255.000,0,964.116,288.053,255.000,0,78.9644,-46.7462,0.3478,0.2418,0,1,1,1,1,0,0,有效双星
1787909259.710000,1,10,1,4532,1471665.330158200,7,824,240,228,196,824,240,228,196,897.849,361.508,255.000,0,976.275,315.069,255.000,0,78.4263,-46.4387,0.8647,0.4489,0,1,1,1,1,0,0,有效双星
1787909259.719000,1,10,2,4533,1471665.340123000,7,824,240,228,196,824,240,228,196,893.076,361.832,255.000,0,972.068,315.084,255.000,0,78.9925,-46.7479,0.6451,0.5755,0,1,1,1,1,0,0,有效双星
1787909259.729000,1,10,3,4534,1471665.350411200,7,824,240,228,196,824,240,228,196,890.957,362.575,255.000,0,969.370,316.090,255.000,0,78.4137,-46.4855,0.6355,0.3290,0,1,1,1,1,0,0,有效双星
1787909259.741000,1,10,4,4535,1471665.360128300,7,824,240,228,196,824,240,228,196,891.915,363.546,255.000,0,970.350,317.088,255.000,0,78.4349,-46.4577,0.0349,0.3361,0,1,1,1,1,0,0,有效双星
1787909259.749000,1,10,5,4536,1471665.370203000,7,824,240,228,196,824,240,228,196,895.077,364.095,255.000,0,974.129,317.147,255.000,0,79.0518,-46.9485,0.7883,0.6563,0,1,1,1,1,0,0,有效双星
1787909259.759000,1,10,6,4537,1471665.380143400,7,824,240,228,196,824,240,228,196,898.990,363.776,255.000,0,978.089,317.104,255.000,0,79.0994,-46.6726,0.2799,0.6747,0,1,1,1,1,0,0,有效双星
1787909259.769000,1,10,7,4538,1471665.390236500,7,824,240,228,196,824,240,228,196,901.146,362.786,255.000,0,980.231,316.104,255.000,0,79.0857,-46.6828,0.0171,0.6567,0,1,1,1,1,0,0,有效双星
1787909259.782000,1,10,8,4539,1471665.400390900,7,824,240,228,196,824,240,228,196,901.047,361.186,255.000,0,980.091,314.160,255.000,0,79.0436,-47.0260,0.3457,0.6816,0,1,1,1,1,0,0,有效双星
1787909259.789000,1,10,9,4540,1471665.410114600,7,824,240,228,196,824,240,228,196,898.873,360.089,255.000,0,977.268,313.163,255.000,0,78.3946,-46.9263,0.6567,0.2015,0,1,1,1,1,0,0,有效双星
1787909259.799000,1,10,10,4541,1471665.420117400,7,824,240,228,196,824,240,228,196,895.136,359.976,255.000,0,974.128,313.106,255.000,0,78.9924,-46.8704,0.6004,0.5795,0,1,1,1,1,0,0,有效双星
1787909259.809000,1,10,11,4542,1471665.430133600,7,824,240,228,196,824,240,228,196,892.930,360.589,255.000,0,971.374,314.106,255.000,0,78.4437,-46.4837,0.6713,0.2443,0,1,1,1,1,0,0,有效双星
1787909259.819000,1,10,12,4543,1471665.440149700,7,824,240,228,196,824,240,228,196,892.878,362.087,255.000,0,971.292,315.170,255.000,0,78.4137,-46.9170,0.4343,0.1913,0,1,1,1,1,0,0,有效双星
1787909259.829000,1,10,13,4544,1471665.450357200,7,824,240,228,196,824,240,228,196,894.820,363.806,255.000,0,973.284,317.136,255.000,0,78.4645,-46.6701,0.2520,0.0938,0,1,1,1,1,0,0,有效双星
1787909259.841000,1,10,14,4545,1471665.461188500,7,824,240,228,196,824,240,228,196,897.226,365.223,255.000,0,976.297,318.182,255.000,0,79.0709,-47.0408,0.7108,0.6916,0,1,1,1,1,0,0,有效双星
1787909259.849000,1,10,15,4546,1471665.470143000,7,824,240,228,196,824,240,228,196,899.980,365.307,255.000,0,978.385,318.202,255.000,0,78.4047,-47.1051,0.6694,0.4668,0,1,1,1,1,0,0,有效双星
1787909259.859000,1,10,16,4547,1471665.480131100,7,824,240,228,196,824,240,228,196,899.911,363.672,255.000,0,978.402,317.132,255.000,0,78.4910,-46.5402,0.5715,0.2244,0,1,1,1,1,0,0,有效双星
1787909259.869000,1,10,17,4548,1471665.490144300,7,824,240,228,196,824,240,228,196,897.946,361.160,255.000,0,976.367,314.187,255.000,0,78.4219,-46.9725,0.4379,0.2509,0,1,1,1,1,0,0,有效双星
1787909259.879000,1,10,18,4549,1471665.500146600,7,824,240,228,196,824,240,228,196,895.029,358.992,255.000,0,974.041,312.119,255.000,0,79.0122,-46.8734,0.5986,0.5692,0,1,1,1,1,0,0,有效双星
1787909259.889000,1,10,19,4550,1471665.510151600,7,824,240,228,196,824,240,228,196,893.149,358.598,255.000,0,972.203,312.064,255.000,0,79.0541,-46.5333,0.3426,0.6450,0,1,1,1,1,0,0,有效双星
1787909259.902000,1,10,20,4551,1471665.520127000,7,824,240,228,196,824,240,228,196,894.041,360.314,255.000,0,972.387,313.198,255.000,0,78.3456,-47.1164,0.9176,0.5013,0,1,1,1,1,0,0,有效双星
1787909259.909000,1,10,21,4552,1471665.530439200,7,824,240,228,196,824,240,228,196,896.020,363.122,255.000,0,975.024,316.136,255.000,0,79.0037,-46.9868,0.6707,0.5551,0,1,1,1,1,0,0,有效双星
1787909259.923000,1,10,22,4553,1471665.542553700,7,824,240,228,196,824,240,228,196,898.096,365.665,255.000,0,977.159,319.063,255.000,0,79.0631,-46.6013,0.3900,0.4201,0,1,1,1,1,0,0,有效双星
1787909259.931000,1,10,23,4554,1471665.551556900,7,824,240,228,196,824,240,228,196,899.112,366.238,255.000,0,978.176,319.171,255.000,0,79.0647,-47.0663,0.4650,0.3770,0,1,1,1,1,0,0,有效双星
1787909259.941000,1,10,24,4555,1471665.560415900,7,824,240,228,196,824,240,228,196,898.150,364.913,255.000,0,977.274,318.140,255.000,0,79.1242,-46.7730,0.2993,0.1757,0,1,1,1,1,0,0,有效双星
1787909259.949000,1,10,25,4556,1471665.570108300,7,824,240,228,196,824,240,228,196,896.868,362.261,255.000,0,975.293,315.200,255.000,0,78.4252,-47.0608,0.7559,0.6058,0,1,1,1,1,0,0,有效双星
1787909259.961000,1,10,26,4557,1471665.580105600,7,824,240,228,196,824,240,228,196,894.905,359.705,255.000,0,973.342,313.111,255.000,0,78.4369,-46.5941,0.4669,0.6368,0,1,1,1,1,0,0,有效双星
1787909259.969000,1,10,27,4558,1471665.590428700,7,824,240,228,196,824,240,228,196,894.043,358.368,255.000,0,973.029,312.026,255.000,0,78.9856,-46.3420,0.6038,0.6046,0,1,1,1,1,0,0,有效双星
1787909259.979000,1,10,28,4559,1471665.600136300,7,824,240,228,196,824,240,228,196,895.035,359.191,255.000,0,973.412,312.187,255.000,0,78.3763,-47.0048,0.9003,0.3782,0,1,1,1,1,0,0,有效双星
1787909259.991000,1,10,29,4560,1471665.610147400,7,824,240,228,196,824,240,228,196,897.012,361.375,255.000,0,976.015,315.031,255.000,0,79.0035,-46.3446,0.9107,0.7613,0,1,1,1,1,0,0,有效双星
1787909259.999000,1,10,30,4561,1471665.620142500,7,824,240,228,196,824,240,228,196,899.004,364.229,255.000,0,978.013,317.150,255.000,0,79.0088,-47.0791,0.7345,0.3407,0,1,1,1,1,0,0,有效双星
1787909260.011000,1,10,31,4562,1471665.630140200,7,824,240,228,196,824,240,228,196,899.165,365.979,255.000,0,978.249,319.134,255.000,0,79.0838,-46.8455,0.2453,0.3491,0,1,1,1,1,0,0,有效双星
1787909260.019000,1,10,32,4563,1471665.640107500,7,824,240,228,196,824,240,228,196,898.047,365.774,255.000,0,977.090,319.076,255.000,0,79.0434,-46.6980,0.1530,0.2032,0,1,1,1,1,0,0,有效双星
1787909260.029000,1,10,33,4564,1471665.650124400,7,824,240,228,196,824,240,228,196,895.875,363.692,255.000,0,974.301,317.094,255.000,0,78.4256,-46.5976,0.6258,0.6345,0,1,1,1,1,0,0,有效双星
1787909260.041000,1,10,34,4565,1471665.660116400,7,824,240,228,196,824,240,228,196,893.855,361.010,255.000,0,972.294,314.160,255.000,0,78.4386,-46.8497,0.2524,0.5651,0,1,1,1,1,0,0,有效双星
1787909260.049000,1,10,35,4566,1471665.670134900,7,824,240,228,196,824,240,228,196,893.184,359.625,255.000,0,972.232,313.061,255.000,0,79.0486,-46.5641,0.6736,0.2887,0,1,1,1,1,0,0,有效双星
1787909260.059000,1,10,36,4567,1471665.680144300,7,824,240,228,196,824,240,228,196,895.102,359.616,255.000,0,974.198,313.072,255.000,0,79.0956,-46.5447,0.0509,0.2801,0,1,1,1,1,0,0,有效双星
1787909260.069000,1,10,37,4568,1471665.690147900,7,824,240,228,196,824,240,228,196,898.044,361.166,255.000,0,977.063,314.146,255.000,0,79.0187,-47.0204,0.4820,0.2115,0,1,1,1,1,0,0,有效双星
1787909260.079000,1,10,38,4569,1471665.700143800,7,824,240,228,196,824,240,228,196,899.994,363.159,255.000,0,978.389,316.173,255.000,0,78.3946,-46.9857,0.6250,0.6406,0,1,1,1,1,0,0,有效双星
1787909260.091000,1,10,39,4570,1471665.710872000,7,824,240,228,196,824,240,228,196,899.893,364.213,255.000,0,978.303,317.181,255.000,0,78.4098,-47.0321,0.0488,0.6367,0,1,1,1,1,0,0,有效双星
1787909260.099000,1,10,40,4571,1471665.720114800,7,824,240,228,196,824,240,228,196,897.877,364.497,255.000,0,976.295,317.199,255.000,0,78.4175,-47.2977,0.2657,0.7390,0,1,1,1,1,0,0,有效双星
1787909260.109000,1,10,41,4572,1471665.730118200,7,824,240,228,196,824,240,228,196,895.003,363.648,255.000,0,974.081,317.073,255.000,0,79.0788,-46.5751,0.9795,0.2827,0,1,1,1,1,0,0,有效双星
1787909260.119000,1,10,42,4573,1471665.740136600,7,824,240,228,196,824,240,228,196,893.846,362.627,255.000,0,972.292,316.093,255.000,0,78.4460,-46.5344,0.6341,0.6240,0,1,1,1,1,0,0,有效双星
1787909260.129000,1,10,43,4574,1471665.750143500,7,824,240,228,196,824,240,228,196,893.921,361.653,255.000,0,972.363,315.103,255.000,0,78.4423,-46.5500,0.0161,0.6100,0,1,1,1,1,0,0,有效双星
1787909260.139000,1,10,44,4575,1471665.760153100,7,824,240,228,196,824,240,228,196,895.133,360.949,255.000,0,974.207,314.131,255.000,0,79.0740,-46.8187,0.6864,0.3678,0,1,1,1,1,0,0,有效双星
1787909260.154000,1,10,45,4576,1471665.770348600,7,824,240,228,196,824,240,228,196,897.848,360.945,255.000,0,976.242,314.123,255.000,0,78.3945,-46.8217,0.6795,0.3274,0,1,1,1,1,0,0,有效双星
1787909260.159000,1,10,46,4577,1471665.780118700,7,824,240,228,196,824,240,228,196,899.049,361.586,255.000,0,978.087,315.042,255.000,0,79.0376,-46.5434,0.7007,0.3870,0,1,1,1,1,0,0,有效双星
1787909260.169000,1,10,47,4578,1471665.790170900,7,824,240,228,196,824,240,228,196,899.829,362.559,255.000,0,978.268,316.069,255.000,0,78.4392,-46.4893,0.6009,0.6171,0,1,1,1,1,0,0,有效双星
1787909260.179000,1,10,48,4579,1471665.800138700,7,824,240,228,196,824,240,228,196,898.170,363.622,255.000,0,977.241,317.061,255.000,0,79.0704,-46.5608,0.6353,0.3981,0,1,1,1,1,0,0,有效双星
1787909260.189000,1,10,49,4580,1471665.810136200,7,824,240,228,196,824,240,228,196,896.110,363.789,255.000,0,975.181,317.091,255.000,0,79.0714,-46.6985,0.1377,0.0826,0,1,1,1,1,0,0,有效双星
1787909260.199000,1,10,50,4581,1471665.820133300,7,824,240,228,196,824,240,228,196,894.136,363.159,255.000,0,973.154,316.146,255.000,0,79.0181,-47.0136,0.3196,0.3154,0,1,1,1,1,0,0,有效双星
1787909265.473000,1,11,1,5106,1471671.092754500,8,842,276,228,196,842,276,228,196,933.104,409.513,255.000,0,1012.230,363.092,255.000,0,79.1263,-46.4218,0.5188,0.1473,0,1,1,1,1,0,0,有效双星
1787909265.483000,1,11,2,5107,1471671.102721800,8,842,276,228,196,842,276,228,196,935.202,403.223,255.000,0,1014.280,357.061,255.000,0,79.0783,-46.1618,0.2643,0.3878,0,1,1,1,1,0,0,有效双星
1787909265.493000,1,11,3,5108,1471671.112739300,8,842,276,228,196,842,276,228,196,936.822,398.863,255.000,0,1015.242,352.138,255.000,0,78.4204,-46.7246,0.8657,0.6732,0,1,1,1,1,0,0,有效双星
1787909265.503000,1,11,4,5109,1471671.122724100,8,842,276,228,196,842,276,228,196,935.996,398.360,255.000,0,1015.053,352.069,255.000,0,79.0565,-46.2909,0.7699,0.2986,0,1,1,1,1,0,0,有效双星
1787909265.513000,1,11,5,5110,1471671.132715700,8,842,276,228,196,842,276,228,196,934.859,401.878,255.000,0,1013.270,355.138,255.000,0,78.4113,-46.7401,0.7862,0.6735,0,1,1,1,1,0,0,有效双星
1787909265.523000,1,11,6,5111,1471671.142728700,8,842,276,228,196,842,276,228,196,932.869,406.975,255.000,0,1011.377,360.201,255.000,0,78.5080,-46.7736,0.1023,0.5907,0,1,1,1,1,0,0,有效双星
1787909265.532000,1,11,7,5112,1471671.152850900,8,842,276,228,196,842,276,228,196,931.877,412.785,255.000,0,1010.386,366.175,255.000,0,78.5092,-46.6098,0.1638,0.5405,0,1,1,1,1,0,0,有效双星
1787909265.543000,1,11,8,5113,1471671.162719100,8,842,276,228,196,842,276,228,196,931.833,417.930,255.000,0,1010.280,371.160,255.000,0,78.4468,-46.7696,0.1716,0.6292,0,1,1,1,1,0,0,有效双星
1787909265.553000,1,11,9,5114,1471671.172945400,8,842,276,228,196,842,276,228,196,931.076,421.123,255.000,0,1010.215,375.058,255.000,0,79.1386,-46.0647,0.9877,0.5618,0,1,1,1,1,0,0,有效双星
1787909265.563000,1,11,10,5115,1471671.182727800,8,842,276,228,196,842,276,228,196,930.893,422.455,255.000,0,1009.335,376.079,255.000,0,78.4415,-46.3755,0.7633,0.6546,0,1,1,1,1,0,0,有效双星
1787909265.573000,1,11,11,5116,1471671.192743200,8,842,276,228,196,842,276,228,196,929.166,420.867,255.000,0,1008.285,374.154,255.000,0,79.1196,-46.7130,0.7574,0.1460,0,1,1,1,1,0,0,有效双星
1787909265.583000,1,11,12,5117,1471671.203015700,8,842,276,228,196,842,276,228,196,929.074,417.943,255.000,0,1008.158,371.150,255.000,0,79.0840,-46.7930,0.0876,0.1796,0,1,1,1,1,0,0,有效双星
1787909265.593000,1,11,13,5118,1471671.212724900,8,842,276,228,196,842,276,228,196,931.148,415.505,255.000,0,1010.240,369.072,255.000,0,79.0919,-46.4322,0.3609,0.1924,0,1,1,1,1,0,0,有效双星
1787909265.603000,1,11,14,5119,1471671.222712600,8,842,276,228,196,842,276,228,196,936.010,414.127,255.000,0,1015.133,368.053,255.000,0,79.1227,-46.0748,0.3587,0.5480,0,1,1,1,1,0,0,有效双星
1787909265.613000,1,11,15,5120,1471671.232960200,8,842,276,228,196,842,276,228,196,942.043,414.825,255.000,0,1021.121,368.112,255.000,0,79.0776,-46.7129,0.6397,0.0972,0,1,1,1,1,0,0,有效双星
1787909265.623000,1,11,16,5121,1471671.242721900,8,842,276,228,196,842,276,228,196,946.943,415.688,255.000,0,1026.052,369.093,255.000,0,79.1085,-46.5951,0.1218,0.0882,0,1,1,1,1,0,0,有效双星
1787909265.633000,1,11,17,5122,1471671.252753800,8,842,276,228,196,842,276,228,196,948.124,415.718,255.000,0,1027.265,369.116,255.000,0,79.1414,-46.6024,0.0336,0.1007,0,1,1,1,1,0,0,有效双星
1787909265.641000,1,11,18,5123,1471671.262731300,8,842,276,228,196,842,276,228,196,945.991,413.353,255.000,0,1025.038,367.048,255.000,0,79.0469,-46.3045,0.3125,0.3024,0,1,1,1,1,0,0,有效双星
1787909265.654000,1,11,19,5124,1471671.273109100,8,842,276,228,196,842,276,228,196,940.219,409.330,255.000,0,1019.298,363.078,255.000,0,79.0784,-46.2523,0.0610,0.3466,0,1,1,1,1,0,0,有效双星
1787909265.664000,1,11,20,5125,1471671.282883600,8,842,276,228,196,842,276,228,196,936.948,406.973,255.000,0,1015.409,360.192,255.000,0,78.4611,-46.7809,0.8127,0.6431,0,1,1,1,1,0,0,有效双星
1787909265.673000,1,11,21,5126,1471671.292717900,8,842,276,228,196,842,276,228,196,935.962,407.072,255.000,0,1014.418,360.203,255.000,0,78.4560,-46.8691,0.0884,0.6781,0,1,1,1,1,0,0,有效双星
1787909265.683000,1,11,22,5127,1471671.302985600,8,842,276,228,196,842,276,228,196,938.033,409.744,255.000,0,1017.146,363.122,255.000,0,79.1127,-46.6224,0.7015,0.0485,0,1,1,1,1,0,0,有效双星
1787909265.693000,1,11,23,5128,1471671.312722100,8,842,276,228,196,842,276,228,196,941.972,413.550,255.000,0,1021.121,367.091,255.000,0,79.1498,-46.4587,0.1679,0.1778,0,1,1,1,1,0,0,有效双星
1787909265.703000,1,11,24,5129,1471671.322721400,8,842,276,228,196,842,276,228,196,945.083,416.172,255.000,0,1024.209,369.184,255.000,0,79.1262,-46.9881,0.5299,0.3851,0,1,1,1,1,0,0,有效双星
1787909265.717000,1,11,25,5130,1471671.332720100,8,842,276,228,196,842,276,228,196,945.169,416.822,255.000,0,1024.282,370.126,255.000,0,79.1126,-46.6958,0.2926,0.0857,0,1,1,1,1,0,0,有效双星
1787909265.723000,1,11,26,5131,1471671.342723100,8,842,276,228,196,842,276,228,196,943.054,414.704,255.000,0,1022.156,368.101,255.000,0,79.1016,-46.6027,0.0937,0.0191,0,1,1,1,1,0,0,有效双星
1787909265.732000,1,11,27,5132,1471671.352727500,8,842,276,228,196,842,276,228,196,939.862,411.041,255.000,0,1018.312,364.182,255.000,0,78.4499,-46.8591,0.7004,0.6945,0,1,1,1,1,0,0,有效双星
1787909265.743000,1,11,28,5133,1471671.362919100,8,842,276,228,196,842,276,228,196,936.876,407.841,255.000,0,1015.353,361.167,255.000,0,78.4771,-46.6747,0.1864,0.6228,0,1,1,1,1,0,0,有效双星
1787909265.753000,1,11,29,5134,1471671.373017000,8,842,276,228,196,842,276,228,196,936.854,406.719,255.000,0,1015.358,360.155,255.000,0,78.5040,-46.5639,0.1140,0.5947,0,1,1,1,1,0,0,有效双星
1787909265.763000,1,11,30,5135,1471671.382752800,8,842,276,228,196,842,276,228,196,939.862,408.692,255.000,0,1018.359,362.147,255.000,0,78.4972,-46.5456,0.0195,0.5945,0,1,1,1,1,0,0,有效双星
1787909265.773000,1,11,31,5136,1471671.392791300,8,842,276,228,196,842,276,228,196,943.886,412.493,255.000,0,1022.995,366.068,255.000,0,79.1092,-46.4258,0.6235,0.1880,0,1,1,1,1,0,0,有效双星
1787909265.783000,1,11,32,5137,1471671.403009400,8,842,276,228,196,842,276,228,196,946.023,415.631,255.000,0,1025.170,369.101,255.000,0,79.1467,-46.5295,0.1102,0.0938,0,1,1,1,1,0,0,有效双星
1787909265.793000,1,11,33,5138,1471671.412757300,8,842,276,228,196,842,276,228,196,945.132,416.539,255.000,0,1024.193,370.054,255.000,0,79.0615,-46.4849,0.0961,0.1192,0,1,1,1,1,0,0,有效双星
1787909265.803000,1,11,34,5139,1471671.422718400,8,842,276,228,196,842,276,228,196,941.881,414.533,255.000,0,1020.348,368.101,255.000,0,78.4675,-46.4320,0.5964,0.6445,0,1,1,1,1,0,0,有效双星
1787909265.813000,1,11,35,5140,1471671.432753000,8,842,276,228,196,842,276,228,196,937.994,411.809,255.000,0,1017.037,365.102,255.000,0,79.0433,-46.7071,0.6382,0.1138,0,1,1,1,1,0,0,有效双星
1787909265.821000,1,11,36,5141,1471671.442727100,8,842,276,228,196,842,276,228,196,936.176,409.769,255.000,0,1015.279,363.126,255.000,0,79.1029,-46.6421,0.0881,0.0544,0,1,1,1,1,0,0,有效双星
1787909265.831000,1,11,37,5142,1471671.452730600,8,842,276,228,196,842,276,228,196,937.923,409.033,255.000,0,1017.053,363.038,255.000,0,79.1305,-45.9955,0.6472,0.6101,0,1,1,1,1,0,0,有效双星
1787909265.843000,1,11,38,5143,1471671.462840600,8,842,276,228,196,842,276,228,196,941.122,410.275,255.000,0,1020.163,363.177,255.000,0,79.0414,-47.0981,1.1062,0.5156,0,1,1,1,1,0,0,有效双星
1787909265.853000,1,11,39,5144,1471671.472728100,8,842,276,228,196,842,276,228,196,944.058,411.545,255.000,0,1023.214,365.093,255.000,0,79.1559,-46.4521,0.6561,0.1821,0,1,1,1,1,0,0,有效双星
1787909265.863000,1,11,40,5145,1471671.482932500,8,842,276,228,196,842,276,228,196,945.803,412.696,255.000,0,1024.322,366.142,255.000,0,78.5193,-46.5538,0.6447,0.5653,0,1,1,1,1,0,0,有效双星
1787909265.871000,1,11,41,5146,1471671.492738600,8,842,276,228,196,842,276,228,196,944.843,413.587,255.000,0,1023.324,367.105,255.000,0,78.4806,-46.4825,0.0811,0.6094,0,1,1,1,1,0,0,有效双星
1787909265.883000,1,11,42,5147,1471671.503005700,8,842,276,228,196,842,276,228,196,941.948,413.651,255.000,0,1021.034,367.088,255.000,0,79.0860,-46.5639,0.6109,0.0067,0,1,1,1,1,0,0,有效双星
1787909265.893000,1,11,43,5148,1471671.512725200,8,842,276,228,196,842,276,228,196,939.100,413.001,255.000,0,1018.132,366.131,255.000,0,79.0324,-46.8708,0.3116,0.3147,0,1,1,1,1,0,0,有效双星
1787909265.903000,1,11,44,5149,1471671.522735900,8,842,276,228,196,842,276,228,196,937.178,411.730,255.000,0,1016.291,365.126,255.000,0,79.1124,-46.6037,0.2789,0.0720,0,1,1,1,1,0,0,有效双星
1787909265.913000,1,11,45,5150,1471671.532730600,8,842,276,228,196,842,276,228,196,937.926,410.699,255.000,0,1017.032,364.109,255.000,0,79.1064,-46.5902,0.0148,0.0600,0,1,1,1,1,0,0,有效双星
1787909265.923000,1,11,46,5151,1471671.542741500,8,842,276,228,196,842,276,228,196,940.064,410.664,255.000,0,1019.136,364.085,255.000,0,79.0715,-46.5790,0.0367,0.0243,0,1,1,1,1,0,0,有效双星
1787909265.933000,1,11,47,5152,1471671.552751600,8,842,276,228,196,842,276,228,196,942.961,410.924,255.000,0,1022.102,364.153,255.000,0,79.1415,-46.7712,0.2046,0.2257,0,1,1,1,1,0,0,有效双星
1787909265.943000,1,11,48,5153,1471671.562719500,8,842,276,228,196,842,276,228,196,945.045,412.153,255.000,0,1024.113,365.162,255.000,0,79.0688,-46.9910,0.2315,0.4271,0,1,1,1,1,0,0,有效双星
1787909265.953000,1,11,49,5154,1471671.572739800,8,842,276,228,196,842,276,228,196,945.035,413.070,255.000,0,1024.108,367.010,255.000,0,79.0738,-46.0600,0.9310,0.5039,0,1,1,1,1,0,0,有效双星
1787909265.964000,1,11,50,5155,1471671.582716500,8,842,276,228,196,842,276,228,196,943.064,413.364,255.000,0,1022.098,367.050,255.000,0,79.0334,-46.3139,0.2571,0.2481,0,1,1,1,1,0,0,有效双星
1787909270.691000,1,12,1,5624,1471676.311134000,9,864,310,227,195,864,310,227,195,941.074,428.766,255.000,0,1020.213,382.104,255.000,0,79.1386,-46.6619,0.7347,0.1177,0,1,1,1,1,0,0,有效双星
1787909270.701000,1,12,2,5625,1471676.320949400,9,864,310,227,195,864,310,227,195,940.992,427.525,255.000,0,1020.180,381.077,255.000,0,79.1884,-46.4481,0.2196,0.3198,0,1,1,1,1,0,0,有效双星
1787909270.711000,1,12,3,5626,1471676.330951600,9,864,310,227,195,864,310,227,195,940.918,428.764,255.000,0,1019.987,382.074,255.000,0,79.0692,-46.6896,0.2693,0.0540,0,1,1,1,1,0,0,有效双星
1787909270.721000,1,12,4,5627,1471676.341132900,9,864,310,227,195,864,310,227,195,940.033,432.201,255.000,0,1019.107,385.166,255.000,0,79.0740,-47.0351,0.3456,0.3126,0,1,1,1,1,0,0,有效双星
1787909270.731000,1,12,5,5628,1471676.350945100,9,864,310,227,195,864,310,227,195,939.109,437.174,255.000,0,1018.202,390.177,255.000,0,79.0933,-46.9967,0.0430,0.2741,0,1,1,1,1,0,0,有效双星
1787909270.741000,1,12,6,5629,1471676.360942200,9,864,310,227,195,864,310,227,195,938.942,441.959,255.000,0,1017.987,395.119,255.000,0,79.0449,-46.8404,0.1635,0.1268,0,1,1,1,1,0,0,有效双星
1787909270.751000,1,12,7,5630,1471676.370971100,9,864,310,227,195,864,310,227,195,938.145,444.998,255.000,0,1017.262,398.164,255.000,0,79.1168,-46.8344,0.0722,0.1142,0,1,1,1,1,0,0,有效双星
1787909270.761000,1,12,8,5631,1471676.380934800,9,864,310,227,195,864,310,227,195,938.046,445.314,255.000,0,1017.094,399.035,255.000,0,79.0475,-46.2793,0.5593,0.4482,0,1,1,1,1,0,0,有效双星
1787909270.771000,1,12,9,5632,1471676.390941300,9,864,310,227,195,864,310,227,195,937.948,442.918,255.000,0,1017.026,396.127,255.000,0,79.0781,-46.7906,0.5122,0.0671,0,1,1,1,1,0,0,有效双星
1787909270.781000,1,12,10,5633,1471676.400943000,9,864,310,227,195,864,310,227,195,938.033,439.270,255.000,0,1017.084,393.025,255.000,0,79.0505,-46.2445,0.5469,0.5097,0,1,1,1,1,0,0,有效双星
1787909270.791000,1,12,11,5634,1471676.410938000,9,864,310,227,195,864,310,227,195,938.854,436.712,255.000,0,1017.375,390.140,255.000,0,78.5214,-46.5716,0.6221,0.5798,0,1,1,1,1,0,0,有效双星
1787909270.801000,1,12,12,5635,1471676.420945200,9,864,310,227,195,864,310,227,195,940.185,437.234,255.000,0,1019.313,391.056,255.000,0,79.1279,-46.1776,0.7232,0.5532,0,1,1,1,1,0,0,有效双星
1787909270.811000,1,12,13,5636,1471676.431029000,9,864,310,227,195,864,310,227,195,943.965,441.077,255.000,0,1023.074,395.010,255.000,0,79.1090,-46.0664,0.1128,0.6100,0,1,1,1,1,0,0,有效双星
1787909270.822000,1,12,14,5637,1471676.440949400,9,864,310,227,195,864,310,227,195,948.932,446.961,255.000,0,1028.015,400.131,255.000,0,79.0829,-46.8302,0.7642,0.2135,0,1,1,1,1,0,0,有效双星
1787909270.831000,1,12,15,5638,1471676.450949300,9,864,310,227,195,864,310,227,195,954.800,452.552,255.000,0,1033.279,406.070,255.000,0,78.4788,-46.4825,0.6970,0.6239,0,1,1,1,1,0,0,有效双星
1787909270.842000,1,12,16,5639,1471676.461145700,9,864,310,227,195,864,310,227,195,959.090,455.292,255.000,0,1038.190,409.035,255.000,0,79.0991,-46.2572,0.6599,0.3120,0,1,1,1,1,0,0,有效双星
1787909270.851000,1,12,17,5640,1471676.470947000,9,864,310,227,195,864,310,227,195,961.942,454.649,255.000,0,1041.046,408.073,255.000,0,79.1040,-46.5760,0.3188,0.0173,0,1,1,1,1,0,0,有效双星
1787909270.861000,1,12,18,5641,1471676.480943000,9,864,310,227,195,864,310,227,195,962.090,450.971,255.000,0,1041.231,404.150,255.000,0,79.1411,-46.8210,0.2478,0.2575,0,1,1,1,1,0,0,有效双星
1787909270.871000,1,12,19,5642,1471676.490953900,9,864,310,227,195,864,310,227,195,960.992,446.773,255.000,0,1040.177,400.124,255.000,0,79.1854,-46.6495,0.1771,0.1233,0,1,1,1,1,0,0,有效双星
1787909270.881000,1,12,20,5643,1471676.500948100,9,864,310,227,195,864,310,227,195,959.142,444.865,255.000,0,1038.271,398.122,255.000,0,79.1290,-46.7431,0.1092,0.1366,0,1,1,1,1,0,0,有效双星
1787909270.891000,1,12,21,5644,1471676.510963800,9,864,310,227,195,864,310,227,195,957.899,445.815,255.000,0,1037.007,399.104,255.000,0,79.1088,-46.7116,0.0374,0.0573,0,1,1,1,1,0,0,有效双星
1787909270.902000,1,12,22,5645,1471676.520927200,9,864,310,227,195,864,310,227,195,957.163,449.963,255.000,0,1036.271,403.128,255.000,0,79.1083,-46.8350,0.1234,0.1659,0,1,1,1,1,0,0,有效双星
1787909270.911000,1,12,23,5646,1471676.530937800,9,864,310,227,195,864,310,227,195,958.926,455.667,255.000,0,1037.378,409.094,255.000,0,78.4522,-46.5736,0.7063,0.6564,0,1,1,1,1,0,0,有效双星
1787909270.921000,1,12,24,5647,1471676.541114900,9,864,310,227,195,864,310,227,195,960.985,460.836,255.000,0,1040.146,414.137,255.000,0,79.1613,-46.6990,0.7201,0.0677,0,1,1,1,1,0,0,有效双星
1787909270.931000,1,12,25,5648,1471676.550923500,9,864,310,227,195,864,310,227,195,963.896,464.143,255.000,0,1042.389,417.214,255.000,0,78.4930,-46.9293,0.7070,0.6598,0,1,1,1,1,0,0,有效双星
1787909270.941000,1,12,26,5649,1471676.560933100,9,864,310,227,195,864,310,227,195,965.099,464.706,255.000,0,1044.234,418.108,255.000,0,79.1343,-46.5985,0.7217,0.0826,0,1,1,1,1,0,0,有效双星
1787909270.951000,1,12,27,5650,1471676.571563300,9,864,310,227,195,864,310,227,195,965.847,463.458,255.000,0,1044.371,417.098,255.000,0,78.5240,-46.3601,0.6553,0.6392,0,1,1,1,1,0,0,有效双星
1787909270.963000,1,12,28,5651,1471676.580930300,9,864,310,227,195,864,310,227,195,966.268,463.992,255.000,0,1045.314,417.129,255.000,0,79.0458,-46.8631,0.7248,0.2815,0,1,1,1,1,0,0,有效双星
1787909270.971000,1,12,29,5652,1471676.590934200,9,864,310,227,195,864,310,227,195,969.921,468.153,255.000,0,1049.012,421.164,255.000,0,79.0907,-46.9893,0.1339,0.3654,0,1,1,1,1,0,0,有效双星
1787909270.981000,1,12,30,5653,1471676.600939000,9,864,310,227,195,864,310,227,195,974.851,475.621,255.000,0,1053.365,429.106,255.000,0,78.5143,-46.5149,0.7466,0.5973,0,1,1,1,1,0,0,有效双星
1787909270.991000,1,12,31,5654,1471676.610925700,9,864,310,227,195,864,310,227,195,978.906,481.575,255.000,0,1058.013,435.064,255.000,0,79.1076,-46.5115,0.5934,0.1127,0,1,1,1,1,0,0,有效双星
1787909271.001000,1,12,32,5655,1471676.621113500,9,864,310,227,195,864,310,227,195,980.967,482.867,255.000,0,1060.133,436.148,255.000,0,79.1658,-46.7185,0.2150,0.1119,0,1,1,1,1,0,0,有效双星
1787909271.011000,1,12,33,5656,1471676.631106600,9,864,310,227,195,864,310,227,195,981.070,479.613,255.000,0,1060.161,433.061,255.000,0,79.0914,-46.5517,0.1826,0.1234,0,1,1,1,1,0,0,有效双星
1787909271.021000,1,12,34,5657,1471676.641145000,9,864,310,227,195,864,310,227,195,980.010,473.023,255.000,0,1059.137,426.144,255.000,0,79.1271,-46.8785,0.3288,0.2059,0,1,1,1,1,0,0,有效双星
1787909271.031000,1,12,35,5658,1471676.650995400,9,864,310,227,195,864,310,227,195,978.994,467.304,255.000,0,1058.045,421.013,255.000,0,79.0505,-46.2909,0.5926,0.3873,0,1,1,1,1,0,0,有效双星
1787909271.041000,1,12,36,5659,1471676.660942100,9,864,310,227,195,864,310,227,195,978.198,465.186,255.000,0,1057.293,418.173,255.000,0,79.0948,-47.0138,0.7243,0.3397,0,1,1,1,1,0,0,有效双星
1787909271.051000,1,12,37,5660,1471676.671228100,9,864,310,227,195,864,310,227,195,979.012,467.643,255.000,0,1058.176,421.086,255.000,0,79.1637,-46.5573,0.4616,0.1589,0,1,1,1,1,0,0,有效双星
1787909271.061000,1,12,38,5661,1471676.680948000,9,864,310,227,195,864,310,227,195,980.871,473.958,255.000,0,1059.361,427.159,255.000,0,78.4895,-46.7990,0.7161,0.6255,0,1,1,1,1,0,0,有效双星
1787909271.071000,1,12,39,5662,1471676.690965700,9,864,310,227,195,864,310,227,195,981.849,480.909,255.000,0,1060.325,434.153,255.000,0,78.4762,-46.7559,0.0451,0.6271,0,1,1,1,1,0,0,有效双星
1787909271.081000,1,12,40,5663,1471676.701142800,9,864,310,227,195,864,310,227,195,981.055,485.178,255.000,0,1060.132,439.016,255.000,0,79.0770,-46.1615,0.8451,0.5538,0,1,1,1,1,0,0,有效双星
1787909271.091000,1,12,41,5664,1471676.711225400,9,864,310,227,195,864,310,227,195,979.918,484.874,255.000,0,1058.978,438.103,255.000,0,79.0601,-46.7705,0.6093,0.0722,0,1,1,1,1,0,0,有效双星
1787909271.101000,1,12,42,5665,1471676.720941000,9,864,310,227,195,864,310,227,195,978.169,479.749,255.000,0,1057.341,433.125,255.000,0,79.1717,-46.6240,0.1842,0.1220,0,1,1,1,1,0,0,有效双星
1787909271.111000,1,12,43,5666,1471676.730942100,9,864,310,227,195,864,310,227,195,978.087,471.777,255.000,0,1057.252,425.109,255.000,0,79.1654,-46.6683,0.0447,0.0819,0,1,1,1,1,0,0,有效双星
1787909271.121000,1,12,44,5667,1471676.740949500,9,864,310,227,195,864,310,227,195,979.102,464.667,255.000,0,1058.227,418.075,255.000,0,79.1252,-46.5921,0.0862,0.0977,0,1,1,1,1,0,0,有效双星
1787909271.131000,1,12,45,5668,1471676.750953600,9,864,310,227,195,864,310,227,195,981.145,462.016,255.000,0,1060.284,415.152,255.000,0,79.1391,-46.8637,0.2720,0.2228,0,1,1,1,1,0,0,有效双星
1787909271.141000,1,12,46,5669,1471676.761137300,9,864,310,227,195,864,310,227,195,984.823,465.725,255.000,0,1063.309,419.099,255.000,0,78.4860,-46.6256,0.6951,0.6074,0,1,1,1,1,0,0,有效双星
1787909271.153000,1,12,47,5670,1471676.770964500,9,864,310,227,195,864,310,227,195,987.077,473.690,255.000,0,1066.162,427.063,255.000,0,79.0846,-46.6276,0.5986,0.0204,0,1,1,1,1,0,0,有效双星
1787909271.161000,1,12,48,5671,1471676.780932900,9,864,310,227,195,864,310,227,195,987.215,481.082,255.000,0,1066.354,434.190,255.000,0,79.1387,-46.8917,0.2695,0.2483,0,1,1,1,1,0,0,有效双星
1787909271.171000,1,12,49,5672,1471676.790938800,9,864,310,227,195,864,310,227,195,985.024,484.256,255.000,0,1064.121,438.033,255.000,0,79.0975,-46.2227,0.6702,0.4253,0,1,1,1,1,0,0,有效双星
1787909271.181000,1,12,50,5673,1471676.800943800,9,864,310,227,195,864,310,227,195,981.916,481.975,255.000,0,1061.019,435.138,255.000,0,79.1033,-46.8369,0.6142,0.2104,0,1,1,1,1,0,0,有效双星
1787909271.701000,1,13,1,5721,1471677.320507000,10,916,352,228,196,916,352,228,196,991.131,464.253,255.000,0,1070.199,417.146,255.000,0,79.0681,-47.1061,0.1910,0.2135,0,1,1,1,1,0,0,有效双星
1787909271.709000,1,13,2,5722,1471677.330563100,10,916,352,228,196,916,352,228,196,993.003,465.321,255.000,0,1072.056,418.151,255.000,0,79.0530,-47.1692,0.0649,0.2635,0,1,1,1,1,0,0,有效双星
1787909271.719000,1,13,3,5723,1471677.340565700,10,916,352,228,196,916,352,228,196,992.989,467.165,255.000,0,1071.394,420.154,255.000,0,78.4054,-47.0115,0.6665,0.6546,0,1,1,1,1,0,0,有效双星
1787909271.729000,1,13,4,5724,1471677.350470500,10,916,352,228,196,916,352,228,196,990.935,468.774,255.000,0,1070.002,422.064,255.000,0,79.0673,-46.7099,0.7274,0.2230,0,1,1,1,1,0,0,有效双星
1787909271.739000,1,13,5,5725,1471677.360466700,10,916,352,228,196,916,352,228,196,988.880,470.219,255.000,0,1067.283,423.150,255.000,0,78.4029,-47.0690,0.7552,0.6695,0,1,1,1,1,0,0,有效双星
1787909271.749000,1,13,6,5726,1471677.370671900,10,916,352,228,196,916,352,228,196,987.032,470.873,255.000,0,1066.062,424.071,255.000,0,79.0305,-46.8023,0.6819,0.1201,0,1,1,1,1,0,0,有效双星
1787909271.761000,1,13,7,5727,1471677.380735200,10,916,352,228,196,916,352,228,196,986.978,470.178,255.000,0,1066.035,423.133,255.000,0,79.0568,-47.0443,0.2435,0.1389,0,1,1,1,1,0,0,有效双星
1787909271.771000,1,13,8,5728,1471677.390669400,10,916,352,228,196,916,352,228,196,988.016,468.687,255.000,0,1067.049,422.029,255.000,0,79.0323,-46.6577,0.3874,0.2485,0,1,1,1,1,0,0,有效双星
1787909271.781000,1,13,9,5729,1471677.400469700,10,916,352,228,196,916,352,228,196,989.835,466.495,255.000,0,1068.312,419.192,255.000,0,78.4767,-47.3025,0.8512,0.6956,0,1,1,1,1,0,0,有效双星
1787909271.789000,1,13,10,5730,1471677.410477100,10,916,352,228,196,916,352,228,196,991.136,465.202,255.000,0,1070.143,418.119,255.000,0,79.0068,-47.0839,0.5734,0.1813,0,1,1,1,1,0,0,有效双星
1787909271.801000,1,13,11,5731,1471677.420592600,10,916,352,228,196,916,352,228,196,992.169,465.313,255.000,0,1071.192,418.145,255.000,0,79.0238,-47.1673,0.0852,0.2478,0,1,1,1,1,0,0,有效双星
1787909271.809000,1,13,12,5732,1471677.430532300,10,916,352,228,196,916,352,228,196,992.133,466.899,255.000,0,1071.199,420.086,255.000,0,79.0665,-46.8134,0.3565,0.1430,0,1,1,1,1,0,0,有效双星
1787909271.819000,1,13,13,5733,1471677.440507700,10,916,352,228,196,916,352,228,196,991.026,468.797,255.000,0,1070.064,422.062,255.000,0,79.0384,-46.7349,0.0833,0.2180,0,1,1,1,1,0,0,有效双星
1787909271.831000,1,13,14,5734,1471677.450503600,10,916,352,228,196,916,352,228,196,988.963,469.871,255.000,0,1067.992,423.071,255.000,0,79.0284,-46.8003,0.0662,0.1529,0,1,1,1,1,0,0,有效双星
1787909271.841000,1,13,15,5735,1471677.461426600,10,916,352,228,196,916,352,228,196,987.030,469.961,255.000,0,1066.028,423.073,255.000,0,78.9981,-46.8883,0.0931,0.0745,0,1,1,1,1,0,0,有效双星
1787909271.851000,1,13,16,5736,1471677.470501200,10,916,352,228,196,916,352,228,196,986.211,469.142,255.000,0,1065.265,422.131,255.000,0,79.0542,-47.0111,0.1351,0.0938,0,1,1,1,1,0,0,有效双星
1787909271.859000,1,13,17,5737,1471677.480479800,10,916,352,228,196,916,352,228,196,987.964,468.197,255.000,0,1066.383,421.161,255.000,0,78.4193,-47.0370,0.6355,0.6217,0,1,1,1,1,0,0,有效双星
1787909271.871000,1,13,18,5738,1471677.490499000,10,916,352,228,196,916,352,228,196,990.042,467.540,255.000,0,1069.113,421.020,255.000,0,79.0703,-46.5195,0.8317,0.4785,0,1,1,1,1,0,0,有效双星
1787909271.881000,1,13,19,5739,1471677.500471800,10,916,352,228,196,916,352,228,196,992.109,466.997,255.000,0,1071.156,420.101,255.000,0,79.0472,-46.8954,0.3766,0.0729,0,1,1,1,1,0,0,有效双星
1787909271.891000,1,13,20,5740,1471677.510762300,10,916,352,228,196,916,352,228,196,992.974,466.663,255.000,0,1072.004,420.035,255.000,0,79.0307,-46.6285,0.2674,0.3355,0,1,1,1,1,0,0,有效双星
1787909271.903000,1,13,21,5741,1471677.520483500,10,916,352,228,196,916,352,228,196,991.928,466.585,255.000,0,1070.413,420.085,255.000,0,78.4850,-46.5000,0.5606,0.7100,0,1,1,1,1,0,0,有效双星
1787909271.911000,1,13,22,5742,1471677.530480700,10,916,352,228,196,916,352,228,196,989.944,467.032,255.000,0,1068.368,420.137,255.000,0,78.4241,-46.8947,0.3993,0.6065,0,1,1,1,1,0,0,有效双星
1787909271.921000,1,13,23,5743,1471677.540464100,10,916,352,228,196,916,352,228,196,987.929,467.716,255.000,0,1066.358,421.086,255.000,0,78.4294,-46.6302,0.2645,0.6544,0,1,1,1,1,0,0,有效双星
1787909271.931000,1,13,24,5744,1471677.550465800,10,916,352,228,196,916,352,228,196,986.984,468.579,255.000,0,1066.013,421.155,255.000,0,79.0288,-47.4241,0.9947,0.5733,0,1,1,1,1,0,0,有效双星
1787909271.941000,1,13,25,5745,1471677.560473400,10,916,352,228,196,916,352,228,196,987.928,469.211,255.000,0,1066.344,422.164,255.000,0,78.4155,-47.0468,0.7201,0.6325,0,1,1,1,1,0,0,有效双星
1787909271.951000,1,13,26,5746,1471677.570461800,10,916,352,228,196,916,352,228,196,989.844,469.633,255.000,0,1068.298,423.074,255.000,0,78.4541,-46.5596,0.4887,0.6635,0,1,1,1,1,0,0,有效双星
1787909271.961000,1,13,27,5747,1471677.580669900,10,916,352,228,196,916,352,228,196,991.193,469.479,255.000,0,1070.251,422.163,255.000,0,79.0579,-47.3158,0.9677,0.4255,0,1,1,1,1,0,0,有效双星
1787909271.969000,1,13,28,5748,1471677.590507600,10,916,352,228,196,916,352,228,196,992.096,468.144,255.000,0,1071.104,421.117,255.000,0,79.0078,-47.0270,0.2931,0.1367,0,1,1,1,1,0,0,有效双星
1787909271.979000,1,13,29,5749,1471677.600473800,10,916,352,228,196,916,352,228,196,991.086,466.628,255.000,0,1070.152,419.178,255.000,0,79.0657,-47.4496,0.4266,0.5568,0,1,1,1,1,0,0,有效双星
1787909271.991000,1,13,30,5750,1471677.610485000,10,916,352,228,196,916,352,228,196,989.815,465.502,255.000,0,1068.280,418.190,255.000,0,78.4651,-47.3118,0.6162,0.6988,0,1,1,1,1,0,0,有效双星
1787909272.001000,1,13,31,5751,1471677.620666800,10,916,352,228,196,916,352,228,196,988.116,465.767,255.000,0,1067.193,419.069,255.000,0,79.0763,-46.6981,0.8661,0.2032,0,1,1,1,1,0,0,有效双星
1787909272.011000,1,13,32,5752,1471677.630719000,10,916,352,228,196,916,352,228,196,988.172,467.549,255.000,0,1067.225,420.169,255.000,0,79.0525,-47.3809,0.6832,0.4900,0,1,1,1,1,0,0,有效双星
1787909272.021000,1,13,33,5753,1471677.640467600,10,916,352,228,196,916,352,228,196,989.839,469.598,255.000,0,1068.250,422.193,255.000,0,78.4103,-47.4050,0.6427,0.8015,0,1,1,1,1,0,0,有效双星
1787909272.031000,1,13,34,5754,1471677.650470600,10,916,352,228,196,916,352,228,196,990.879,470.839,255.000,0,1069.283,424.095,255.000,0,78.4040,-46.7437,0.6613,0.6488,0,1,1,1,1,0,0,有效双星
1787909272.041000,1,13,35,5755,1471677.660467100,10,916,352,228,196,916,352,228,196,990.987,470.543,255.000,0,1069.412,423.208,255.000,0,78.4253,-47.3345,0.5911,0.6921,0,1,1,1,1,0,0,有效双星
1787909272.051000,1,13,36,5756,1471677.670875900,10,916,352,228,196,916,352,228,196,990.117,468.701,255.000,0,1069.215,422.069,255.000,0,79.0976,-46.6315,0.9727,0.5230,0,1,1,1,1,0,0,有效双星
1787909272.061000,1,13,37,5757,1471677.680665600,10,916,352,228,196,916,352,228,196,989.888,466.761,255.000,0,1068.327,420.094,255.000,0,78.4391,-46.6665,0.6594,0.4258,0,1,1,1,1,0,0,有效双星
1787909272.071000,1,13,38,5758,1471677.690484000,10,916,352,228,196,916,352,228,196,989.151,465.789,255.000,0,1068.228,419.074,255.000,0,79.0768,-46.7150,0.6395,0.3762,0,1,1,1,1,0,0,有效双星
1787909272.081000,1,13,39,5759,1471677.700484700,10,916,352,228,196,916,352,228,196,989.942,466.037,255.000,0,1068.358,419.136,255.000,0,78.4155,-46.9002,0.6867,0.3309,0,1,1,1,1,0,0,有效双星
1787909272.091000,1,13,40,5760,1471677.710740700,10,916,352,228,196,916,352,228,196,990.145,467.280,255.000,0,1069.132,420.134,255.000,0,78.9872,-47.1461,0.6223,0.5693,0,1,1,1,1,0,0,有效双星
1787909272.101000,1,13,41,5761,1471677.720515800,10,916,352,228,196,916,352,228,196,990.166,468.639,255.000,0,1069.187,421.172,255.000,0,79.0213,-47.4670,0.3227,0.7428,0,1,1,1,1,0,0,有效双星
1787909272.109000,1,13,42,5762,1471677.730480300,10,916,352,228,196,916,352,228,196,990.038,469.212,255.000,0,1069.055,422.135,255.000,0,79.0162,-47.0770,0.3900,0.2928,0,1,1,1,1,0,0,有效双星
1787909272.119000,1,13,43,5763,1471677.740482600,10,916,352,228,196,916,352,228,196,989.855,469.540,255.000,0,1068.304,423.057,255.000,0,78.4484,-46.4833,0.8215,0.7977,0,1,1,1,1,0,0,有效双星
1787909272.131000,1,13,44,5764,1471677.750478700,10,916,352,228,196,916,352,228,196,989.148,469.457,255.000,0,1068.236,422.170,255.000,0,79.0879,-47.2873,1.0273,0.2428,0,1,1,1,1,0,0,有效双星
1787909272.139000,1,13,45,5765,1471677.760644600,10,916,352,228,196,916,352,228,196,989.823,468.596,255.000,0,1068.279,422.067,255.000,0,78.4552,-46.5287,0.9878,0.7605,0,1,1,1,1,0,0,有效双星
1787909272.154000,1,13,46,5766,1471677.770514800,10,916,352,228,196,916,352,228,196,989.892,467.655,255.000,0,1068.324,421.073,255.000,0,78.4318,-46.5821,0.0583,0.7354,0,1,1,1,1,0,0,有效双星
1787909272.161000,1,13,47,5767,1471677.780469300,10,916,352,228,196,916,352,228,196,989.936,466.714,255.000,0,1068.370,420.090,255.000,0,78.4341,-46.6241,0.0421,0.7075,0,1,1,1,1,0,0,有效双星
1787909272.171000,1,13,48,5768,1471677.790503100,10,916,352,228,196,916,352,228,196,990.069,466.356,255.000,0,1069.046,419.141,255.000,0,78.9772,-47.2151,0.8027,0.3554,0,1,1,1,1,0,0,有效双星
1787909272.181000,1,13,49,5769,1471677.800494100,10,916,352,228,196,916,352,228,196,990.120,466.800,255.000,0,1069.179,420.069,255.000,0,79.0597,-46.7305,0.4917,0.4257,0,1,1,1,1,0,0,有效双星
1787909272.191000,1,13,50,5770,1471677.810484400,10,916,352,228,196,916,352,228,196,990.834,467.886,255.000,0,1069.243,421.099,255.000,0,78.4091,-46.7875,0.6530,0.3139,0,1,1,1,1,0,0,有效双星
1787909276.113000,1,14,1,6159,1471681.733043300,11,882,380,227,196,882,380,227,196,972.071,483.233,255.000,0,1051.128,437.051,255.000,0,79.0575,-46.1813,0.8935,0.6645,0,1,1,1,1,0,0,有效双星
1787909276.123000,1,14,2,6160,1471681.742968100,11,882,380,227,196,882,380,227,196,971.076,487.138,255.000,0,1050.045,440.147,255.000,0,78.9697,-46.9910,0.8145,0.6402,0,1,1,1,1,0,0,有效双星
1787909276.133000,1,14,3,6161,1471681.752950000,11,882,380,227,196,882,380,227,196,966.055,494.564,255.000,0,1045.074,448.070,255.000,0,79.0191,-46.4938,0.4997,0.2729,0,1,1,1,1,0,0,有效双星
1787909276.143000,1,14,4,6162,1471681.762965100,11,882,380,227,196,882,380,227,196,960.003,502.859,255.000,0,1038.366,456.150,255.000,0,78.3625,-46.7083,0.6907,0.4203,0,1,1,1,1,0,0,有效双星
1787909276.154000,1,14,5,6163,1471681.773224800,11,882,380,227,196,882,380,227,196,954.927,507.961,255.000,0,1033.325,461.182,255.000,0,78.3981,-46.7791,0.0792,0.2523,0,1,1,1,1,0,0,有效双星
1787909276.163000,1,14,6,6164,1471681.782961900,11,882,380,227,196,882,380,227,196,952.869,507.656,255.000,0,1031.377,461.171,255.000,0,78.5087,-46.4846,0.3145,0.0660,0,1,1,1,1,0,0,有效双星
1787909276.173000,1,14,7,6165,1471681.792975900,11,882,380,227,196,882,380,227,196,955.887,502.786,255.000,0,1034.330,456.157,255.000,0,78.4434,-46.6293,0.1587,0.1174,0,1,1,1,1,0,0,有效双星
1787909276.183000,1,14,8,6166,1471681.802976800,11,882,380,227,196,882,380,227,196,963.043,495.029,255.000,0,1042.120,448.171,255.000,0,79.0764,-46.8589,0.6733,0.6636,0,1,1,1,1,0,0,有效双星
1787909276.193000,1,14,9,6167,1471681.813239400,11,882,380,227,196,882,380,227,196,972.028,487.863,255.000,0,1051.017,441.115,255.000,0,78.9895,-46.7488,0.1403,0.5038,0,1,1,1,1,0,0,有效双星
1787909276.203000,1,14,10,6168,1471681.823141600,11,882,380,227,196,882,380,227,196,977.867,483.086,255.000,0,1056.261,436.181,255.000,0,78.3936,-46.9050,0.6160,0.2217,0,1,1,1,1,0,0,有效双星
1787909276.218000,1,14,11,6169,1471681.832990300,11,882,380,227,196,882,380,227,196,977.063,482.554,255.000,0,1056.113,436.074,255.000,0,79.0497,-46.4798,0.7818,0.6087,0,1,1,1,1,0,0,有效双星
1787909276.223000,1,14,12,6170,1471681.842981500,11,882,380,227,196,882,380,227,196,971.839,486.391,255.000,0,1050.277,440.070,255.000,0,78.4380,-46.3213,0.6319,0.4062,0,1,1,1,1,0,0,有效双星
1787909276.233000,1,14,13,6171,1471681.852968500,11,882,380,227,196,882,380,227,196,963.911,493.263,255.000,0,1042.319,447.087,255.000,0,78.4080,-46.1757,0.1487,0.4976,0,1,1,1,1,0,0,有效双星
1787909276.243000,1,14,14,6172,1471681.862986600,11,882,380,227,196,882,380,227,196,956.917,501.112,255.000,0,1035.347,455.072,255.000,0,78.4297,-46.0409,0.1365,0.5296,0,1,1,1,1,0,0,有效双星
1787909276.253000,1,14,15,6173,1471681.872968600,11,882,380,227,196,882,380,227,196,953.049,507.108,255.000,0,1032.057,461.024,255.000,0,79.0079,-46.0842,0.5798,0.6885,0,1,1,1,1,0,0,有效双星
1787909276.263000,1,14,16,6174,1471681.882994600,11,882,380,227,196,882,380,227,196,953.936,509.093,255.000,0,1032.344,463.064,255.000,0,78.4073,-46.0290,0.6031,0.4632,0,1,1,1,1,0,0,有效双星
1787909276.273000,1,14,17,6175,1471681.892978800,11,882,380,227,196,882,380,227,196,958.125,506.873,255.000,0,1037.210,460.164,255.000,0,79.0858,-46.7086,0.9603,0.6767,0,1,1,1,1,0,0,有效双星
1787909276.283000,1,14,18,6176,1471681.902971200,11,882,380,227,196,882,380,227,196,964.994,501.836,255.000,0,1043.426,455.179,255.000,0,78.4327,-46.6568,0.6552,0.1705,0,1,1,1,1,0,0,有效双星
1787909276.293000,1,14,19,6177,1471681.912981500,11,882,380,227,196,882,380,227,196,970.947,496.007,255.000,0,1049.387,450.064,255.000,0,78.4402,-45.9430,0.7138,0.6188,0,1,1,1,1,0,0,有效双星
1787909276.303000,1,14,20,6178,1471681.922954500,11,882,380,227,196,882,380,227,196,974.042,492.531,255.000,0,1053.042,446.066,255.000,0,79.0005,-46.4657,0.7663,0.5669,0,1,1,1,1,0,0,有效双星
1787909276.313000,1,14,21,6179,1471681.932955200,11,882,380,227,196,882,380,227,196,974.082,492.883,255.000,0,1053.026,446.107,255.000,0,78.9443,-46.7765,0.3158,0.5494,0,1,1,1,1,0,0,有效双星
1787909276.323000,1,14,22,6180,1471681.942956900,11,882,380,227,196,882,380,227,196,972.921,497.937,255.000,0,1051.320,451.173,255.000,0,78.3990,-46.7642,0.5455,0.2168,0,1,1,1,1,0,0,有效双星
1787909276.333000,1,14,23,6181,1471681.953169400,11,882,380,227,196,882,380,227,196,973.925,507.924,255.000,0,1052.374,461.179,255.000,0,78.4491,-46.7443,0.0539,0.1829,0,1,1,1,1,0,0,有效双星
1787909276.343000,1,14,24,6182,1471681.962966000,11,882,380,227,196,882,380,227,196,978.945,520.808,255.000,0,1057.994,474.127,255.000,0,79.0484,-46.6804,0.6028,0.6078,0,1,1,1,1,0,0,有效双星
1787909276.353000,1,14,25,6183,1471681.972987400,11,882,380,227,196,882,380,227,196,987.025,533.081,255.000,0,1066.131,487.046,255.000,0,79.1061,-46.0344,0.6486,0.8977,0,1,1,1,1,0,0,有效双星
1787909276.363000,1,14,26,6184,1471681.982960700,11,882,380,227,196,882,380,227,196,997.061,541.991,255.000,0,1076.076,495.150,255.000,0,79.0149,-46.8410,0.8118,0.6066,0,1,1,1,1,0,0,有效双星
1787909276.373000,1,14,27,6185,1471681.992956000,11,882,380,227,196,882,380,227,196,1004.981,545.070,255.000,0,1083.387,499.071,255.000,0,78.4056,-45.9989,1.0394,0.7068,0,1,1,1,1,0,0,有效双星
1787909276.383000,1,14,28,6186,1471682.002962300,11,882,380,227,196,882,380,227,196,1008.827,542.727,255.000,0,1087.265,496.146,255.000,0,78.4383,-46.5803,0.5823,0.2587,0,1,1,1,1,0,0,有效双星
1787909276.393000,1,14,29,6187,1471682.012953600,11,882,380,227,196,882,380,227,196,1008.995,537.785,255.000,0,1087.374,491.145,255.000,0,78.3788,-46.6401,0.0843,0.1282,0,1,1,1,1,0,0,有效双星
1787909276.403000,1,14,30,6188,1471682.022965400,11,882,380,227,196,882,380,227,196,1007.912,532.644,255.000,0,1086.965,486.104,255.000,0,79.0526,-46.5401,0.6812,0.6135,0,1,1,1,1,0,0,有效双星
1787909276.413000,1,14,31,6189,1471682.032962200,11,882,380,227,196,882,380,227,196,1007.148,530.059,255.000,0,1086.208,483.172,255.000,0,79.0603,-46.8878,0.3478,0.7224,0,1,1,1,1,0,0,有效双星
1787909276.423000,1,14,32,6190,1471682.043066700,11,882,380,227,196,882,380,227,196,1008.103,529.984,255.000,0,1087.196,483.171,255.000,0,79.0922,-46.8129,0.0814,0.6952,0,1,1,1,1,0,0,有效双星
1787909276.433000,1,14,33,6191,1471682.052964000,11,882,380,227,196,882,380,227,196,1010.821,531.779,255.000,0,1089.315,485.178,255.000,0,78.4937,-46.6012,0.6349,0.2032,0,1,1,1,1,0,0,有效双星
1787909276.443000,1,14,34,6192,1471682.062968600,11,882,380,227,196,882,380,227,196,1014.010,534.880,255.000,0,1092.425,488.186,255.000,0,78.4148,-46.6939,0.1218,0.3129,0,1,1,1,1,0,0,有效双星
1787909276.453000,1,14,35,6193,1471682.073045200,11,882,380,227,196,882,380,227,196,1017.816,537.554,255.000,0,1096.300,491.135,255.000,0,78.4840,-46.4193,0.2832,0.3282,0,1,1,1,1,0,0,有效双星
1787909276.466000,1,14,36,6194,1471682.083091300,11,882,380,227,196,882,380,227,196,1021.063,538.682,255.000,0,1099.537,492.189,255.000,0,78.4747,-46.4924,0.0737,0.1567,0,1,1,1,1,0,0,有效双星
1787909276.473000,1,14,37,6195,1471682.092962600,11,882,380,227,196,882,380,227,196,1023.900,536.754,255.000,0,1100.424,490.337,255.000,0,76.5243,-46.4169,1.9518,1.9782,0,1,1,1,1,0,0,有效双星
1787909276.483000,1,14,38,6196,1471682.102970500,11,882,380,227,196,882,380,227,196,1024.026,532.078,255.000,0,1100.834,486.230,255.000,0,76.8082,-45.8483,0.6356,1.8410,0,1,1,1,1,0,0,有效双星
1787909276.493000,1,14,39,6197,1471682.112977000,11,882,380,227,196,882,380,227,196,1023.020,527.730,255.000,0,1100.296,481.258,255.000,0,77.2753,-46.4720,0.7792,1.2098,0,1,1,1,1,0,0,有效双星
1787909276.503000,1,14,40,6198,1471682.122973400,11,882,380,227,196,882,380,227,196,1022.824,526.604,255.000,0,1100.182,480.210,255.000,0,77.3573,-46.3944,0.1129,1.1390,0,1,1,1,1,0,0,有效双星
1787909276.513000,1,14,41,6199,1471682.132996100,11,882,380,227,196,882,380,227,196,1023.168,529.903,255.000,0,1100.375,484.161,255.000,0,77.2070,-45.7415,0.6699,1.5152,0,1,1,1,1,0,0,有效双星
1787909276.523000,1,14,42,6200,1471682.142991200,11,882,380,227,196,882,380,227,196,1024.908,534.713,255.000,0,1100.914,488.371,255.000,0,76.0052,-46.3420,1.3435,2.4482,0,1,1,1,1,0,0,有效双星
1787909276.533000,1,14,43,6201,1471682.152988500,11,882,380,227,196,882,380,227,196,1025.101,537.361,255.000,0,1100.961,491.376,255.000,0,75.8600,-45.9850,0.3854,2.6377,0,1,1,1,1,0,0,有效双星
1787909276.543000,1,14,44,6202,1471682.163133900,11,882,380,227,196,882,380,227,196,1025.002,535.827,255.000,0,1100.951,490.252,255.000,0,75.9484,-45.5747,0.4197,2.6390,0,1,1,1,1,0,0,有效双星
1787909276.553000,1,14,45,6203,1471682.172976000,11,882,380,227,196,882,380,227,196,1025.903,530.302,255.000,0,1100.974,484.386,255.000,0,75.0711,-45.9155,0.9412,3.3810,0,1,1,1,1,0,0,有效双星
1787909276.563000,1,14,46,6204,1471682.183141600,11,882,380,227,196,882,380,227,196,1028.116,524.024,255.000,0,1101.356,478.400,255.000,0,73.2406,-45.6235,1.8536,5.2167,0,1,1,1,1,0,0,有效双星
1787909276.573000,1,14,47,6205,1471682.192972100,11,882,380,227,196,882,380,227,196,1030.054,517.950,255.000,0,1101.196,472.503,255.000,0,71.1418,-45.4473,2.1062,6.7959,0,1,1,1,1,0,0,有效双星
1787909276.583000,1,14,48,6206,1471682.203133500,11,882,380,227,196,882,380,227,196,1033.030,516.287,255.000,0,1100.664,472.415,255.000,0,67.6341,-43.8713,3.8455,10.0116,1,1,1,1,1,0,0,有效双星（差分基线偏离 10.012 px，连续 1/5 帧）
1787909276.593000,1,14,49,6207,1471682.213125500,11,882,380,227,196,882,380,227,196,1033.268,518.092,255.000,0,1100.596,474.187,255.000,0,67.3279,-43.9047,0.3079,10.2998,2,1,1,1,1,0,0,有效双星（差分基线偏离 10.300 px，连续 2/5 帧）
1787909276.603000,1,14,50,6208,1471682.222969300,11,882,380,227,196,882,380,227,196,1033.958,521.807,255.000,0,1100.553,478.089,255.000,0,66.5956,-43.7178,0.7558,11.0555,3,1,1,1,1,0,0,有效双星（差分基线偏离 11.056 px，连续 3/5 帧）
1787909277.122000,1,15,1,6256,1471682.743009800,12,958,406,218,193,958,406,218,193,1030.105,523.195,255.000,0,1109.091,477.044,255.000,0,0.0000,0.0000,10.7883,9.0355,0,1,1,0,0,1,0,双星差分跳变 10.788 px，已拒绝该样本
1787909277.133000,1,15,2,6257,1471682.752963800,12,958,406,218,193,958,406,218,193,1031.874,522.559,255.000,0,1110.901,476.095,255.000,0,0.0000,0.0000,10.8999,9.1171,0,1,1,0,0,1,0,双星差分跳变 10.900 px，已拒绝该样本
1787909277.143000,1,15,3,6258,1471682.762844900,12,958,406,218,193,958,406,218,193,1033.002,522.715,255.000,0,1112.041,476.130,255.000,0,0.0000,0.0000,10.9403,9.1465,0,1,1,0,0,1,0,双星差分跳变 10.940 px，已拒绝该样本
1787909277.153000,1,15,4,6259,1471682.773058900,12,958,406,218,193,958,406,218,193,1033.169,523.327,255.000,0,1112.160,477.068,255.000,0,0.0000,0.0000,10.8173,9.0537,0,1,1,0,0,1,0,双星差分跳变 10.817 px，已拒绝该样本
1787909277.163000,1,15,5,6260,1471682.782837300,12,958,406,218,193,958,406,218,193,1032.133,523.935,255.000,0,1111.208,477.177,255.000,0,0.0000,0.0000,11.0193,9.2104,0,1,1,0,0,1,0,双星差分跳变 11.019 px，已拒绝该样本
1787909277.173000,1,15,6,6261,1471682.792930800,12,958,406,218,193,958,406,218,193,1030.972,524.625,255.000,0,1110.011,478.110,255.000,0,0.0000,0.0000,10.9240,9.1366,0,1,1,0,0,1,0,双星差分跳变 10.924 px，已拒绝该样本
1787909277.183000,1,15,7,6262,1471682.803071500,12,958,406,218,193,958,406,218,193,1029.908,524.938,255.000,0,1108.961,479.021,255.000,0,0.0000,0.0000,10.8067,9.0795,0,1,1,0,0,1,0,双星差分跳变 10.807 px，已拒绝该样本
1787909277.193000,1,15,8,6263,1471682.812843100,12,958,406,218,193,958,406,218,193,1029.202,525.099,255.000,0,1108.331,479.096,255.000,0,0.0000,0.0000,10.8995,9.1643,0,1,1,0,0,1,0,双星差分跳变 10.900 px，已拒绝该样本
1787909277.203000,1,15,9,6264,1471682.822847800,12,958,406,218,193,958,406,218,193,1030.223,525.084,255.000,0,1109.242,479.040,255.000,0,0.0000,0.0000,10.7986,9.0574,0,1,1,0,0,1,0,双星差分跳变 10.799 px，已拒绝该样本
1787909277.220000,1,15,10,6265,1471682.832868500,12,958,406,218,193,958,406,218,193,1031.896,524.134,255.000,0,1110.303,478.083,255.000,0,0.0000,0.0000,10.2013,8.4491,0,1,1,0,0,1,1,双星差分跳变 10.201 px，已拒绝该样本
1787909277.471000,2,16,1,6266,1471683.083175600,0,0,0,1920,1200,0,0,1920,1200,1030.267,525.259,255.000,0,1108.686,479.174,255.000,0,78.4191,-46.0853,0.0000,0.0000,0,1,1,1,0,0,0,全画幅定位成功，已选择面积最大的两个有效连通域
1787909277.521000,2,17,1,6267,1471683.140924100,1,956,404,228,195,956,404,228,195,1030.991,522.552,255.000,0,1110.076,476.114,255.000,0,79.0844,-46.4374,0.7527,0.0000,0,1,1,1,1,0,0,有效双星
1787909277.531000,2,17,2,6268,1471683.151179900,1,956,404,228,195,956,404,228,195,1031.826,523.471,255.000,0,1110.282,477.119,255.000,0,78.4566,-46.3526,0.6335,0.0000,0,1,1,1,1,0,0,有效双星
1787909277.539000,2,17,3,6269,1471683.160909000,1,956,404,228,195,956,404,228,195,1032.017,524.606,255.000,0,1111.059,478.108,255.000,0,79.0415,-46.4982,0.6027,0.0000,0,1,1,1,1,0,0,有效双星
1787909277.551000,2,17,4,6270,1471683.170980900,1,956,404,228,195,956,404,228,195,1032.042,525.194,255.000,0,1111.099,479.074,255.000,0,79.0574,-46.1204,0.3782,0.0000,0,1,1,1,1,0,0,有效双星
1787909277.561000,2,17,5,6271,1471683.180917600,1,956,404,228,195,956,404,228,195,1031.983,525.268,255.000,0,1110.365,479.099,255.000,0,78.3826,-46.1695,0.6766,0.6839,0,1,1,1,1,0,0,有效双星
1787909277.571000,2,17,6,6272,1471683.190935700,1,956,404,228,195,956,404,228,195,1031.076,524.597,255.000,0,1110.098,478.102,255.000,0,79.0218,-46.4948,0.7172,0.3592,0,1,1,1,1,0,0,有效双星
1787909277.581000,2,17,7,6273,1471683.200954800,1,956,404,228,195,956,404,228,195,1030.881,523.643,255.000,0,1109.281,477.126,255.000,0,78.3997,-46.5173,0.6224,0.6435,0,1,1,1,1,0,0,有效双星
1787909277.595000,2,17,8,6274,1471683.211279400,1,956,404,228,195,956,404,228,195,1030.932,523.103,255.000,0,1109.292,476.196,255.000,0,78.3600,-46.9065,0.3912,0.6367,0,1,1,1,1,0,0,有效双星
1787909277.601000,2,17,9,6275,1471683.221218400,1,956,404,228,195,956,404,228,195,1031.112,523.143,255.000,0,1110.108,477.042,255.000,0,78.9956,-46.1007,1.0263,0.6355,0,1,1,1,1,0,0,有效双星
1787909277.611000,2,17,10,6276,1471683.230950400,1,956,404,228,195,956,404,228,195,1031.968,523.684,255.000,0,1110.975,477.107,255.000,0,79.0072,-46.5768,0.4762,0.3347,0,1,1,1,1,0,0,有效双星
1787909277.621000,2,17,11,6277,1471683.240933400,1,956,404,228,195,956,404,228,195,1032.108,524.142,255.000,0,1111.139,478.055,255.000,0,79.0311,-46.0869,0.4905,0.3524,0,1,1,1,1,0,0,有效双星
1787909277.631000,2,17,12,6278,1471683.250919200,1,956,404,228,195,956,404,228,195,1032.062,524.367,255.000,0,1111.093,478.097,255.000,0,79.0317,-46.2694,0.1825,0.1292,0,1,1,1,1,0,0,有效双星
1787909277.641000,2,17,13,6279,1471683.260941300,1,956,404,228,195,956,404,228,195,1031.851,524.557,255.000,0,1110.313,478.135,255.000,0,78.4623,-46.4214,0.5893,0.5492,0,1,1,1,1,0,0,有效双星
1787909277.655000,2,17,14,6280,1471683.271252600,1,956,404,228,195,956,404,228,195,1031.059,524.603,255.000,0,1110.095,478.105,255.000,0,79.0363,-46.4982,0.5791,0.1166,0,1,1,1,1,0,0,有效双星
1787909277.661000,2,17,15,6281,1471683.281118600,1,956,404,228,195,956,404,228,195,1031.013,524.270,255.000,0,1109.404,478.112,255.000,0,78.3911,-46.1579,0.7295,0.6701,0,1,1,1,1,0,0,有效双星
1787909277.671000,2,17,16,6282,1471683.290915700,1,956,404,228,195,956,404,228,195,1031.024,523.940,255.000,0,1110.000,477.144,255.000,0,78.9761,-46.7968,0.8663,0.4106,0,1,1,1,1,0,0,有效双星
1787909277.681000,2,17,17,6283,1471683.300933700,1,956,404,228,195,956,404,228,195,1031.100,523.592,255.000,0,1110.103,477.091,255.000,0,79.0026,-46.5011,0.2969,0.0800,0,1,1,1,1,0,0,有效双星
1787909277.691000,2,17,18,6284,1471683.310928700,1,956,404,228,195,956,404,228,195,1031.908,523.177,255.000,0,1110.296,477.082,255.000,0,78.3887,-46.0951,0.7360,0.6960,0,1,1,1,1,0,0,有效双星
1787909277.701000,2,17,19,6285,1471683.321241100,1,956,404,228,195,956,404,228,195,1032.068,523.550,255.000,0,1111.077,477.087,255.000,0,79.0086,-46.4635,0.7211,0.0441,0,1,1,1,1,0,0,有效双星
1787909277.718000,2,17,20,6286,1471683.330931700,1,956,404,228,195,956,404,228,195,1032.196,524.093,255.000,0,1111.211,478.038,255.000,0,79.0149,-46.0552,0.4084,0.3746,0,1,1,1,1,0,0,有效双星
1787909277.721000,2,17,21,6287,1471683.340927200,1,956,404,228,195,956,404,228,195,1032.060,524.660,255.000,0,1111.136,478.130,255.000,0,79.0760,-46.5292,0.4779,0.1225,0,1,1,1,1,0,0,有效双星
1787909277.731000,2,17,22,6288,1471683.350928900,1,956,404,228,195,956,404,228,195,1031.817,524.801,255.000,0,1110.256,478.166,255.000,0,78.4383,-46.6343,0.6463,0.5982,0,1,1,1,1,0,0,有效双星
1787909277.741000,2,17,23,6289,1471683.361073600,1,956,404,228,195,956,404,228,195,1030.860,524.218,255.000,0,1109.296,478.104,255.000,0,78.4356,-46.1136,0.5207,0.6766,0,1,1,1,1,0,0,有效双星
1787909277.751000,2,17,24,6290,1471683.370957100,1,956,404,228,195,956,404,228,195,1030.083,523.782,255.000,0,1109.123,477.139,255.000,0,79.0395,-46.6431,0.8031,0.2047,0,1,1,1,1,0,0,有效双星
1787909277.761000,2,17,25,6291,1471683.380927800,1,956,404,228,195,956,404,228,195,1030.941,523.670,255.000,0,1109.299,477.121,255.000,0,78.3578,-46.5492,0.6881,0.6451,0,1,1,1,1,0,0,有效双星
1787909277.771000,2,17,26,6292,1471683.390966200,1,956,404,228,195,956,404,228,195,1031.943,523.829,255.000,0,1110.330,477.161,255.000,0,78.3876,-46.6676,0.1220,0.6349,0,1,1,1,1,0,0,有效双星
1787909277.782000,2,17,27,6293,1471683.401231100,1,956,404,228,195,956,404,228,195,1032.945,524.227,255.000,0,1111.294,478.073,255.000,0,78.3495,-46.1543,0.5147,0.7240,0,1,1,1,1,0,0,有效双星
1787909277.791000,2,17,28,6294,1471683.411227400,1,956,404,228,195,956,404,228,195,1032.953,524.277,255.000,0,1111.343,478.100,255.000,0,78.3899,-46.1768,0.0462,0.6690,0,1,1,1,1,0,0,有效双星
1787909277.801000,2,17,29,6295,1471683.420922500,1,956,404,228,195,956,404,228,195,1032.001,524.000,255.000,0,1111.035,478.030,255.000,0,79.0344,-45.9698,0.6769,0.4752,0,1,1,1,1,0,0,有效双星
1787909277.811000,2,17,30,6296,1471683.430938900,1,956,404,228,195,956,404,228,195,1031.049,523.830,255.000,0,1110.083,477.142,255.000,0,79.0332,-46.6876,0.7178,0.2490,0,1,1,1,1,0,0,有效双星
1787909277.821000,2,17,31,6297,1471683.440932300,1,956,404,228,195,956,404,228,195,1030.169,523.741,255.000,0,1109.280,477.161,255.000,0,79.1114,-46.5796,0.1333,0.1835,0,1,1,1,1,0,0,有效双星
1787909277.831000,2,17,32,6298,1471683.450923500,1,956,404,228,195,956,404,228,195,1030.936,524.013,255.000,0,1109.334,477.197,255.000,0,78.3980,-46.8161,0.7516,0.6798,0,1,1,1,1,0,0,有效双星
1787909277.844000,2,17,33,6299,1471683.461289700,1,956,404,228,195,956,404,228,195,1031.131,524.200,255.000,0,1110.132,478.051,255.000,0,79.0008,-46.1493,0.8989,0.4495,0,1,1,1,1,0,0,有效双星
1787909277.851000,2,17,34,6300,1471683.471172300,1,956,404,228,195,956,404,228,195,1031.976,524.146,255.000,0,1110.370,478.085,255.000,0,78.3946,-46.0610,0.6126,0.7383,0,1,1,1,1,0,0,有效双星
1787909277.861000,2,17,35,6301,1471683.480923300,1,956,404,228,195,956,404,228,195,1032.171,524.259,255.000,0,1111.110,478.039,255.000,0,78.9382,-46.2197,0.5663,0.3498,0,1,1,1,1,0,0,有效双星
1787909277.871000,2,17,36,6302,1471683.490951200,1,956,404,228,195,956,404,228,195,1032.131,524.066,255.000,0,1111.150,478.037,255.000,0,79.0184,-46.0288,0.2070,0.4576,0,1,1,1,1,0,0,有效双星
1787909277.881000,2,17,37,6303,1471683.500952900,1,956,404,228,195,956,404,228,195,1032.046,524.078,255.000,0,1111.007,478.015,255.000,0,78.9612,-46.0632,0.0667,0.2785,0,1,1,1,1,0,0,有效双星
1787909277.891000,2,17,38,6304,1471683.510907600,1,956,404,228,195,956,404,228,195,1031.145,524.003,255.000,0,1110.162,478.023,255.000,0,79.0169,-45.9796,0.1004,0.2287,0,1,1,1,1,0,0,有效双星
1787909277.905000,2,17,39,6305,1471683.520949400,1,956,404,228,195,956,404,228,195,1030.923,523.861,255.000,0,1109.335,477.177,255.000,0,78.4112,-46.6838,0.9289,0.7487,0,1,1,1,1,0,0,有效双星
1787909277.911000,2,17,40,6306,1471683.531102100,1,956,404,228,195,956,404,228,195,1030.888,523.860,255.000,0,1109.310,477.178,255.000,0,78.4214,-46.6819,0.0104,0.7162,0,1,1,1,1,0,0,有效双星
1787909277.921000,2,17,41,6307,1471683.541204000,1,956,404,228,195,956,404,228,195,1031.051,524.085,255.000,0,1110.107,478.054,255.000,0,79.0554,-46.0310,0.9087,0.5028,0,1,1,1,1,0,0,有效双星
1787909277.931000,2,17,42,6308,1471683.551203200,1,956,404,228,195,956,404,228,195,1031.974,524.607,255.000,0,1110.989,478.096,255.000,0,79.0152,-46.5102,0.4810,0.4519,0,1,1,1,1,0,0,有效双星
1787909277.941000,2,17,43,6309,1471683.560926100,1,956,404,228,195,956,404,228,195,1032.158,524.635,255.000,0,1111.178,478.101,255.000,0,79.0203,-46.5336,0.0239,0.3427,0,1,1,1,1,0,0,有效双星
1787909277.951000,2,17,44,6310,1471683.570907200,1,956,404,228,195,956,404,228,195,1032.116,524.075,255.000,0,1111.082,478.012,255.000,0,78.9654,-46.0631,0.4737,0.3023,0,1,1,1,1,0,0,有效双星
1787909277.961000,2,17,45,6311,1471683.581192100,1,956,404,228,195,956,404,228,195,1031.890,523.626,255.000,0,1110.271,477.116,255.000,0,78.3806,-46.5105,0.7364,0.6611,0,1,1,1,1,0,0,有效双星
1787909277.971000,2,17,46,6312,1471683.590920700,1,956,404,228,195,956,404,228,195,1031.072,523.607,255.000,0,1110.084,477.095,255.000,0,79.0119,-46.5122,0.6313,0.3177,0,1,1,1,1,0,0,有效双星
1787909277.981000,2,17,47,6313,1471683.600911600,1,956,404,228,195,956,404,228,195,1031.071,523.846,255.000,0,1110.108,477.145,255.000,0,79.0365,-46.7012,0.1906,0.5058,0,1,1,1,1,0,0,有效双星
1787909277.991000,2,17,48,6314,1471683.611122600,1,956,404,228,195,956,404,228,195,1031.180,524.182,255.000,0,1110.233,478.070,255.000,0,79.0538,-46.1119,0.5895,0.2575,0,1,1,1,1,0,0,有效双星
1787909278.001000,2,17,49,6315,1471683.621127500,1,956,404,228,195,956,404,228,195,1031.863,524.219,255.000,0,1110.298,478.096,255.000,0,78.4346,-46.1232,0.6193,0.6274,0,1,1,1,1,0,0,有效双星
1787909278.011000,2,17,50,6316,1471683.630938800,1,956,404,228,195,956,404,228,195,1031.922,524.136,255.000,0,1110.316,478.075,255.000,0,78.3942,-46.0613,0.0739,0.6833,0,1,1,1,1,0,0,有效双星
