timestamp_s,aoi_epoch,aoi_transition_id,frame_index_after_apply,frame_sequence,frame_timestamp_s,frame_generation,source_rect_x,source_rect_y,source_rect_width,source_rect_height,applied_aoi_x,applied_aoi_y,applied_aoi_width,applied_aoi_height,star_a_x_px,star_a_y_px,star_a_peak_intensity,star_a_component_area_px,star_b_x_px,star_b_y_px,star_b_peak_intensity,star_b_component_area_px,longitudinal_px,transverse_px,differential_jump_px,differential_baseline_deviation_px,differential_baseline_violation_frames,star_a_valid,star_b_valid,valid_pair,sample_accepted,differential_continuity_rejected,request_full_frame_relocalization,diagnostic
1787912208.983000,0,1,1,538,1474614.603033700,1,894,318,164,131,894,318,164,131,934.996,406.300,255.000,0,1014.870,359.978,255.000,0,79.8743,-46.3220,0.3728,0.0000,0,1,1,1,1,0,0,有效双星
1787912208.992000,0,1,2,539,1474614.613095400,1,894,318,164,131,894,318,164,131,935.119,406.654,255.000,0,1015.075,359.996,255.000,0,79.9562,-46.6582,0.3461,0.0000,0,1,1,1,1,0,0,有效双星
1787912209.002000,0,1,3,540,1474614.623032700,1,894,318,164,131,894,318,164,131,935.994,406.769,255.000,0,1015.880,360.026,255.000,0,79.8857,-46.7428,0.1101,0.0000,0,1,1,1,1,0,0,有效双星
1787912209.012000,0,1,4,541,1474614.633046200,1,894,318,164,131,894,318,164,131,936.899,407.130,255.000,0,1016.284,360.087,255.000,0,79.3856,-47.0426,0.5831,0.6307,0,1,1,1,1,0,0,有效双星
1787912209.022000,0,1,5,542,1474614.643038200,1,894,318,164,131,894,318,164,131,936.956,407.519,255.000,0,1016.397,360.986,255.000,0,79.4409,-46.5335,0.5122,0.4610,0,1,1,1,1,0,0,有效双星
1787912209.033000,0,1,6,543,1474614.653051500,1,894,318,164,131,894,318,164,131,936.862,407.548,255.000,0,1016.184,360.979,255.000,0,79.3219,-46.5692,0.1243,0.5596,0,1,1,1,1,0,0,有效双星
1787912209.042000,0,1,7,544,1474614.663221100,1,894,318,164,131,894,318,164,131,935.933,406.967,255.000,0,1015.377,360.066,255.000,0,79.4438,-46.9013,0.3537,0.3583,0,1,1,1,1,0,0,有效双星
1787912209.052000,0,1,8,545,1474614.673025200,1,894,318,164,131,894,318,164,131,934.991,406.503,255.000,0,1014.929,359.987,255.000,0,79.9383,-46.5157,0.6270,0.5146,0,1,1,1,1,0,0,有效双星
1787912209.062000,0,1,9,546,1474614.683035300,1,894,318,164,131,894,318,164,131,934.985,406.204,255.000,0,1014.839,359.954,255.000,0,79.8539,-46.2502,0.2786,0.4125,0,1,1,1,1,0,0,有效双星
1787912209.073000,0,1,10,547,1474614.693045000,1,894,318,164,131,894,318,164,131,935.176,406.387,255.000,0,1015.195,359.989,255.000,0,80.0185,-46.3973,0.2207,0.2380,0,1,1,1,1,0,0,有效双星
1787912209.082000,0,1,11,548,1474614.703032100,1,894,318,164,131,894,318,164,131,936.826,407.107,255.000,0,1016.094,360.073,255.000,0,79.2676,-47.0343,0.9847,0.7675,0,1,1,1,1,0,0,有效双星
1787912209.093000,0,1,12,549,1474614.713151800,1,894,318,164,131,894,318,164,131,936.960,407.557,255.000,0,1016.404,360.995,255.000,0,79.4450,-46.5619,0.5046,0.4090,0,1,1,1,1,0,0,有效双星
1787912209.102000,0,1,13,550,1474614.723031600,1,894,318,164,131,894,318,164,131,936.925,407.615,255.000,0,1016.320,360.999,255.000,0,79.3942,-46.6161,0.0742,0.2602,0,1,1,1,1,0,0,有效双星
1787912209.112000,0,1,14,551,1474614.733033000,1,894,318,164,131,894,318,164,131,936.077,407.254,255.000,0,1015.912,360.086,255.000,0,79.8355,-47.1675,0.7062,0.7145,0,1,1,1,1,0,0,有效双星
1787912209.122000,0,1,15,552,1474614.743036900,1,894,318,164,131,894,318,164,131,935.107,406.772,255.000,0,1015.099,360.029,255.000,0,79.9923,-46.7434,0.4522,0.3830,0,1,1,1,1,0,0,有效双星
1787912209.132000,0,1,16,553,1474614.753052700,1,894,318,164,131,894,318,164,131,935.079,406.783,255.000,0,1014.909,360.000,255.000,0,79.8300,-46.7825,0.1670,0.1665,0,1,1,1,1,0,0,有效双星
1787912209.142000,0,1,17,554,1474614.763038500,1,894,318,164,131,894,318,164,131,935.086,406.614,255.000,0,1015.108,360.007,255.000,0,80.0217,-46.6064,0.2604,0.1915,0,1,1,1,1,0,0,有效双星
1787912209.154000,0,1,18,555,1474614.773088800,1,894,318,164,131,894,318,164,131,935.946,406.797,255.000,0,1015.441,360.048,255.000,0,79.4951,-46.7488,0.5456,0.3653,0,1,1,1,1,0,0,有效双星
1787912209.163000,0,1,19,556,1474614.783031200,1,894,318,164,131,894,318,164,131,936.159,407.014,255.000,0,1016.125,360.058,255.000,0,79.9666,-46.9563,0.5151,0.3460,0,1,1,1,1,0,0,有效双星
1787912209.172000,0,1,20,557,1474614.793033400,1,894,318,164,131,894,318,164,131,936.818,406.891,255.000,0,1016.234,360.067,255.000,0,79.4163,-46.8239,0.5660,0.4539,0,1,1,1,1,0,0,有效双星
1787912209.182000,0,1,21,558,1474614.803050900,1,894,318,164,131,894,318,164,131,936.859,407.111,255.000,0,1016.164,360.071,255.000,0,79.3048,-47.0397,0.2429,0.6275,0,1,1,1,1,0,0,有效双星
1787912209.192000,0,1,22,559,1474614.813032000,1,894,318,164,131,894,318,164,131,936.068,407.119,255.000,0,1015.953,360.079,255.000,0,79.8854,-47.0396,0.5806,0.3709,0,1,1,1,1,0,0,有效双星
1787912209.203000,0,1,23,560,1474614.823045300,1,894,318,164,131,894,318,164,131,935.952,407.154,255.000,0,1015.324,360.078,255.000,0,79.3728,-47.0758,0.5138,0.4389,0,1,1,1,1,0,0,有效双星
1787912209.215000,0,1,24,561,1474614.833056000,1,894,318,164,131,894,318,164,131,935.153,406.920,255.000,0,1015.115,360.036,255.000,0,79.9620,-46.8841,0.6196,0.5060,0,1,1,1,1,0,0,有效双星
1787912209.222000,0,1,25,562,1474614.843035700,1,894,318,164,131,894,318,164,131,935.083,406.655,255.000,0,1015.036,360.000,255.000,0,79.9534,-46.6547,0.2296,0.3113,0,1,1,1,1,0,0,有效双星
1787912209.232000,0,1,26,563,1474614.853031200,1,894,318,164,131,894,318,164,131,935.828,406.516,255.000,0,1015.230,359.994,255.000,0,79.4021,-46.5221,0.5670,0.4947,0,1,1,1,1,0,0,有效双星
1787912209.243000,0,1,27,564,1474614.863137200,1,894,318,164,131,894,318,164,131,936.032,406.725,255.000,0,1015.980,360.025,255.000,0,79.9478,-46.6997,0.5739,0.1326,0,1,1,1,1,0,0,有效双星
1787912209.252000,0,1,28,565,1474614.873036600,1,894,318,164,131,894,318,164,131,936.933,407.175,255.000,0,1016.323,360.091,255.000,0,79.3902,-47.0832,0.6767,0.5658,0,1,1,1,1,0,0,有效双星
1787912209.262000,0,1,29,566,1474614.883025000,1,894,318,164,131,894,318,164,131,936.912,407.508,255.000,0,1016.330,360.986,255.000,0,79.4183,-46.5226,0.5613,0.4804,0,1,1,1,1,0,0,有效双星
1787912209.273000,0,1,30,567,1474614.893030200,1,894,318,164,131,894,318,164,131,936.154,407.643,255.000,0,1016.023,360.972,255.000,0,79.8697,-46.6709,0.4750,0.2278,0,1,1,1,1,0,0,有效双星
1787912209.282000,0,1,31,568,1474614.903033900,1,894,318,164,131,894,318,164,131,935.849,407.037,255.000,0,1015.210,360.074,255.000,0,79.3610,-46.9629,0.5865,0.3603,0,1,1,1,1,0,0,有效双星
1787912209.293000,0,1,32,569,1474614.913042200,1,894,318,164,131,894,318,164,131,935.059,406.880,255.000,0,1014.887,360.023,255.000,0,79.8281,-46.8570,0.4789,0.1891,0,1,1,1,1,0,0,有效双星
1787912209.302000,0,1,33,570,1474614.923028100,1,894,318,164,131,894,318,164,131,935.002,406.575,255.000,0,1014.907,359.993,255.000,0,79.9044,-46.5828,0.2846,0.2330,0,1,1,1,1,0,0,有效双星
1787912209.312000,0,1,34,571,1474614.933030100,1,894,318,164,131,894,318,164,131,935.859,406.591,255.000,0,1015.258,360.002,255.000,0,79.3995,-46.5898,0.5049,0.4829,0,1,1,1,1,0,0,有效双星
1787912209.322000,0,1,35,572,1474614.943037900,1,894,318,164,131,894,318,164,131,936.125,406.865,255.000,0,1016.081,360.028,255.000,0,79.9557,-46.8363,0.6084,0.1451,0,1,1,1,1,0,0,有效双星
1787912209.332000,0,1,36,573,1474614.953041300,1,894,318,164,131,894,318,164,131,936.931,407.024,255.000,0,1016.400,360.086,255.000,0,79.4695,-46.9376,0.4966,0.3838,0,1,1,1,1,0,0,有效双星
1787912209.343000,0,1,37,574,1474614.963052400,1,894,318,164,131,894,318,164,131,936.980,407.495,255.000,0,1016.389,360.968,255.000,0,79.4083,-46.5271,0.4151,0.3949,0,1,1,1,1,0,0,有效双星
1787912209.353000,0,1,38,575,1474614.973034000,1,894,318,164,131,894,318,164,131,936.117,407.182,255.000,0,1016.077,360.948,255.000,0,79.9609,-46.2340,0.6255,0.7645,0,1,1,1,1,0,0,有效双星
1787912209.362000,0,1,39,576,1474614.983042500,1,894,318,164,131,894,318,164,131,935.923,407.134,255.000,0,1015.228,360.065,255.000,0,79.3052,-47.0691,1.0618,0.4185,0,1,1,1,1,0,0,有效双星
1787912209.372000,0,1,40,577,1474614.993059300,1,894,318,164,131,894,318,164,131,935.027,406.784,255.000,0,1014.859,360.012,255.000,0,79.8319,-46.7718,0.6048,0.3923,0,1,1,1,1,0,0,有效双星
1787912209.383000,0,1,41,578,1474615.003041400,1,894,318,164,131,894,318,164,131,935.003,406.625,255.000,0,1014.855,359.991,255.000,0,79.8520,-46.6338,0.1394,0.2650,0,1,1,1,1,0,0,有效双星
1787912209.392000,0,1,42,579,1474615.013041800,1,894,318,164,131,894,318,164,131,935.903,406.872,255.000,0,1015.224,360.026,255.000,0,79.3210,-46.8460,0.5718,0.5208,0,1,1,1,1,0,0,有效双星
1787912209.402000,0,1,43,580,1474615.023051500,1,894,318,164,131,894,318,164,131,936.091,406.947,255.000,0,1016.102,360.068,255.000,0,80.0117,-46.8796,0.6915,0.3903,0,1,1,1,1,0,0,有效双星
1787912209.413000,0,1,44,581,1474615.033044900,1,894,318,164,131,894,318,164,131,937.000,407.277,255.000,0,1016.411,360.105,255.000,0,79.4109,-47.1726,0.6684,0.6054,0,1,1,1,1,0,0,有效双星
1787912209.423000,0,1,45,582,1474615.043029100,1,894,318,164,131,894,318,164,131,936.913,407.080,255.000,0,1016.350,360.090,255.000,0,79.4366,-46.9906,0.1838,0.3316,0,1,1,1,1,0,0,有效双星
1787912209.433000,0,1,46,583,1474615.053036000,1,894,318,164,131,894,318,164,131,936.045,406.910,255.000,0,1015.960,360.049,255.000,0,79.9149,-46.8614,0.4954,0.4654,0,1,1,1,1,0,0,有效双星
1787912209.443000,0,1,47,584,1474615.063026900,1,894,318,164,131,894,318,164,131,935.879,406.828,255.000,0,1015.173,360.015,255.000,0,79.2940,-46.8137,0.6228,0.3559,0,1,1,1,1,0,0,有效双星
1787912209.452000,0,1,48,585,1474615.073030300,1,894,318,164,131,894,318,164,131,935.064,406.713,255.000,0,1014.973,360.006,255.000,0,79.9084,-46.7060,0.6238,0.4750,0,1,1,1,1,0,0,有效双星
1787912209.464000,0,1,49,586,1474615.083031500,1,894,318,164,131,894,318,164,131,935.814,406.959,255.000,0,1015.090,360.043,255.000,0,79.2757,-46.9157,0.6666,0.3840,0,1,1,1,1,0,0,有效双星
1787912209.473000,0,1,50,587,1474615.093036900,1,894,318,164,131,894,318,164,131,935.990,407.158,255.000,0,1015.406,360.089,255.000,0,79.4161,-47.0691,0.2080,0.3257,0,1,1,1,1,0,0,有效双星
1787912242.754000,0,2,1,3912,1474648.372918400,2,908,300,164,132,908,300,164,132,948.908,387.103,255.000,0,1028.391,340.099,255.000,0,79.4830,-47.0042,0.0882,0.4819,0,1,1,1,1,0,0,有效双星
1787912242.763000,0,2,2,3913,1474648.382895100,2,908,300,164,132,908,300,164,132,948.797,389.601,255.000,0,1028.091,342.985,255.000,0,79.2935,-46.6158,0.4321,0.5335,0,1,1,1,1,0,0,有效双星
1787912242.772000,0,2,3,3914,1474648.392893900,2,908,300,164,132,908,300,164,132,948.121,391.740,255.000,0,1028.050,345.006,255.000,0,79.9287,-46.7338,0.6461,0.1306,0,1,1,1,1,0,0,有效双星
1787912242.782000,0,2,4,3915,1474648.402901100,2,908,300,164,132,908,300,164,132,948.101,392.783,255.000,0,1028.026,346.017,255.000,0,79.9248,-46.7662,0.0326,0.1123,0,1,1,1,1,0,0,有效双星
1787912242.792000,0,2,5,3916,1474648.412889300,2,908,300,164,132,908,300,164,132,948.073,392.772,255.000,0,1027.952,346.012,255.000,0,79.8784,-46.7606,0.0467,0.0505,0,1,1,1,1,0,0,有效双星
1787912242.802000,0,2,6,3917,1474648.422891800,2,908,300,164,132,908,300,164,132,948.024,391.983,255.000,0,1027.918,345.060,255.000,0,79.8943,-46.9229,0.1631,0.1669,0,1,1,1,1,0,0,有效双星
1787912242.812000,0,2,7,3918,1474648.432894600,2,908,300,164,132,908,300,164,132,947.990,391.546,255.000,0,1027.792,344.967,255.000,0,79.8015,-46.5791,0.3561,0.1959,0,1,1,1,1,0,0,有效双星
1787912242.823000,0,2,8,3919,1474648.442898600,2,908,300,164,132,908,300,164,132,947.067,391.650,255.000,0,1027.003,344.999,255.000,0,79.9359,-46.6508,0.1524,0.1553,0,1,1,1,1,0,0,有效双星
1787912242.833000,0,2,9,3920,1474648.452910500,2,908,300,164,132,908,300,164,132,945.966,393.062,255.000,0,1025.419,346.081,255.000,0,79.4530,-46.9802,0.5846,0.4481,0,1,1,1,1,0,0,有效双星
1787912242.842000,0,2,10,3921,1474648.462907200,2,908,300,164,132,908,300,164,132,944.809,395.514,255.000,0,1024.174,348.993,255.000,0,79.3652,-46.5212,0.4673,0.5653,0,1,1,1,1,0,0,有效双星
1787912242.853000,0,2,11,3922,1474648.472895400,2,908,300,164,132,908,300,164,132,943.887,397.963,255.000,0,1023.383,351.090,255.000,0,79.4958,-46.8734,0.3756,0.3509,0,1,1,1,1,0,0,有效双星
1787912242.863000,0,2,12,3923,1474648.482895200,2,908,300,164,132,908,300,164,132,944.130,400.226,255.000,0,1024.015,353.941,255.000,0,79.8851,-46.2858,0.7048,0.4809,0,1,1,1,1,0,0,有效双星
1787912242.873000,0,2,13,3924,1474648.492898200,2,908,300,164,132,908,300,164,132,946.042,401.129,255.000,0,1025.906,354.942,255.000,0,79.8645,-46.1869,0.1010,0.5613,0,1,1,1,1,0,0,有效双星
1787912242.882000,0,2,14,3925,1474648.502902800,2,908,300,164,132,908,300,164,132,949.793,401.614,255.000,0,1029.066,354.994,255.000,0,79.2730,-46.6199,0.7330,0.5879,0,1,1,1,1,0,0,有效双星
1787912242.892000,0,2,15,3926,1474648.512907400,2,908,300,164,132,908,300,164,132,953.124,402.016,255.000,0,1033.075,355.064,255.000,0,79.9510,-46.9519,0.7549,0.2408,0,1,1,1,1,0,0,有效双星
1787912242.905000,0,2,16,3927,1474648.523007900,2,908,300,164,132,908,300,164,132,956.985,403.261,255.000,0,1036.790,356.949,255.000,0,79.8044,-46.3114,0.6571,0.4379,0,1,1,1,1,0,0,有效双星
1787912242.912000,0,2,17,3928,1474648.532904300,2,908,300,164,132,908,300,164,132,959.027,405.331,255.000,0,1038.862,358.952,255.000,0,79.8352,-46.3795,0.0748,0.3678,0,1,1,1,1,0,0,有效双星
1787912242.922000,0,2,18,3929,1474648.543199800,2,908,300,164,132,908,300,164,132,958.886,407.704,255.000,0,1038.423,361.036,255.000,0,79.5376,-46.6678,0.4144,0.3047,0,1,1,1,1,0,0,有效双星
1787912242.933000,0,2,19,3930,1474648.552916800,2,908,300,164,132,908,300,164,132,957.060,410.314,255.000,0,1036.931,363.090,255.000,0,79.8711,-47.2243,0.6487,0.5260,0,1,1,1,1,0,0,有效双星
1787912242.942000,0,2,20,3931,1474648.562929900,2,908,300,164,132,908,300,164,132,955.108,411.948,255.000,0,1035.081,365.041,255.000,0,79.9730,-46.9069,0.3334,0.2567,0,1,1,1,1,0,0,有效双星
1787912242.953000,0,2,21,3932,1474648.572918400,2,908,300,164,132,908,300,164,132,954.998,412.290,255.000,0,1034.809,365.948,255.000,0,79.8112,-46.3414,0.5881,0.3615,0,1,1,1,1,0,0,有效双星
1787912242.967000,0,2,22,3933,1474648.582925100,2,908,300,164,132,908,300,164,132,956.075,411.601,255.000,0,1035.982,364.969,255.000,0,79.9068,-46.6329,0.3067,0.0628,0,1,1,1,1,0,0,有效双星
1787912242.973000,0,2,23,3934,1474648.592897000,2,908,300,164,132,908,300,164,132,958.040,409.565,255.000,0,1037.961,362.978,255.000,0,79.9214,-46.5870,0.0481,0.0900,0,1,1,1,1,0,0,有效双星
1787912242.982000,0,2,24,3935,1474648.602900600,2,908,300,164,132,908,300,164,132,959.892,407.631,255.000,0,1039.312,360.995,255.000,0,79.4196,-46.6360,0.5042,0.4482,0,1,1,1,1,0,0,有效双星
1787912242.992000,0,2,25,3936,1474648.612913800,2,908,300,164,132,908,300,164,132,959.985,407.263,255.000,0,1039.822,360.946,255.000,0,79.8366,-46.3179,0.5245,0.3169,0,1,1,1,1,0,0,有效双星
1787912243.003000,0,2,26,3937,1474648.622926600,2,908,300,164,132,908,300,164,132,958.881,409.341,255.000,0,1038.295,362.979,255.000,0,79.4140,-46.3627,0.4250,0.4976,0,1,1,1,1,0,0,有效双星
1787912243.013000,0,2,27,3938,1474648.632941000,2,908,300,164,132,908,300,164,132,956.124,413.305,255.000,0,1036.025,366.943,255.000,0,79.9014,-46.3622,0.4874,0.2537,0,1,1,1,1,0,0,有效双星
1787912243.022000,0,2,28,3939,1474648.642914500,2,908,300,164,132,908,300,164,132,953.876,417.084,255.000,0,1033.342,370.085,255.000,0,79.4665,-46.9989,0.7711,0.5412,0,1,1,1,1,0,0,有效双星
1787912243.033000,0,2,29,3940,1474648.652900100,2,908,300,164,132,908,300,164,132,951.885,419.902,255.000,0,1031.821,373.064,255.000,0,79.9363,-46.8383,0.4965,0.2607,0,1,1,1,1,0,0,有效双星
1787912243.042000,0,2,30,3941,1474648.662936900,2,908,300,164,132,908,300,164,132,951.825,421.101,255.000,0,1031.184,374.077,255.000,0,79.3590,-47.0243,0.6065,0.6361,0,1,1,1,1,0,0,有效双星
1787912243.052000,0,2,31,3942,1474648.672905300,2,908,300,164,132,908,300,164,132,952.122,420.329,255.000,0,1032.048,373.955,255.000,0,79.9266,-46.3740,0.8632,0.2682,0,1,1,1,1,0,0,有效双星
1787912243.062000,0,2,32,3943,1474648.682894800,2,908,300,164,132,908,300,164,132,953.791,418.596,255.000,0,1033.193,372.000,255.000,0,79.4027,-46.5960,0.5690,0.4478,0,1,1,1,1,0,0,有效双星
1787912243.072000,0,2,33,3944,1474648.692907200,2,908,300,164,132,908,300,164,132,954.753,417.434,255.000,0,1034.042,370.088,255.000,0,79.2896,-47.3453,0.7578,0.9177,0,1,1,1,1,0,0,有效双星
1787912243.083000,0,2,34,3945,1474648.702919500,2,908,300,164,132,908,300,164,132,954.827,416.771,255.000,0,1034.294,370.039,255.000,0,79.4666,-46.7319,0.6385,0.3719,0,1,1,1,1,0,0,有效双星
1787912243.092000,0,2,35,3946,1474648.712905300,2,908,300,164,132,908,300,164,132,955.075,417.808,255.000,0,1035.003,371.012,255.000,0,79.9285,-46.7965,0.4665,0.1932,0,1,1,1,1,0,0,有效双星
1787912243.103000,0,2,36,3947,1474648.722902300,2,908,300,164,132,908,300,164,132,955.947,419.562,255.000,0,1035.847,372.995,255.000,0,79.9007,-46.5668,0.2313,0.1029,0,1,1,1,1,0,0,有效双星
1787912243.113000,0,2,37,3948,1474648.732905200,2,908,300,164,132,908,300,164,132,956.944,421.670,255.000,0,1036.827,375.033,255.000,0,79.8837,-46.6379,0.0731,0.0479,0,1,1,1,1,0,0,有效双星
1787912243.122000,0,2,38,3949,1474648.742891200,2,908,300,164,132,908,300,164,132,958.165,423.708,255.000,0,1037.857,377.057,255.000,0,79.6913,-46.6515,0.1929,0.1632,0,1,1,1,1,0,0,有效双星
1787912243.133000,0,2,39,3950,1474648.752891400,2,908,300,164,132,908,300,164,132,959.073,424.845,255.000,0,1038.297,379.025,255.000,0,79.2237,-45.8194,0.9545,1.0322,0,1,1,1,1,0,0,有效双星
1787912243.142000,0,2,40,3951,1474648.762901100,2,908,300,164,132,908,300,164,132,959.186,425.592,255.000,0,1038.163,380.010,255.000,0,78.9761,-45.5824,0.3428,1.3512,0,1,1,1,1,0,0,有效双星
1787912243.153000,0,2,41,3952,1474648.772907300,2,908,300,164,132,908,300,164,132,957.449,425.332,255.000,0,1037.031,379.949,255.000,0,79.5819,-45.3830,0.6378,1.2430,0,1,1,1,1,0,0,有效双星
1787912243.163000,0,2,42,3953,1474648.782906600,2,908,300,164,132,908,300,164,132,956.056,424.549,255.000,0,1035.303,378.113,255.000,0,79.2466,-46.4357,1.1047,0.4290,0,1,1,1,1,0,0,有效双星
1787912243.173000,0,2,43,3954,1474648.792892500,2,908,300,164,132,908,300,164,132,954.999,424.291,255.000,0,1034.254,378.054,255.000,0,79.2545,-46.2373,0.1985,0.4452,0,1,1,1,1,0,0,有效双星
1787912243.183000,0,2,44,3955,1474648.802902700,2,908,300,164,132,908,300,164,132,955.226,424.828,255.000,0,1034.850,378.987,255.000,0,79.6244,-45.8412,0.5419,0.7569,0,1,1,1,1,0,0,有效双星
1787912243.192000,0,2,45,3956,1474648.812895400,2,908,300,164,132,908,300,164,132,957.375,425.399,255.000,0,1036.955,379.983,255.000,0,79.5802,-45.4156,0.4278,1.0870,0,1,1,1,1,0,0,有效双星
1787912243.202000,0,2,46,3957,1474648.822893800,2,908,300,164,132,908,300,164,132,960.334,425.675,255.000,0,1039.884,380.055,255.000,0,79.5501,-45.6192,0.2058,0.8824,0,1,1,1,1,0,0,有效双星
1787912243.217000,0,2,47,3958,1474648.832906600,2,908,300,164,132,908,300,164,132,962.438,425.135,255.000,0,1042.122,379.068,255.000,0,79.6844,-46.0669,0.4674,0.4504,0,1,1,1,1,0,0,有效双星
1787912243.222000,0,2,48,3959,1474648.842907300,2,908,300,164,132,908,300,164,132,963.161,423.295,255.000,0,1043.038,377.006,255.000,0,79.8766,-46.2883,0.2932,0.3773,0,1,1,1,1,0,0,有效双星
1787912243.233000,0,2,49,3960,1474648.852905100,2,908,300,164,132,908,300,164,132,962.854,421.075,255.000,0,1042.210,374.082,255.000,0,79.3560,-46.9928,0.8760,0.6296,0,1,1,1,1,0,0,有效双星
1787912243.242000,0,2,50,3961,1474648.862898600,2,908,300,164,132,908,300,164,132,960.995,420.055,255.000,0,1040.859,373.071,255.000,0,79.8640,-46.9842,0.5081,0.6519,0,1,1,1,1,0,0,有效双星
1787912243.753000,0,3,1,4009,1474649.372730600,3,916,336,164,131,916,336,164,131,952.100,432.618,255.000,0,1032.107,386.007,255.000,0,80.0071,-46.6116,1.2606,1.2304,0,1,1,1,1,0,0,有效双星
1787912243.763000,0,3,2,4010,1474649.382703000,3,916,336,164,131,916,336,164,131,954.904,431.072,255.000,0,1034.370,384.104,255.000,0,79.4666,-46.9682,0.6475,1.3468,0,1,1,1,1,0,0,有效双星
1787912243.773000,0,3,3,4011,1474649.392702800,3,916,336,164,131,916,336,164,131,957.066,428.606,255.000,0,1036.993,381.998,255.000,0,79.9274,-46.6078,0.5850,1.1802,0,1,1,1,1,0,0,有效双星
1787912243.783000,0,3,4,4012,1474649.402710400,3,916,336,164,131,916,336,164,131,958.089,425.281,255.000,0,1037.991,378.959,255.000,0,79.9024,-46.3228,0.2861,0.9426,0,1,1,1,1,0,0,有效双星
1787912243.792000,0,3,5,4013,1474649.412706800,3,916,336,164,131,916,336,164,131,957.862,423.091,255.000,0,1037.293,376.093,255.000,0,79.4306,-46.9986,0.8242,1.1480,0,1,1,1,1,0,0,有效双星
1787912243.802000,0,3,6,4014,1474649.423242300,3,916,336,164,131,916,336,164,131,956.797,423.645,255.000,0,1036.182,377.012,255.000,0,79.3848,-46.6323,0.3691,0.4516,0,1,1,1,1,0,0,有效双星
1787912243.812000,0,3,7,4015,1474649.432703600,3,916,336,164,131,916,336,164,131,955.807,426.603,255.000,0,1035.255,380.018,255.000,0,79.4483,-46.5850,0.0792,0.2511,0,1,1,1,1,0,0,有效双星
1787912243.823000,0,3,8,4016,1474649.442715400,3,916,336,164,131,916,336,164,131,954.968,430.593,255.000,0,1034.868,384.009,255.000,0,79.9004,-46.5839,0.4521,0.5069,0,1,1,1,1,0,0,有效双星
1787912243.833000,0,3,9,4017,1474649.452713500,3,916,336,164,131,916,336,164,131,954.145,433.085,255.000,0,1034.146,386.089,255.000,0,80.0012,-46.9964,0.4246,0.7406,0,1,1,1,1,0,0,有效双星
1787912243.843000,0,3,10,4018,1474649.462869100,3,916,336,164,131,916,336,164,131,953.960,433.032,255.000,0,1033.834,386.082,255.000,0,79.8734,-46.9496,0.1361,0.5673,0,1,1,1,1,0,0,有效双星
1787912243.853000,0,3,11,4019,1474649.472704400,3,916,336,164,131,916,336,164,131,954.027,431.070,255.000,0,1033.900,384.077,255.000,0,79.8732,-46.9933,0.0438,0.5963,0,1,1,1,1,0,0,有效双星
1787912243.862000,0,3,12,4020,1474649.482709000,3,916,336,164,131,916,336,164,131,954.973,428.218,255.000,0,1034.818,381.961,255.000,0,79.8447,-46.2570,0.7369,0.5073,0,1,1,1,1,0,0,有效双星
1787912243.872000,0,3,13,4021,1474649.492716700,3,916,336,164,131,916,336,164,131,956.094,426.007,255.000,0,1036.053,379.066,255.000,0,79.9590,-46.9405,0.6930,0.4823,0,1,1,1,1,0,0,有效双星
1787912243.883000,0,3,14,4022,1474649.502725700,3,916,336,164,131,916,336,164,131,957.078,424.823,255.000,0,1037.030,378.028,255.000,0,79.9524,-46.7949,0.1457,0.2459,0,1,1,1,1,0,0,有效双星
1787912243.893000,0,3,15,4023,1474649.512730000,3,916,336,164,131,916,336,164,131,957.089,425.011,255.000,0,1037.089,378.071,255.000,0,80.0002,-46.9400,0.1528,0.3718,0,1,1,1,1,0,0,有效双星
1787912243.904000,0,3,16,4024,1474649.523830700,3,916,336,164,131,916,336,164,131,956.842,426.754,255.000,0,1036.265,380.039,255.000,0,79.4231,-46.7152,0.6194,0.4468,0,1,1,1,1,0,0,有效双星
1787912243.913000,0,3,17,4025,1474649.532754300,3,916,336,164,131,916,336,164,131,955.900,429.266,255.000,0,1035.281,382.976,255.000,0,79.3801,-46.2907,0.4266,0.5853,0,1,1,1,1,0,0,有效双星
1787912243.923000,0,3,18,4026,1474649.542717800,3,916,336,164,131,916,336,164,131,954.911,431.551,255.000,0,1034.400,385.015,255.000,0,79.4889,-46.5358,0.2682,0.3812,0,1,1,1,1,0,0,有效双星
1787912243.933000,0,3,19,4027,1474649.552718600,3,916,336,164,131,916,336,164,131,954.105,432.297,255.000,0,1034.057,385.977,255.000,0,79.9518,-46.3206,0.5105,0.3154,0,1,1,1,1,0,0,有效双星
1787912243.942000,0,3,20,4028,1474649.562732400,3,916,336,164,131,916,336,164,131,954.068,431.348,255.000,0,1033.930,384.972,255.000,0,79.8622,-46.3761,0.1054,0.2461,0,1,1,1,1,0,0,有效双星
1787912243.953000,0,3,21,4029,1474649.572726600,3,916,336,164,131,916,336,164,131,954.157,428.942,255.000,0,1034.220,382.068,255.000,0,80.0627,-46.8735,0.5363,0.3148,0,1,1,1,1,0,0,有效双星
1787912243.967000,0,3,22,4030,1474649.582725200,3,916,336,164,131,916,336,164,131,955.180,426.729,255.000,0,1035.207,380.015,255.000,0,80.0267,-46.7145,0.1630,0.1586,0,1,1,1,1,0,0,有效双星
1787912243.973000,0,3,23,4031,1474649.592704500,3,916,336,164,131,916,336,164,131,956.902,425.506,255.000,0,1036.353,378.989,255.000,0,79.4509,-46.5171,0.6087,0.4632,0,1,1,1,1,0,0,有效双星
1787912243.983000,0,3,24,4032,1474649.602707400,3,916,336,164,131,916,336,164,131,957.804,425.654,255.000,0,1037.271,379.035,255.000,0,79.4673,-46.6187,0.1029,0.4097,0,1,1,1,1,0,0,有效双星
1787912243.992000,0,3,25,4033,1474649.612725800,3,916,336,164,131,916,336,164,131,957.863,427.243,255.000,0,1037.170,380.097,255.000,0,79.3073,-47.1466,0.5516,0.7335,0,1,1,1,1,0,0,有效双星
1787912244.003000,0,3,26,4034,1474649.622734800,3,916,336,164,131,916,336,164,131,956.105,428.920,255.000,0,1036.087,382.057,255.000,0,79.9823,-46.8631,0.7321,0.2216,0,1,1,1,1,0,0,有效双星
1787912244.013000,0,3,27,4035,1474649.632723600,3,916,336,164,131,916,336,164,131,954.879,430.222,255.000,0,1034.369,383.992,255.000,0,79.4900,-46.2300,0.8019,0.6181,0,1,1,1,1,0,0,有效双星
1787912244.022000,0,3,28,4036,1474649.642720200,3,916,336,164,131,916,336,164,131,954.040,431.618,255.000,0,1033.771,384.959,255.000,0,79.7308,-46.6589,0.4919,0.1531,0,1,1,1,1,0,0,有效双星
1787912244.032000,0,3,29,4037,1474649.652715100,3,916,336,164,131,916,336,164,131,953.863,430.719,255.000,0,1033.869,384.072,255.000,0,80.0053,-46.6472,0.2747,0.1533,0,1,1,1,1,0,0,有效双星
1787912244.042000,0,3,30,4038,1474649.662740800,3,916,336,164,131,916,336,164,131,954.867,429.779,255.000,0,1034.326,383.049,255.000,0,79.4597,-46.7298,0.5518,0.4103,0,1,1,1,1,0,0,有效双星
1787912244.053000,0,3,31,4039,1474649.672736300,3,916,336,164,131,916,336,164,131,955.974,428.165,255.000,0,1035.306,381.073,255.000,0,79.3316,-47.0927,0.3848,0.6612,0,1,1,1,1,0,0,有效双星
1787912244.062000,0,3,32,4040,1474649.682730800,3,916,336,164,131,916,336,164,131,956.064,425.964,255.000,0,1036.247,379.110,255.000,0,80.1831,-46.8537,0.8843,0.4292,0,1,1,1,1,0,0,有效双星
1787912244.073000,0,3,33,4041,1474649.692713100,3,916,336,164,131,916,336,164,131,957.823,426.103,255.000,0,1036.973,379.043,255.000,0,79.1504,-47.0593,1.0529,0.7322,0,1,1,1,1,0,0,有效双星
1787912244.083000,0,3,34,4042,1474649.702702400,3,916,336,164,131,916,336,164,131,957.026,426.779,255.000,0,1037.058,380.051,255.000,0,80.0320,-46.7278,0.9418,0.4218,0,1,1,1,1,0,0,有效双星
1787912244.093000,0,3,35,4043,1474649.712714500,3,916,336,164,131,916,336,164,131,956.882,428.751,255.000,0,1036.341,382.041,255.000,0,79.4593,-46.7102,0.5729,0.1512,0,1,1,1,1,0,0,有效双星
1787912244.102000,0,3,36,4044,1474649.722716300,3,916,336,164,131,916,336,164,131,955.973,430.600,255.000,0,1035.263,383.959,255.000,0,79.2897,-46.6419,0.1829,0.2119,0,1,1,1,1,0,0,有效双星
1787912244.112000,0,3,37,4045,1474649.732726900,3,916,336,164,131,916,336,164,131,953.938,430.219,255.000,0,1034.044,384.026,255.000,0,80.1059,-46.1933,0.9314,0.7883,0,1,1,1,1,0,0,有效双星
1787912244.123000,0,3,38,4046,1474649.742720700,3,916,336,164,131,916,336,164,131,953.907,430.286,255.000,0,1033.229,383.100,255.000,0,79.3218,-47.1869,1.2657,0.5794,0,1,1,1,1,0,0,有效双星
1787912244.133000,0,3,39,4047,1474649.752726200,3,916,336,164,131,916,336,164,131,954.027,429.149,255.000,0,1033.945,382.946,255.000,0,79.9182,-46.2030,1.1506,0.5952,0,1,1,1,1,0,0,有效双星
1787912244.142000,0,3,40,4048,1474649.762720600,3,916,336,164,131,916,336,164,131,955.837,428.197,255.000,0,1035.327,381.990,255.000,0,79.4896,-46.2067,0.4286,0.5199,0,1,1,1,1,0,0,有效双星
1787912244.155000,0,3,41,4049,1474649.772734900,3,916,336,164,131,916,336,164,131,957.163,428.170,255.000,0,1037.006,381.060,255.000,0,79.8430,-47.1101,0.9700,0.5319,0,1,1,1,1,0,0,有效双星
1787912244.163000,0,3,42,4050,1474649.782721500,3,916,336,164,131,916,336,164,131,957.888,427.285,255.000,0,1037.294,380.980,255.000,0,79.4065,-46.3045,0.9162,0.4162,0,1,1,1,1,0,0,有效双星
1787912244.173000,0,3,43,4051,1474649.792710200,3,916,336,164,131,916,336,164,131,956.982,426.984,255.000,0,1036.889,380.071,255.000,0,79.9068,-46.9133,0.7880,0.4856,0,1,1,1,1,0,0,有效双星
1787912244.183000,0,3,44,4052,1474649.802721700,3,916,336,164,131,916,336,164,131,955.894,427.612,255.000,0,1035.316,381.001,255.000,0,79.4222,-46.6111,0.5711,0.1274,0,1,1,1,1,0,0,有效双星
1787912244.193000,0,3,45,4053,1474649.812723700,3,916,336,164,131,916,336,164,131,954.842,428.649,255.000,0,1034.347,382.040,255.000,0,79.5057,-46.6092,0.0835,0.1110,0,1,1,1,1,0,0,有效双星
1787912244.203000,0,3,46,4054,1474649.822715100,3,916,336,164,131,916,336,164,131,954.832,430.025,255.000,0,1034.219,383.083,255.000,0,79.3865,-46.9414,0.3530,0.2799,0,1,1,1,1,0,0,有效双星
1787912244.215000,0,3,47,4055,1474649.832701800,3,916,336,164,131,916,336,164,131,954.967,430.785,255.000,0,1034.408,384.033,255.000,0,79.4407,-46.7523,0.1967,0.0836,0,1,1,1,1,0,0,有效双星
1787912244.222000,0,3,48,4056,1474649.842709300,3,916,336,164,131,916,336,164,131,955.066,430.182,255.000,0,1035.077,383.972,255.000,0,80.0104,-46.2094,0.7869,0.7394,0,1,1,1,1,0,0,有效双星
1787912244.233000,0,3,49,4057,1474649.852709500,3,916,336,164,131,916,336,164,131,956.037,429.244,255.000,0,1035.836,382.084,255.000,0,79.7989,-47.1598,0.9737,0.5472,0,1,1,1,1,0,0,有效双星
1787912244.242000,0,3,50,4058,1474649.862702100,3,916,336,164,131,916,336,164,131,956.157,427.775,255.000,0,1036.200,381.031,255.000,0,80.0432,-46.7443,0.4820,0.5688,0,1,1,1,1,0,0,有效双星
1787912249.311000,0,4,1,4562,1474654.931613100,4,920,354,165,131,920,354,165,131,963.770,451.734,255.000,0,1043.228,405.047,255.000,0,79.4577,-46.6869,0.4902,0.0306,0,1,1,1,1,0,0,有效双星
1787912249.321000,0,4,2,4563,1474654.941532000,4,920,354,165,131,920,354,165,131,961.072,452.104,255.000,0,1040.983,405.068,255.000,0,79.9111,-47.0361,0.5723,0.5709,0,1,1,1,1,0,0,有效双星
1787912249.331000,0,4,3,4564,1474654.951505200,4,920,354,165,131,920,354,165,131,960.802,450.826,255.000,0,1040.263,404.055,255.000,0,79.4612,-46.7707,0.5224,0.0493,0,1,1,1,1,0,0,有效双星
1787912249.340000,0,4,4,4565,1474654.961512100,4,920,354,165,131,920,354,165,131,962.850,449.176,255.000,0,1042.239,402.095,255.000,0,79.3892,-47.0813,0.3188,0.3578,0,1,1,1,1,0,0,有效双星
1787912249.351000,0,4,5,4566,1474654.971674100,4,920,354,165,131,920,354,165,131,966.877,448.646,255.000,0,1046.320,402.011,255.000,0,79.4432,-46.6351,0.4494,0.1172,0,1,1,1,1,0,0,有效双星
1787912249.361000,0,4,6,4567,1474654.981515200,4,920,354,165,131,920,354,165,131,971.090,450.667,255.000,0,1051.133,404.021,255.000,0,80.0433,-46.6459,0.6003,0.6022,0,1,1,1,1,0,0,有效双星
1787912249.372000,0,4,7,4568,1474654.991516900,4,920,354,165,131,920,354,165,131,974.158,455.698,255.000,0,1054.187,409.028,255.000,0,80.0282,-46.6706,0.0289,0.5834,0,1,1,1,1,0,0,有效双星
1787912249.380000,0,4,8,4569,1474655.001543500,4,920,354,165,131,920,354,165,131,974.099,461.672,255.000,0,1054.086,415.033,255.000,0,79.9867,-46.6386,0.0524,0.5392,0,1,1,1,1,0,0,有效双星
1787912249.391000,0,4,9,4570,1474655.012005200,4,920,354,165,131,920,354,165,131,970.901,465.608,255.000,0,1050.362,419.035,255.000,0,79.4608,-46.5728,0.5300,0.1399,0,1,1,1,1,0,0,有效双星
1787912249.404000,0,4,10,4571,1474655.021598600,4,920,354,165,131,920,354,165,131,965.052,465.587,255.000,0,1044.919,418.998,255.000,0,79.8674,-46.5885,0.4069,0.3949,0,1,1,1,1,0,0,有效双星
1787912249.412000,0,4,11,4572,1474655.031576200,4,920,354,165,131,920,354,165,131,959.181,462.053,255.000,0,1039.195,415.077,255.000,0,80.0140,-46.9764,0.4147,0.6013,0,1,1,1,1,0,0,有效双星
1787912249.422000,0,4,12,4573,1474655.041511400,4,920,354,165,131,920,354,165,131,956.908,459.131,255.000,0,1036.361,412.094,255.000,0,79.4526,-47.0363,0.5646,0.4224,0,1,1,1,1,0,0,有效双星
1787912249.432000,0,4,13,4574,1474655.052084200,4,920,354,165,131,920,354,165,131,958.879,460.963,255.000,0,1038.280,414.065,255.000,0,79.4007,-46.8979,0.1478,0.3349,0,1,1,1,1,0,0,有效双星
1787912249.441000,0,4,14,4575,1474655.061538000,4,920,354,165,131,920,354,165,131,965.092,467.811,255.000,0,1045.080,421.060,255.000,0,79.9879,-46.7509,0.6053,0.4982,0,1,1,1,1,0,0,有效双星
1787912249.451000,0,4,15,4576,1474655.071538800,4,920,354,165,131,920,354,165,131,975.850,475.054,255.000,0,1055.233,428.101,255.000,0,79.3830,-46.9529,0.6378,0.3626,0,1,1,1,1,0,0,有效双星
1787912249.461000,0,4,16,4577,1474655.081530300,4,920,354,165,131,920,354,165,131,985.984,476.338,255.000,0,1065.382,430.032,255.000,0,79.3972,-46.3056,0.6474,0.5181,0,1,1,1,1,0,0,有效双星
1787912249.472000,0,4,17,4578,1474655.091631000,4,920,354,165,131,920,354,165,131,993.915,469.921,255.000,0,1073.400,423.076,255.000,0,79.4849,-46.8449,0.5464,0.1925,0,1,1,1,1,0,0,有效双星
1787912249.482000,0,4,18,4579,1474655.101560500,4,920,354,165,131,920,354,165,131,999.946,458.923,255.000,0,1077.401,412.222,255.000,0,77.4553,-46.7003,2.0348,2.2041,0,1,1,1,1,0,0,有效双星
1787912249.492000,0,4,19,4580,1474655.111540800,4,920,354,165,131,920,354,165,131,1004.875,448.944,255.000,0,1078.575,402.458,255.000,0,73.6999,-46.4864,3.7614,5.7780,0,1,1,1,1,0,0,有效双星
1787912249.502000,0,4,20,4581,1474655.121553600,4,920,354,165,131,920,354,165,131,1008.076,442.215,255.000,0,1077.391,397.732,255.000,0,69.3148,-44.4827,4.8212,10.3843,1,1,1,1,1,0,0,有效双星（差分基线偏离 10.384 px，连续 1/5 帧）
1787912249.510000,0,4,21,4582,1474655.131534400,4,920,354,165,131,920,354,165,131,1009.923,438.965,255.000,0,1076.688,394.265,255.000,0,66.7646,-44.6995,2.5594,12.8520,2,1,1,1,1,0,0,有效双星（差分基线偏离 12.852 px，连续 2/5 帧）
1787912249.521000,0,4,22,4583,1474655.141546700,4,920,354,165,131,920,354,165,131,1011.169,439.820,255.000,0,1076.492,395.267,255.000,0,65.3230,-44.5523,1.4491,14.2992,3,1,1,1,1,0,0,有效双星（差分基线偏离 14.299 px，连续 3/5 帧）
1787912249.530000,0,4,23,4584,1474655.151514900,4,920,354,165,131,920,354,165,131,1013.991,443.076,255.000,0,1076.778,399.137,255.000,0,62.7873,-43.9392,2.6088,16.8997,4,1,1,1,1,0,0,有效双星（差分基线偏离 16.900 px，连续 4/5 帧）
1787912249.541000,0,4,24,4585,1474655.161510200,4,920,354,165,131,920,354,165,131,1015.987,446.606,255.000,0,1077.428,402.983,182.000,0,0.0000,0.0000,1.3834,18.2802,5,1,1,0,0,1,0,双星差分偏离短窗口基线 18.280 px，连续 5/5 帧，已拒绝该样本
1787912249.551000,0,4,25,4586,1474655.171515600,4,920,354,165,131,920,354,165,131,1015.942,448.897,255.000,0,1077.401,405.195,184.000,0,0.0000,0.0000,1.3486,18.2482,6,1,1,0,0,1,0,双星差分偏离短窗口基线 18.248 px，连续 6/5 帧，已拒绝该样本
1787912249.562000,0,4,26,4587,1474655.181516200,4,920,354,165,131,920,354,165,131,1012.154,451.147,255.000,0,1076.437,407.049,255.000,0,0.0000,0.0000,1.5044,15.3980,7,1,1,0,0,1,0,双星差分偏离短窗口基线 15.398 px，连续 7/5 帧，已拒绝该样本
1787912249.573000,0,4,27,4588,1474655.191579000,4,920,354,165,131,920,354,165,131,1006.838,455.846,255.000,0,1077.953,410.389,255.000,0,71.1142,-45.4565,8.4640,8.4380,0,1,1,1,1,0,0,有效双星
1787912249.580000,0,4,28,4589,1474655.201522300,4,920,354,165,131,920,354,165,131,999.111,464.299,255.000,0,1077.261,418.131,255.000,0,78.1494,-46.1680,7.0711,1.4113,0,1,1,1,1,0,0,有效双星
1787912249.591000,0,4,29,4590,1474655.211525900,4,920,354,165,131,920,354,165,131,992.117,475.027,255.000,0,1071.996,428.080,255.000,0,79.8794,-46.9472,1.8973,0.4972,0,1,1,1,1,0,0,有效双星
1787912249.601000,0,4,30,4591,1474655.221515700,4,920,354,165,131,920,354,165,131,987.428,480.514,255.000,0,1065.831,437.051,255.000,0,78.4029,-43.4632,3.7840,3.3902,0,1,1,1,1,0,0,有效双星
1787912249.611000,0,4,31,4592,1474655.231526000,4,920,354,165,131,920,354,165,131,0.000,0.000,0.000,0,0.000,0.000,0.000,0,0.0000,0.0000,0.0000,0.0000,0,0,0,0,0,0,0,AOI 内双星候选未达到最小间距
1787912249.620000,0,4,32,4593,1474655.241512200,4,920,354,165,131,920,354,165,131,982.640,481.230,246.000,0,1060.218,439.075,255.000,0,77.5779,-42.1543,1.5472,4.8767,0,1,1,1,1,0,0,有效双星
1787912249.631000,0,4,33,4594,1474655.251507100,4,920,354,165,131,920,354,165,131,987.139,478.618,255.000,0,1066.258,433.068,255.000,0,79.1198,-45.5495,3.7289,1.1410,0,1,1,1,1,0,0,有效双星
1787912249.640000,0,4,34,4595,1474655.261507500,4,920,354,165,131,920,354,165,131,994.926,470.313,255.000,0,1074.320,423.980,255.000,0,79.3946,-46.3336,0.8309,0.3103,0,1,1,1,1,0,0,有效双星
1787912249.651000,0,4,35,4596,1474655.271536700,4,920,354,165,131,920,354,165,131,1001.961,461.829,255.000,0,1078.085,415.280,255.000,0,76.1242,-46.5496,3.2775,3.2754,0,1,1,1,1,0,0,有效双星
1787912249.661000,0,4,36,4597,1474655.282037400,4,920,354,165,131,920,354,165,131,1005.810,457.840,255.000,0,1078.082,412.366,255.000,0,72.2721,-45.4746,3.9994,7.2092,0,1,1,1,1,0,0,有效双星
1787912249.670000,0,4,37,4598,1474655.291539400,4,920,354,165,131,920,354,165,131,1004.152,459.935,255.000,0,1078.592,413.402,255.000,0,74.4397,-46.5330,2.4122,4.9491,0,1,1,1,1,0,0,有效双星
1787912249.681000,0,4,38,4599,1474655.301507500,4,920,354,165,131,920,354,165,131,999.094,466.154,255.000,0,1077.266,420.119,255.000,0,78.1723,-46.0357,3.7655,1.1917,0,1,1,1,1,0,0,有效双星
1787912249.691000,0,4,39,4600,1474655.311508200,4,920,354,165,131,920,354,165,131,992.947,474.152,255.000,0,1072.832,427.972,255.000,0,79.8849,-46.1802,1.7187,1.1709,0,1,1,1,1,0,0,有效双星
1787912249.700000,0,4,40,4601,1474655.321515300,4,920,354,165,131,920,354,165,131,988.418,479.242,255.000,0,1067.390,434.047,255.000,0,78.9725,-45.1946,1.3431,1.2335,0,1,1,1,1,0,0,有效双星
1787912249.711000,0,4,41,4602,1474655.331571400,4,920,354,165,131,920,354,165,131,986.615,480.396,255.000,0,1065.262,437.013,255.000,0,78.6475,-43.3831,1.8405,2.9368,0,1,1,1,1,0,0,有效双星
1787912249.721000,0,4,42,4603,1474655.341515300,4,920,354,165,131,920,354,165,131,988.640,479.804,255.000,0,1067.822,435.059,255.000,0,79.1819,-44.7454,1.4634,1.6352,0,1,1,1,1,0,0,有效双星
1787912249.731000,0,4,43,4604,1474655.351516600,4,920,354,165,131,920,354,165,131,992.927,476.248,255.000,0,1072.323,430.028,255.000,0,79.3964,-46.2200,1.4900,0.8724,0,1,1,1,1,0,0,有效双星
1787912249.741000,0,4,44,4605,1474655.361521400,4,920,354,165,131,920,354,165,131,997.944,469.280,255.000,0,1076.521,423.077,255.000,0,78.5776,-46.2038,0.8189,0.0603,0,1,1,1,1,0,0,有效双星
1787912249.750000,0,4,45,4606,1474655.371537900,4,920,354,165,131,920,354,165,131,1001.043,463.261,255.000,0,1077.950,417.177,255.000,0,76.9072,-46.0838,1.6747,1.5856,0,1,1,1,1,0,0,有效双星
1787912249.761000,0,4,46,4607,1474655.381543800,4,920,354,165,131,920,354,165,131,1001.125,460.795,255.000,0,1078.039,414.287,255.000,0,76.9136,-46.5079,0.4241,1.4261,0,1,1,1,1,0,0,有效双星
1787912249.771000,0,4,47,4608,1474655.391541200,4,920,354,165,131,920,354,165,131,999.873,463.548,255.000,0,1077.337,417.151,255.000,0,77.4634,-46.3977,0.5607,0.8679,0,1,1,1,1,0,0,有效双星
1787912249.781000,0,4,48,4609,1474655.401527700,4,920,354,165,131,920,354,165,131,995.904,469.218,255.000,0,1075.235,423.027,255.000,0,79.3303,-46.1916,1.8783,1.0448,0,1,1,1,1,0,0,有效双星
1787912249.790000,0,4,49,4610,1474655.411517600,4,920,354,165,131,920,354,165,131,992.901,476.025,255.000,0,1072.133,429.968,255.000,0,79.2322,-46.0574,0.1663,0.7511,0,1,1,1,1,0,0,有效双星
1787912249.800000,0,4,50,4611,1474655.421515300,4,920,354,165,131,920,354,165,131,990.539,479.367,255.000,0,1069.980,434.089,255.000,0,79.4413,-45.2773,0.8076,1.1905,0,1,1,1,1,0,0,有效双星
1787912250.320000,0,5,1,4660,1474655.940115400,5,952,386,164,131,952,386,164,131,996.883,469.999,255.000,0,1076.301,423.082,255.000,0,79.4183,-46.9167,0.6103,0.2328,0,1,1,1,1,0,0,有效双星
1787912250.329000,0,5,2,4661,1474655.950100100,5,952,386,164,131,952,386,164,131,996.793,469.544,255.000,0,1076.213,423.009,255.000,0,79.4202,-46.5349,0.3819,0.1532,0,1,1,1,1,0,0,有效双星
1787912250.342000,0,5,3,4662,1474655.960112200,5,952,386,164,131,952,386,164,131,996.038,470.674,255.000,0,1075.969,424.017,255.000,0,79.9304,-46.6573,0.5247,0.5272,0,1,1,1,1,0,0,有效双星
1787912250.350000,0,5,4,4663,1474655.970102600,5,952,386,164,131,952,386,164,131,995.823,472.548,255.000,0,1075.259,426.018,255.000,0,79.4367,-46.5294,0.5100,0.1580,0,1,1,1,1,0,0,有效双星
1787912250.361000,0,5,5,4664,1474655.980115500,5,952,386,164,131,952,386,164,131,995.007,474.539,255.000,0,1074.876,427.991,255.000,0,79.8689,-46.5481,0.4327,0.4692,0,1,1,1,1,0,0,有效双星
1787912250.371000,0,5,6,4665,1474655.990101200,5,952,386,164,131,952,386,164,131,994.917,475.298,255.000,0,1074.299,428.986,255.000,0,79.3818,-46.3123,0.5412,0.3603,0,1,1,1,1,0,0,有效双星
1787912250.380000,0,5,7,4666,1474656.000104400,5,952,386,164,131,952,386,164,131,994.879,475.054,255.000,0,1074.296,428.099,255.000,0,79.4164,-46.9548,0.6434,0.2970,0,1,1,1,1,0,0,有效双星
1787912250.391000,0,5,8,4667,1474656.010125200,5,952,386,164,131,952,386,164,131,995.003,473.934,255.000,0,1074.843,427.057,255.000,0,79.8401,-46.8776,0.4307,0.4666,0,1,1,1,1,0,0,有效双星
1787912250.405000,0,5,9,4668,1474656.020101800,5,952,386,164,131,952,386,164,131,995.148,472.004,255.000,0,1075.181,425.082,255.000,0,80.0322,-46.9217,0.1971,0.6588,0,1,1,1,1,0,0,有效双星
1787912250.409000,0,5,10,4669,1474656.030153000,5,952,386,164,131,952,386,164,131,995.993,470.521,255.000,0,1075.891,423.994,255.000,0,79.8979,-46.5267,0.4172,0.4876,0,1,1,1,1,0,0,有效双星
1787912250.419000,0,5,11,4670,1474656.040107200,5,952,386,164,131,952,386,164,131,996.122,469.982,255.000,0,1076.149,423.077,255.000,0,80.0271,-46.9052,0.3999,0.6623,0,1,1,1,1,0,0,有效双星
1787912250.430000,0,5,12,4671,1474656.050105100,5,952,386,164,131,952,386,164,131,996.914,471.035,255.000,0,1076.220,424.059,255.000,0,79.3059,-46.9757,0.7247,0.3445,0,1,1,1,1,0,0,有效双星
1787912250.440000,0,5,13,4672,1474656.060122400,5,952,386,164,131,952,386,164,131,996.126,472.339,255.000,0,1076.091,425.992,255.000,0,79.9651,-46.3478,0.9104,0.6200,0,1,1,1,1,0,0,有效双星
1787912250.449000,0,5,14,4673,1474656.070137900,5,952,386,164,131,952,386,164,131,995.954,474.053,255.000,0,1075.364,427.084,255.000,0,79.4103,-46.9694,0.8332,0.3224,0,1,1,1,1,0,0,有效双星
1787912250.459000,0,5,15,4674,1474656.080117800,5,952,386,164,131,952,386,164,131,995.004,474.887,255.000,0,1074.892,428.060,255.000,0,79.8872,-46.8271,0.4977,0.4280,0,1,1,1,1,0,0,有效双星
1787912250.470000,0,5,16,4675,1474656.090105700,5,952,386,164,131,952,386,164,131,994.099,474.561,255.000,0,1074.179,428.021,255.000,0,80.0795,-46.5401,0.3455,0.4439,0,1,1,1,1,0,0,有效双星
1787912250.481000,0,5,17,4676,1474656.100116900,5,952,386,164,131,952,386,164,131,994.819,473.563,255.000,0,1074.123,426.992,255.000,0,79.3041,-46.5704,0.7760,0.4996,0,1,1,1,1,0,0,有效双星
1787912250.491000,0,5,18,4677,1474656.110120700,5,952,386,164,131,952,386,164,131,994.880,471.819,255.000,0,1074.421,425.078,255.000,0,79.5405,-46.7410,0.2915,0.2841,0,1,1,1,1,0,0,有效双星
1787912250.499000,0,5,19,4678,1474656.120163400,5,952,386,164,131,952,386,164,131,996.008,471.113,255.000,0,1075.418,424.082,255.000,0,79.4097,-47.0311,0.3182,0.4346,0,1,1,1,1,0,0,有效双星
1787912250.509000,0,5,20,4679,1474656.130111300,5,952,386,164,131,952,386,164,131,996.962,470.955,255.000,0,1076.423,424.075,255.000,0,79.4608,-46.8804,0.1592,0.1833,0,1,1,1,1,0,0,有效双星
1787912250.519000,0,5,21,4680,1474656.140123800,5,952,386,164,131,952,386,164,131,997.074,471.726,255.000,0,1077.022,425.033,255.000,0,79.9479,-46.6924,0.5221,0.4566,0,1,1,1,1,0,0,有效双星
1787912250.529000,0,5,22,4681,1474656.150126300,5,952,386,164,131,952,386,164,131,996.882,472.726,255.000,0,1076.244,426.023,255.000,0,79.3617,-46.7033,0.5863,0.3289,0,1,1,1,1,0,0,有效双星
1787912250.539000,0,5,23,4682,1474656.160134500,5,952,386,164,131,952,386,164,131,995.143,473.163,255.000,0,1075.089,426.950,255.000,0,79.9463,-46.2125,0.7634,0.5704,0,1,1,1,1,0,0,有效双星
1787912250.549000,0,5,24,4683,1474656.170134900,5,952,386,164,131,952,386,164,131,994.073,473.595,255.000,0,1074.058,427.014,255.000,0,79.9846,-46.5807,0.3702,0.3266,0,1,1,1,1,0,0,有效双星
1787912250.559000,0,5,25,4684,1474656.180117400,5,952,386,164,131,952,386,164,131,994.029,473.962,255.000,0,1073.908,427.062,255.000,0,79.8793,-46.9000,0.3363,0.1796,0,1,1,1,1,0,0,有效双星
1787912250.570000,0,5,26,4685,1474656.190135000,5,952,386,164,131,952,386,164,131,994.901,473.864,255.000,0,1074.333,427.061,255.000,0,79.4319,-46.8021,0.4580,0.4282,0,1,1,1,1,0,0,有效双星
1787912250.581000,0,5,27,4686,1474656.200134900,5,952,386,164,131,952,386,164,131,995.890,473.143,255.000,0,1075.260,426.960,255.000,0,79.3703,-46.1828,0.6224,0.7992,0,1,1,1,1,0,0,有效双星
1787912250.592000,0,5,28,4687,1474656.211205900,5,952,386,164,131,952,386,164,131,996.113,472.143,255.000,0,1076.023,425.085,255.000,0,79.9097,-47.0585,1.0286,0.2913,0,1,1,1,1,0,0,有效双星
1787912250.599000,0,5,29,4688,1474656.220129500,5,952,386,164,131,952,386,164,131,996.805,471.138,255.000,0,1076.128,424.956,255.000,0,79.3234,-46.1814,1.0550,0.8134,0,1,1,1,1,0,0,有效双星
1787912250.609000,0,5,30,4689,1474656.230108800,5,952,386,164,131,952,386,164,131,996.819,471.077,255.000,0,1076.178,424.093,255.000,0,79.3593,-46.9843,0.8037,0.4377,0,1,1,1,1,0,0,有效双星
1787912250.619000,0,5,31,4690,1474656.240114000,5,952,386,164,131,952,386,164,131,996.084,471.984,255.000,0,1076.023,425.072,255.000,0,79.9391,-46.9127,0.5842,0.4607,0,1,1,1,1,0,0,有效双星
1787912250.630000,0,5,32,4691,1474656.250120200,5,952,386,164,131,952,386,164,131,995.844,472.985,255.000,0,1075.259,426.088,255.000,0,79.4145,-46.8968,0.5249,0.1520,0,1,1,1,1,0,0,有效双星
1787912250.641000,0,5,33,4692,1474656.260133100,5,952,386,164,131,952,386,164,131,994.942,473.613,255.000,0,1074.425,427.026,255.000,0,79.4827,-46.5865,0.3178,0.1859,0,1,1,1,1,0,0,有效双星
1787912250.653000,0,5,34,4693,1474656.270126100,5,952,386,164,131,952,386,164,131,994.123,473.617,255.000,0,1074.170,427.018,255.000,0,80.0467,-46.5997,0.5641,0.6001,0,1,1,1,1,0,0,有效双星
1787912250.659000,0,5,35,4694,1474656.280120500,5,952,386,164,131,952,386,164,131,994.891,473.526,255.000,0,1074.313,427.002,255.000,0,79.4225,-46.5241,0.6288,0.2172,0,1,1,1,1,0,0,有效双星
1787912250.671000,0,5,36,4695,1474656.290137500,5,952,386,164,131,952,386,164,131,995.884,473.160,255.000,0,1075.222,426.098,255.000,0,79.3384,-47.0622,0.5446,0.3879,0,1,1,1,1,0,0,有效双星
1787912250.680000,0,5,37,4696,1474656.300122800,5,952,386,164,131,952,386,164,131,996.785,472.590,255.000,0,1076.116,426.011,255.000,0,79.3313,-46.5786,0.4836,0.1840,0,1,1,1,1,0,0,有效双星
1787912250.691000,0,5,38,4697,1474656.310159100,5,952,386,164,131,952,386,164,131,996.878,471.969,255.000,0,1076.257,425.071,255.000,0,79.3792,-46.8982,0.3232,0.1884,0,1,1,1,1,0,0,有效双星
1787912250.699000,0,5,39,4698,1474656.320146200,5,952,386,164,131,952,386,164,131,996.095,471.688,255.000,0,1076.027,425.014,255.000,0,79.9314,-46.6734,0.5962,0.5104,0,1,1,1,1,0,0,有效双星
1787912250.709000,0,5,40,4699,1474656.330285400,5,952,386,164,131,952,386,164,131,995.849,471.610,255.000,0,1075.312,425.028,255.000,0,79.4630,-46.5819,0.4772,0.1172,0,1,1,1,1,0,0,有效双星
1787912250.719000,0,5,41,4700,1474656.340110700,5,952,386,164,131,952,386,164,131,995.093,472.283,255.000,0,1075.018,425.979,255.000,0,79.9250,-46.3038,0.5393,0.6098,0,1,1,1,1,0,0,有效双星
1787912250.730000,0,5,42,4701,1474656.350114900,5,952,386,164,131,952,386,164,131,995.025,473.239,255.000,0,1074.871,426.966,255.000,0,79.8456,-46.2735,0.0851,0.5388,0,1,1,1,1,0,0,有效双星
1787912250.739000,0,5,43,4702,1474656.360103100,5,952,386,164,131,952,386,164,131,995.071,473.851,255.000,0,1074.979,427.047,255.000,0,79.9083,-46.8036,0.5338,0.4837,0,1,1,1,1,0,0,有效双星
1787912250.749000,0,5,44,4703,1474656.370100700,5,952,386,164,131,952,386,164,131,995.825,473.838,255.000,0,1075.151,427.048,255.000,0,79.3266,-46.7900,0.5819,0.2120,0,1,1,1,1,0,0,有效双星
1787912250.760000,0,5,45,4704,1474656.380102400,5,952,386,164,131,952,386,164,131,995.916,473.321,255.000,0,1075.291,426.990,255.000,0,79.3744,-46.3316,0.4609,0.4068,0,1,1,1,1,0,0,有效双星
1787912250.769000,0,5,46,4705,1474656.390109100,5,952,386,164,131,952,386,164,131,996.003,472.790,255.000,0,1075.415,426.034,255.000,0,79.4115,-46.7567,0.4268,0.1212,0,1,1,1,1,0,0,有效双星
1787912250.780000,0,5,47,4706,1474656.400119800,5,952,386,164,131,952,386,164,131,995.993,471.917,255.000,0,1075.868,425.060,255.000,0,79.8745,-46.8570,0.4738,0.5065,0,1,1,1,1,0,0,有效双星
1787912250.789000,0,5,48,4707,1474656.410108300,5,952,386,164,131,952,386,164,131,995.998,471.756,255.000,0,1075.847,425.027,255.000,0,79.8489,-46.7287,0.1308,0.4063,0,1,1,1,1,0,0,有效双星
1787912250.800000,0,5,49,4708,1474656.421015300,5,952,386,164,131,952,386,164,131,995.914,471.953,255.000,0,1075.378,425.086,255.000,0,79.4633,-46.8676,0.4098,0.1678,0,1,1,1,1,0,0,有效双星
1787912250.809000,0,5,50,4709,1474656.430108000,5,952,386,164,131,952,386,164,131,995.866,472.582,255.000,0,1075.256,426.010,255.000,0,79.3898,-46.5723,0.3043,0.1855,0,1,1,1,1,0,0,有效双星
1787912254.551000,0,6,1,5080,1474660.169458300,6,934,392,164,132,934,392,164,132,974.084,468.949,255.000,0,1054.034,422.072,255.000,0,79.9504,-46.8774,0.5054,0.3396,0,1,1,1,1,0,0,有效双星
1787912254.559000,0,6,2,5081,1474660.179447700,6,934,392,164,132,934,392,164,132,975.832,467.169,255.000,0,1055.182,420.111,255.000,0,79.3498,-47.0582,0.6272,0.5323,0,1,1,1,1,0,0,有效双星
1787912254.568000,0,6,3,5082,1474660.189421800,6,934,392,164,132,934,392,164,132,976.808,467.303,255.000,0,1056.157,420.989,255.000,0,79.3489,-46.3134,0.7448,0.5392,0,1,1,1,1,0,0,有效双星
1787912254.579000,0,6,4,5083,1474660.199435300,6,934,392,164,132,934,392,164,132,976.988,468.742,255.000,0,1056.856,422.030,255.000,0,79.8676,-46.7122,0.6543,0.4199,0,1,1,1,1,0,0,有效双星
1787912254.593000,0,6,5,5084,1474660.209427600,6,934,392,164,132,934,392,164,132,976.819,469.586,255.000,0,1056.217,423.011,255.000,0,79.3974,-46.5750,0.4898,0.3029,0,1,1,1,1,0,0,有效双星
1787912254.599000,0,6,6,5085,1474660.219426400,6,934,392,164,132,934,392,164,132,974.943,468.804,255.000,0,1054.410,422.055,255.000,0,79.4671,-46.7488,0.1873,0.0151,0,1,1,1,1,0,0,有效双星
1787912254.608000,0,6,7,5086,1474660.229422500,6,934,392,164,132,934,392,164,132,972.821,466.171,255.000,0,1052.055,419.942,255.000,0,79.2344,-46.2288,0.5698,0.5777,0,1,1,1,1,0,0,有效双星
1787912254.619000,0,6,8,5087,1474660.239423100,6,934,392,164,132,934,392,164,132,970.031,462.270,255.000,0,1049.849,415.972,255.000,0,79.8186,-46.2979,0.5883,0.5669,0,1,1,1,1,0,0,有效双星
1787912254.629000,0,6,9,5088,1474660.249425600,6,934,392,164,132,934,392,164,132,968.850,458.648,255.000,0,1048.233,412.022,255.000,0,79.3833,-46.6259,0.5451,0.1252,0,1,1,1,1,0,0,有效双星
1787912254.638000,0,6,10,5089,1474660.259426900,6,934,392,164,132,934,392,164,132,968.056,455.931,255.000,0,1047.974,409.061,255.000,0,79.9172,-46.8694,0.5867,0.4940,0,1,1,1,1,0,0,有效双星
1787912254.654000,0,6,11,5090,1474660.269427300,6,934,392,164,132,934,392,164,132,967.999,454.671,255.000,0,1047.929,408.024,255.000,0,79.9293,-46.6470,0.2227,0.4843,0,1,1,1,1,0,0,有效双星
1787912254.659000,0,6,12,5091,1474660.279453200,6,934,392,164,132,934,392,164,132,968.051,454.964,255.000,0,1047.930,408.056,255.000,0,79.8792,-46.9076,0.2654,0.4652,0,1,1,1,1,0,0,有效双星
1787912254.668000,0,6,13,5092,1474660.289413200,6,934,392,164,132,934,392,164,132,967.815,455.576,255.000,0,1047.211,409.012,255.000,0,79.3961,-46.5642,0.5927,0.2885,0,1,1,1,1,0,0,有效双星
1787912254.679000,0,6,14,5093,1474660.299427100,6,934,392,164,132,934,392,164,132,966.010,455.506,255.000,0,1045.832,408.966,255.000,0,79.8222,-46.5395,0.4268,0.2363,0,1,1,1,1,0,0,有效双星
1787912254.689000,0,6,15,5094,1474660.309432100,6,934,392,164,132,934,392,164,132,963.750,452.927,255.000,0,1043.086,406.065,255.000,0,79.3364,-46.8615,0.5828,0.3714,0,1,1,1,1,0,0,有效双星
1787912254.698000,0,6,16,5095,1474660.319448800,6,934,392,164,132,934,392,164,132,960.067,448.253,255.000,0,1039.865,403.545,255.000,0,79.7988,-44.7078,2.2027,2.0004,0,1,1,1,1,0,0,有效双星
1787912254.709000,0,6,17,5096,1474660.329483400,6,934,392,164,132,934,392,164,132,958.038,442.395,255.000,0,1037.247,400.066,255.000,0,79.2095,-42.3291,2.4507,4.3281,0,1,1,1,1,0,0,有效双星
1787912254.718000,0,6,18,5097,1474660.339444500,6,934,392,164,132,934,392,164,132,958.145,437.433,255.000,0,1037.890,398.676,255.000,0,79.7455,-38.7570,3.6120,7.8846,0,1,1,1,1,0,0,有效双星
1787912254.729000,0,6,19,5098,1474660.349451800,6,934,392,164,132,934,392,164,132,961.176,435.055,255.000,0,1040.965,397.954,255.000,0,79.7887,-37.1010,1.6566,9.5012,0,1,1,1,1,0,0,有效双星
1787912254.739000,0,6,20,5099,1474660.359436000,6,934,392,164,132,934,392,164,132,965.214,434.879,255.000,0,1045.047,397.882,255.000,0,79.8330,-36.9973,0.1128,9.6058,0,1,1,1,1,0,0,有效双星
1787912254.749000,0,6,21,5100,1474660.369426700,6,934,392,164,132,934,392,164,132,968.091,435.750,255.000,0,1047.775,398.130,255.000,0,79.6838,-37.6206,0.6409,8.9494,0,1,1,1,1,0,0,有效双星
1787912254.759000,0,6,22,5101,1474660.379446200,6,934,392,164,132,934,392,164,132,967.871,436.634,255.000,0,1047.177,398.448,255.000,0,79.3057,-38.1852,0.6794,8.3766,0,1,1,1,1,0,0,有效双星
1787912254.769000,0,6,23,5102,1474660.389458400,6,934,392,164,132,934,392,164,132,964.136,437.728,255.000,0,1042.538,398.570,255.000,0,78.4021,-39.1578,1.3276,7.3862,0,1,1,1,1,0,0,有效双星
1787912254.781000,0,6,24,5103,1474660.399494600,6,934,392,164,132,934,392,164,132,959.151,438.268,255.000,0,1037.491,398.885,255.000,0,78.3402,-39.3823,0.2329,7.1693,0,1,1,1,1,0,0,有效双星
1787912254.789000,0,6,25,5104,1474660.409437000,6,934,392,164,132,934,392,164,132,954.993,438.753,255.000,0,1034.226,398.939,255.000,0,79.2333,-39.8142,0.9921,6.4582,0,1,1,1,1,0,0,有效双星
1787912254.799000,0,6,26,5105,1474660.419451400,6,934,392,164,132,934,392,164,132,952.908,438.928,255.000,0,1032.099,398.990,255.000,0,79.1910,-39.9377,0.1306,5.5439,0,1,1,1,1,0,0,有效双星
1787912254.808000,0,6,27,5106,1474660.429442900,6,934,392,164,132,934,392,164,132,953.924,439.235,255.000,0,1033.127,399.251,255.000,0,79.2029,-39.9832,0.0470,3.5513,0,1,1,1,1,0,0,有效双星
1787912254.819000,0,6,28,5107,1474660.439429800,6,934,392,164,132,934,392,164,132,957.897,439.650,255.000,0,1037.120,399.326,255.000,0,79.2228,-40.3240,0.3414,0.8905,0,1,1,1,1,0,0,有效双星
1787912254.828000,0,6,29,5108,1474660.449419100,6,934,392,164,132,934,392,164,132,962.009,439.164,255.000,0,1041.313,399.230,255.000,0,79.3041,-39.9343,0.3981,0.2354,0,1,1,1,1,0,0,有效双星
1787912254.839000,0,6,30,5109,1474660.459615100,6,934,392,164,132,934,392,164,132,963.163,437.652,255.000,0,1042.978,398.695,255.000,0,79.8146,-38.9563,1.1032,1.0997,0,1,1,1,1,0,0,有效双星
1787912254.848000,0,6,31,5110,1474660.469426700,6,934,392,164,132,934,392,164,132,960.861,434.800,255.000,0,1040.078,397.892,255.000,0,79.2165,-36.9073,2.1345,3.0324,0,1,1,1,1,0,0,有效双星
1787912254.858000,0,6,32,5111,1474660.479427100,6,934,392,164,132,934,392,164,132,954.165,432.067,255.000,0,1033.847,396.940,255.000,0,79.6812,-35.1271,1.8399,4.7608,0,1,1,1,1,0,0,有效双星
1787912254.869000,0,6,33,5112,1474660.489771300,6,934,392,164,132,934,392,164,132,947.165,430.088,255.000,0,1026.794,395.874,255.000,0,79.6291,-34.2137,0.9149,5.3933,0,1,1,1,1,0,0,有效双星
1787912254.878000,0,6,34,5113,1474660.499443300,6,934,392,164,132,934,392,164,132,943.167,428.985,255.000,0,1021.881,395.496,255.000,0,78.7140,-33.4887,1.1675,5.8132,0,1,1,1,1,0,0,有效双星
1787912254.889000,0,6,35,5114,1474660.509427300,6,934,392,164,132,934,392,164,132,942.869,428.727,255.000,0,1020.892,395.379,255.000,0,78.0235,-33.3484,0.7046,5.8507,0,1,1,1,1,0,0,有效双星
1787912254.898000,0,6,36,5115,1474660.519410600,6,934,392,164,132,934,392,164,132,943.854,427.939,255.000,0,1022.945,394.950,255.000,0,79.0912,-32.9891,1.1265,5.8703,0,1,1,1,1,0,0,有效双星
1787912254.909000,0,6,37,5116,1474660.529447500,6,934,392,164,132,934,392,164,132,945.776,425.863,255.000,0,1024.768,394.422,255.000,0,78.9925,-31.4409,1.5513,7.0341,0,1,1,1,1,0,0,有效双星
1787912254.918000,0,6,38,5117,1474660.539417900,6,934,392,164,132,934,392,164,132,0.000,0.000,0.000,0,0.000,0.000,0.000,0,0.0000,0.0000,0.0000,0.0000,0,0,0,0,0,0,0,AOI 内候选连通域不足两个（当前 1 个）
1787912254.929000,0,6,39,5118,1474660.549417300,6,934,392,164,132,934,392,164,132,0.000,0.000,0.000,0,0.000,0.000,0.000,0,0.0000,0.0000,0.0000,0.0000,0,0,0,0,0,0,0,AOI 内候选连通域不足两个（当前 1 个）
1787912254.938000,0,6,40,5119,1474660.559410900,6,934,392,164,132,934,392,164,132,0.000,0.000,0.000,0,0.000,0.000,0.000,0,0.0000,0.0000,0.0000,0.0000,0,0,0,0,0,0,0,AOI 内候选连通域不足两个（当前 1 个）
1787912254.949000,0,6,41,5120,1474660.569414900,6,934,392,164,132,934,392,164,132,0.000,0.000,0.000,0,0.000,0.000,0.000,0,0.0000,0.0000,0.0000,0.0000,0,0,0,0,0,0,0,AOI 内候选连通域不足两个（当前 1 个）
1787912254.959000,0,6,42,5121,1474660.579420900,6,934,392,164,132,934,392,164,132,0.000,0.000,0.000,0,0.000,0.000,0.000,0,0.0000,0.0000,0.0000,0.0000,0,0,0,0,0,0,0,AOI 内候选连通域不足两个（当前 1 个）
1787912254.968000,0,6,43,5122,1474660.589427600,6,934,392,164,132,934,392,164,132,0.000,0.000,0.000,0,0.000,0.000,0.000,0,0.0000,0.0000,0.0000,0.0000,0,0,0,0,0,0,0,AOI 内候选连通域不足两个（当前 1 个）
1787912254.979000,0,6,44,5123,1474660.599416300,6,934,392,164,132,934,392,164,132,0.000,0.000,0.000,0,0.000,0.000,0.000,0,0.0000,0.0000,0.0000,0.0000,0,0,0,0,0,0,0,AOI 内候选连通域不足两个（当前 1 个）
1787912254.988000,0,6,45,5124,1474660.609417300,6,934,392,164,132,934,392,164,132,0.000,0.000,0.000,0,0.000,0.000,0.000,0,0.0000,0.0000,0.0000,0.0000,0,0,0,0,0,0,0,AOI 内候选连通域不足两个（当前 1 个）
1787912254.999000,0,6,46,5125,1474660.619413300,6,934,392,164,132,934,392,164,132,0.000,0.000,0.000,0,0.000,0.000,0.000,0,0.0000,0.0000,0.0000,0.0000,0,0,0,0,0,0,0,AOI 内候选连通域不足两个（当前 1 个）
1787912255.009000,0,6,47,5126,1474660.629426000,6,934,392,164,132,934,392,164,132,0.000,0.000,0.000,0,0.000,0.000,0.000,0,0.0000,0.0000,0.0000,0.0000,0,0,0,0,0,0,1,AOI 内候选连通域不足两个（当前 1 个）
1787912255.268000,1,7,1,5127,1474660.871662700,0,0,0,1920,1200,0,0,1920,1200,933.915,408.634,255.000,0,1011.683,362.179,255.000,0,77.7677,-46.4555,0.0000,0.0000,0,1,1,1,0,0,0,全画幅定位成功，已选择面积最大的两个有效连通域
1787912255.340000,1,8,1,5128,1474660.959259300,1,892,320,163,132,892,320,163,132,931.012,410.371,255.000,0,1010.807,363.980,255.000,0,79.7944,-46.3914,2.0278,0.0000,0,1,1,1,1,0,0,有效双星
1787912255.349000,1,8,2,5129,1474660.969209700,1,892,320,163,132,892,320,163,132,927.056,410.763,255.000,0,1006.999,364.032,255.000,0,79.9429,-46.7313,0.3710,0.0000,0,1,1,1,1,0,0,有效双星
1787912255.359000,1,8,3,5130,1474660.979172700,1,892,320,163,132,892,320,163,132,927.820,409.612,255.000,0,1007.210,363.010,255.000,0,79.3894,-46.6020,0.5683,0.0000,0,1,1,1,1,0,0,有效双星
1787912255.369000,1,8,4,5131,1474660.989176500,1,892,320,163,132,892,320,163,132,931.964,407.838,255.000,0,1011.858,361.053,255.000,0,79.8943,-46.7851,0.5370,0.0000,0,1,1,1,1,0,0,有效双星
1787912255.379000,1,8,5,5132,1474660.999166300,1,892,320,163,132,892,320,163,132,938.047,406.196,255.000,0,1017.965,359.961,255.000,0,79.9185,-46.2355,0.5502,0.3870,0,1,1,1,1,0,0,有效双星
1787912255.389000,1,8,6,5133,1474661.009173200,1,892,320,163,132,892,320,163,132,942.880,404.858,255.000,0,1022.324,358.066,255.000,0,79.4436,-46.7920,0.7316,0.4795,0,1,1,1,1,0,0,有效双星
1787912255.401000,1,8,7,5134,1474661.019165900,1,892,320,163,132,892,320,163,132,943.016,403.686,255.000,0,1022.949,357.026,255.000,0,79.9337,-46.6602,0.5076,0.1510,0,1,1,1,1,0,0,有效双星
1787912255.409000,1,8,8,5135,1474661.029177000,1,892,320,163,132,892,320,163,132,939.854,403.178,255.000,0,1019.171,356.945,255.000,0,79.3174,-46.2323,0.7503,0.6608,0,1,1,1,1,0,0,有效双星
1787912255.419000,1,8,9,5136,1474661.039163600,1,892,320,163,132,892,320,163,132,934.041,403.908,255.000,0,1014.035,357.075,255.000,0,79.9935,-46.8327,0.9041,0.3046,0,1,1,1,1,0,0,有效双星
1787912255.428000,1,8,10,5137,1474661.049171500,1,892,320,163,132,892,320,163,132,930.151,406.600,255.000,0,1010.102,359.984,255.000,0,79.9506,-46.6158,0.2210,0.1074,0,1,1,1,1,0,0,有效双星
1787912255.439000,1,8,11,5138,1474661.059183800,1,892,320,163,132,892,320,163,132,929.906,409.312,255.000,0,1009.296,362.987,255.000,0,79.3897,-46.3244,0.6322,0.5827,0,1,1,1,1,0,0,有效双星
1787912255.449000,1,8,12,5139,1474661.069186900,1,892,320,163,132,892,320,163,132,931.958,411.243,255.000,0,1011.777,364.971,255.000,0,79.8193,-46.2723,0.4328,0.3376,0,1,1,1,1,0,0,有效双星
1787912255.459000,1,8,13,5140,1474661.079180100,1,892,320,163,132,892,320,163,132,935.807,411.030,255.000,0,1015.127,364.086,255.000,0,79.3199,-46.9441,0.8372,0.6054,0,1,1,1,1,0,0,有效双星
1787912255.469000,1,8,14,5141,1474661.089185200,1,892,320,163,132,892,320,163,132,938.070,408.640,255.000,0,1018.135,362.040,255.000,0,80.0649,-46.6003,0.8205,0.2581,0,1,1,1,1,0,0,有效双星
1787912255.479000,1,8,15,5142,1474661.099172900,1,892,320,163,132,892,320,163,132,939.982,405.897,255.000,0,1019.427,359.059,255.000,0,79.4448,-46.8379,0.6640,0.4426,0,1,1,1,1,0,0,有效双星
1787912255.489000,1,8,16,5143,1474661.109188300,1,892,320,163,132,892,320,163,132,939.039,403.516,255.000,0,1019.090,357.009,255.000,0,80.0505,-46.5069,0.6902,0.2641,0,1,1,1,1,0,0,有效双星
1787912255.498000,1,8,17,5144,1474661.119196100,1,892,320,163,132,892,320,163,132,937.011,402.791,255.000,0,1016.891,356.026,255.000,0,79.8795,-46.7648,0.3095,0.1736,0,1,1,1,1,0,0,有效双星
1787912255.510000,1,8,18,5145,1474661.129203700,1,892,320,163,132,892,320,163,132,934.038,403.280,255.000,0,1013.880,356.959,255.000,0,79.8422,-46.3215,0.4449,0.2875,0,1,1,1,1,0,0,有效双星
1787912255.518000,1,8,19,5146,1474661.139185700,1,892,320,163,132,892,320,163,132,932.017,405.119,255.000,0,1011.901,358.091,255.000,0,79.8843,-47.0282,0.7080,0.4283,0,1,1,1,1,0,0,有效双星
1787912255.530000,1,8,20,5147,1474661.149231100,1,892,320,163,132,892,320,163,132,932.068,407.991,255.000,0,1011.996,361.071,255.000,0,79.9283,-46.9205,0.1164,0.3188,0,1,1,1,1,0,0,有效双星
1787912255.539000,1,8,21,5148,1474661.159193300,1,892,320,163,132,892,320,163,132,934.844,410.898,255.000,0,1014.184,364.062,255.000,0,79.3397,-46.8355,0.5947,0.5770,0,1,1,1,1,0,0,有效双星
1787912255.549000,1,8,22,5149,1474661.169192600,1,892,320,163,132,892,320,163,132,937.136,412.187,255.000,0,1017.125,365.107,255.000,0,79.9892,-47.0805,0.6941,0.3994,0,1,1,1,1,0,0,有效双星
1787912255.559000,1,8,23,5150,1474661.179196700,1,892,320,163,132,892,320,163,132,938.897,410.761,255.000,0,1018.421,364.065,255.000,0,79.5232,-46.6961,0.6040,0.3591,0,1,1,1,1,0,0,有效双星
1787912255.569000,1,8,24,5151,1474661.189206200,1,892,320,163,132,892,320,163,132,938.007,407.220,255.000,0,1017.851,360.960,255.000,0,79.8447,-46.2607,0.5413,0.4713,0,1,1,1,1,0,0,有效双星
1787912255.579000,1,8,25,5152,1474661.199179800,1,892,320,163,132,892,320,163,132,935.854,403.017,255.000,0,1015.334,356.106,255.000,0,79.4797,-46.9108,0.7456,0.4476,0,1,1,1,1,0,0,有效双星
1787912255.592000,1,8,26,5153,1474661.209194200,1,892,320,163,132,892,320,163,132,933.941,401.008,255.000,0,1013.374,354.068,255.000,0,79.4321,-46.9409,0.0563,0.4621,0,1,1,1,1,0,0,有效双星
1787912255.599000,1,8,27,5154,1474661.219183700,1,892,320,163,132,892,320,163,132,933.814,401.875,255.000,0,1013.237,355.063,255.000,0,79.4231,-46.8118,0.1294,0.4282,0,1,1,1,1,0,0,有效双星
1787912255.608000,1,8,28,5155,1474661.229183600,1,892,320,163,132,892,320,163,132,934.966,405.555,255.000,0,1014.826,358.993,255.000,0,79.8597,-46.5619,0.5031,0.2282,0,1,1,1,1,0,0,有效双星
1787912255.619000,1,8,29,5156,1474661.239193800,1,892,320,163,132,892,320,163,132,936.959,409.689,255.000,0,1016.370,363.021,255.000,0,79.4104,-46.6685,0.4618,0.4494,0,1,1,1,1,0,0,有效双星
1787912255.628000,1,8,30,5157,1474661.249187500,1,892,320,163,132,892,320,163,132,937.936,412.086,255.000,0,1017.348,365.938,255.000,0,79.4114,-46.1478,0.5207,0.7179,0,1,1,1,1,0,0,有效双星
1787912255.639000,1,8,31,5158,1474661.259192900,1,892,320,163,132,892,320,163,132,937.092,412.043,255.000,0,1017.040,365.085,255.000,0,79.9480,-46.9577,0.9715,0.3580,0,1,1,1,1,0,0,有效双星
1787912255.649000,1,8,32,5159,1474661.269204000,1,892,320,163,132,892,320,163,132,935.878,409.672,255.000,0,1015.295,363.026,255.000,0,79.4170,-46.6456,0.6159,0.4377,0,1,1,1,1,0,0,有效双星
1787912255.658000,1,8,33,5160,1474661.279191000,1,892,320,163,132,892,320,163,132,933.993,405.999,255.000,0,1013.934,359.935,255.000,0,79.9413,-46.0636,0.7834,0.7694,0,1,1,1,1,0,0,有效双星
1787912255.669000,1,8,34,5161,1474661.289184800,1,892,320,163,132,892,320,163,132,933.841,403.214,255.000,0,1013.242,356.119,255.000,0,79.4007,-47.0952,1.1647,0.5737,0,1,1,1,1,0,0,有效双星
1787912255.679000,1,8,35,5162,1474661.299189500,1,892,320,163,132,892,320,163,132,934.137,402.320,255.000,0,1014.087,355.962,255.000,0,79.9493,-46.3581,0.9189,0.5061,0,1,1,1,1,0,0,有效双星
1787912255.689000,1,8,36,5163,1474661.309188100,1,892,320,163,132,892,320,163,132,936.065,403.663,255.000,0,1015.989,357.008,255.000,0,79.9239,-46.6543,0.2973,0.1107,0,1,1,1,1,0,0,有效双星
1787912255.699000,1,8,37,5164,1474661.319201300,1,892,320,163,132,892,320,163,132,937.994,406.539,255.000,0,1017.846,359.985,255.000,0,79.8519,-46.5543,0.1232,0.1764,0,1,1,1,1,0,0,有效双星
1787912255.709000,1,8,38,5165,1474661.329210500,1,892,320,163,132,892,320,163,132,938.822,409.423,255.000,0,1018.253,362.993,255.000,0,79.4312,-46.4297,0.4388,0.4835,0,1,1,1,1,0,0,有效双星
1787912255.719000,1,8,39,5166,1474661.339244700,1,892,320,163,132,892,320,163,132,937.882,411.109,255.000,0,1017.238,364.091,255.000,0,79.3565,-47.0181,0.5931,0.4690,0,1,1,1,1,0,0,有效双星
1787912255.729000,1,8,40,5167,1474661.349188500,1,892,320,163,132,892,320,163,132,935.109,410.579,255.000,0,1015.118,364.007,255.000,0,80.0091,-46.5717,0.7906,0.5195,0,1,1,1,1,0,0,有效双星
1787912255.739000,1,8,41,5168,1474661.359190300,1,892,320,163,132,892,320,163,132,933.092,408.394,255.000,0,1013.008,361.989,255.000,0,79.9157,-46.4060,0.1902,0.4867,0,1,1,1,1,0,0,有效双星
1787912255.748000,1,8,42,5169,1474661.369191900,1,892,320,163,132,892,320,163,132,932.160,405.897,255.000,0,1012.219,359.062,255.000,0,80.0597,-46.8353,0.4528,0.4189,0,1,1,1,1,0,0,有效双星
1787912255.762000,1,8,43,5170,1474661.379199100,1,892,320,163,132,892,320,163,132,933.902,404.082,255.000,0,1013.355,357.950,255.000,0,79.4534,-46.1328,0.9280,0.5663,0,1,1,1,1,0,0,有效双星
1787912255.769000,1,8,44,5171,1474661.389183000,1,892,320,163,132,892,320,163,132,936.813,404.078,255.000,0,1016.115,357.083,255.000,0,79.3023,-46.9951,0.8754,0.5280,0,1,1,1,1,0,0,有效双星
1787912255.779000,1,8,45,5172,1474661.399177100,1,892,320,163,132,892,320,163,132,938.817,405.064,255.000,0,1018.259,358.963,255.000,0,79.4423,-46.1018,0.9041,0.5487,0,1,1,1,1,0,0,有效双星
1787912255.789000,1,8,46,5173,1474661.409169600,1,892,320,163,132,892,320,163,132,939.839,407.140,255.000,0,1019.108,360.085,255.000,0,79.2688,-47.0547,0.9685,0.4806,0,1,1,1,1,0,0,有效双星
1787912255.798000,1,8,47,5174,1474661.419185800,1,892,320,163,132,892,320,163,132,938.027,408.568,255.000,0,1017.944,362.001,255.000,0,79.9174,-46.5664,0.8118,0.4715,0,1,1,1,1,0,0,有效双星
1787912255.809000,1,8,48,5175,1474661.429176100,1,892,320,163,132,892,320,163,132,935.913,409.171,255.000,0,1015.344,362.117,255.000,0,79.4308,-47.0541,0.6889,0.5333,0,1,1,1,1,0,0,有效双星
1787912255.819000,1,8,49,5176,1474661.439188700,1,892,320,163,132,892,320,163,132,933.851,409.148,255.000,0,1013.169,362.093,255.000,0,79.3181,-47.0549,0.1127,0.4647,0,1,1,1,1,0,0,有效双星
1787912255.829000,1,8,50,5177,1474661.449181400,1,892,320,163,132,892,320,163,132,932.116,408.030,255.000,0,1012.190,361.100,255.000,0,80.0735,-46.9293,0.7657,0.7030,0,1,1,1,1,0,0,有效双星
1787912258.678000,1,9,1,5459,1474664.297868700,2,880,302,165,132,880,302,165,132,924.022,372.072,255.000,0,1003.910,325.937,255.000,0,79.8888,-46.1345,0.4906,0.6079,0,1,1,1,1,0,0,有效双星
1787912258.686000,1,9,2,5460,1474664.307848900,2,880,302,165,132,880,302,165,132,922.879,366.018,255.000,0,1002.204,319.060,255.000,0,79.3252,-46.9585,0.9983,0.4311,0,1,1,1,1,0,0,有效双星
1787912258.697000,1,9,3,5461,1474664.317848200,2,880,302,165,132,880,302,165,132,917.951,360.162,255.000,0,997.785,314.751,255.000,0,79.8340,-45.4110,1.6290,1.2044,0,1,1,1,1,0,0,有效双星
1787912258.709000,1,9,4,5462,1474664.327854800,2,880,302,165,132,880,302,165,132,911.799,355.629,255.000,0,990.991,311.385,255.000,0,79.1920,-44.2438,1.3321,2.3237,0,1,1,1,1,0,0,有效双星
1787912258.717000,1,9,5,5463,1474664.337852500,2,880,302,165,132,880,302,165,132,906.075,352.682,255.000,0,985.780,310.089,255.000,0,79.7048,-42.5926,1.7291,3.9671,0,1,1,1,1,0,0,有效双星
1787912258.727000,1,9,6,5464,1474664.347858200,2,880,302,165,132,880,302,165,132,904.934,351.746,255.000,0,984.230,309.617,255.000,0,79.2953,-42.1293,0.6183,4.4245,0,1,1,1,1,0,0,有效双星
1787912258.739000,1,9,7,5465,1474664.357855500,2,880,302,165,132,880,302,165,132,907.145,352.578,255.000,0,986.908,310.070,255.000,0,79.7635,-42.5078,0.6020,4.0580,0,1,1,1,1,0,0,有效双星
1787912258.747000,1,9,8,5466,1474664.367863700,2,880,302,165,132,880,302,165,132,910.935,353.292,255.000,0,990.216,310.169,255.000,0,79.2813,-43.1224,0.7812,3.3194,0,1,1,1,1,0,0,有效双星
1787912258.756000,1,9,9,5467,1474664.377874800,2,880,302,165,132,880,302,165,132,913.027,354.953,255.000,0,992.845,310.831,255.000,0,79.8186,-44.1223,1.1351,2.2119,0,1,1,1,1,0,0,有效双星
1787912258.767000,1,9,10,5468,1474664.387865900,2,880,302,165,132,880,302,165,132,913.053,358.040,255.000,0,992.794,312.664,255.000,0,79.7407,-45.3759,1.2560,0.9407,0,1,1,1,1,0,0,有效双星
1787912258.781000,1,9,11,5469,1474664.397886700,2,880,302,165,132,880,302,165,132,909.873,361.193,255.000,0,989.284,314.958,255.000,0,79.4116,-46.2348,0.9198,0.0596,0,1,1,1,1,0,0,有效双星
1787912258.788000,1,9,12,5470,1474664.407854500,2,880,302,165,132,880,302,165,132,903.994,363.157,255.000,0,983.802,316.929,255.000,0,79.8080,-46.2277,0.3965,0.3838,0,1,1,1,1,0,0,有效双星
1787912258.796000,1,9,13,5471,1474664.417883100,2,880,302,165,132,880,302,165,132,898.063,361.770,255.000,0,977.958,315.848,255.000,0,79.8949,-45.9220,0.3178,0.5124,0,1,1,1,1,0,0,有效双星
1787912258.807000,1,9,14,5472,1474664.427848800,2,880,302,165,132,880,302,165,132,895.879,357.250,255.000,0,975.239,312.582,255.000,0,79.3607,-44.6689,1.3623,1.5158,0,1,1,1,1,0,0,有效双星
1787912258.819000,1,9,15,5473,1474664.437873100,2,880,302,165,132,880,302,165,132,898.883,352.610,255.000,0,978.035,310.078,255.000,0,79.1524,-42.5318,2.1471,3.5103,0,1,1,1,1,0,0,有效双星
1787912258.827000,1,9,16,5474,1474664.448179100,2,880,302,165,132,880,302,165,132,905.928,349.139,255.000,0,985.171,309.235,255.000,0,79.2426,-39.9037,2.6297,5.7666,0,1,1,1,1,0,0,有效双星
1787912258.840000,1,9,17,5475,1474664.457854900,2,880,302,165,132,880,302,165,132,913.856,348.637,255.000,0,993.097,308.938,255.000,0,79.2409,-39.6995,0.2042,5.6979,0,1,1,1,1,0,0,有效双星
1787912258.847000,1,9,18,5476,1474664.467854600,2,880,302,165,132,880,302,165,132,917.971,349.947,255.000,0,997.239,309.380,255.000,0,79.2675,-40.5666,0.8675,4.4596,0,1,1,1,1,0,0,有效双星
1787912258.859000,1,9,19,5477,1474664.477866200,2,880,302,165,132,880,302,165,132,916.946,351.212,255.000,0,996.221,309.578,255.000,0,79.2757,-41.6342,1.0676,2.8243,0,1,1,1,1,0,0,有效双星
1787912258.867000,1,9,20,5478,1474664.487870600,2,880,302,165,132,880,302,165,132,911.900,352.088,255.000,0,991.101,310.024,255.000,0,79.2011,-42.0639,0.4361,2.1273,0,1,1,1,1,0,0,有效双星
1787912258.878000,1,9,21,5479,1474664.497904600,2,880,302,165,132,880,302,165,132,905.969,351.967,255.000,0,985.255,310.014,255.000,0,79.2860,-41.9522,0.1402,1.6711,0,1,1,1,1,0,0,有效双星
1787912258.887000,1,9,22,5480,1474664.507873000,2,880,302,165,132,880,302,165,132,903.127,351.243,255.000,0,982.839,309.580,255.000,0,79.7123,-41.6629,0.5153,1.2605,0,1,1,1,1,0,0,有效双星
1787912258.899000,1,9,23,5481,1474664.517850100,2,880,302,165,132,880,302,165,132,904.924,349.843,255.000,0,984.139,309.373,255.000,0,79.2157,-40.4702,1.2919,2.0950,0,1,1,1,1,0,0,有效双星
1787912258.907000,1,9,24,5482,1474664.527853100,2,880,302,165,132,880,302,165,132,909.055,348.753,255.000,0,988.349,308.932,255.000,0,79.2939,-39.8216,0.6533,2.6982,0,1,1,1,1,0,0,有效双星
1787912258.917000,1,9,25,5483,1474664.537873200,2,880,302,165,132,880,302,165,132,913.958,348.762,255.000,0,993.211,308.945,255.000,0,79.2528,-39.8172,0.0413,2.5016,0,1,1,1,1,0,0,有效双星
1787912258.927000,1,9,26,5484,1474664.547876500,2,880,302,165,132,880,302,165,132,916.987,350.848,255.000,0,996.293,309.530,255.000,0,79.3061,-41.3177,1.5014,0.7791,0,1,1,1,1,0,0,有效双星
1787912258.939000,1,9,27,5485,1474664.557874300,2,880,302,165,132,880,302,165,132,916.919,354.979,255.000,0,996.207,310.815,255.000,0,79.2876,-44.1634,2.8458,2.1554,0,1,1,1,1,0,0,有效双星
1787912258.947000,1,9,28,5486,1474664.567863900,2,880,302,165,132,880,302,165,132,912.019,359.601,255.000,0,991.927,314.605,255.000,0,79.9079,-44.9958,1.0381,3.0516,0,1,1,1,1,0,0,有效双星
1787912258.958000,1,9,29,5487,1474664.577879000,2,880,302,165,132,880,302,165,132,904.841,363.684,255.000,0,984.250,317.019,255.000,0,79.4088,-46.6657,1.7429,4.6591,0,1,1,1,1,0,0,有效双星
1787912258.970000,1,9,30,5488,1474664.587900600,2,880,302,165,132,880,302,165,132,897.047,366.936,255.000,0,976.927,320.044,255.000,0,79.8798,-46.8918,0.5224,4.9191,0,1,1,1,1,0,0,有效双星
1787912258.979000,1,9,31,5489,1474664.597973300,2,880,302,165,132,880,302,165,132,893.018,369.378,255.000,0,972.927,322.996,255.000,0,79.9087,-46.3824,0.5102,4.4178,0,1,1,1,1,0,0,有效双星
1787912258.987000,1,9,32,5490,1474664.607855300,2,880,302,165,132,880,302,165,132,894.811,371.637,255.000,0,974.126,324.992,255.000,0,79.3150,-46.6448,0.6491,4.6368,0,1,1,1,1,0,0,有效双星
1787912258.999000,1,9,33,5491,1474664.617859100,2,880,302,165,132,880,302,165,132,900.049,371.603,255.000,0,979.981,324.986,255.000,0,79.9326,-46.6168,0.6182,4.6532,0,1,1,1,1,0,0,有效双星
1787912259.007000,1,9,34,5492,1474664.627857900,2,880,302,165,132,880,302,165,132,907.086,368.551,255.000,0,987.042,321.970,255.000,0,79.9558,-46.5813,0.0424,4.6213,0,1,1,1,1,0,0,有效双星
1787912259.019000,1,9,35,5493,1474664.637864300,2,880,302,165,132,880,302,165,132,912.791,362.535,255.000,0,992.120,315.974,255.000,0,79.3288,-46.5614,0.6273,4.5535,0,1,1,1,1,0,0,有效双星
1787912259.028000,1,9,36,5494,1474664.648002300,2,880,302,165,132,880,302,165,132,914.077,355.660,255.000,0,993.953,311.405,255.000,0,79.8758,-44.2547,2.3706,2.3192,0,1,1,1,1,0,0,有效双星
1787912259.039000,1,9,37,5495,1474664.657855600,2,880,302,165,132,880,302,165,132,912.964,351.773,255.000,0,992.228,309.614,255.000,0,79.2643,-42.1590,2.1830,0.9557,0,1,1,1,1,0,0,有效双星
1787912259.047000,1,9,38,5496,1474664.667844300,2,880,302,165,132,880,302,165,132,909.824,353.120,255.000,0,989.044,310.155,255.000,0,79.2203,-42.9649,0.8071,0.2161,0,1,1,1,1,0,0,有效双星
1787912259.057000,1,9,39,5497,1474664.677848300,2,880,302,165,132,880,302,165,132,906.120,359.922,255.000,0,986.021,314.664,255.000,0,79.9009,-45.2580,2.3920,1.7938,0,1,1,1,1,0,0,有效双星
1787912259.069000,1,9,40,5498,1474664.687853800,2,880,302,165,132,880,302,165,132,903.116,368.614,255.000,0,983.078,321.979,255.000,0,79.9622,-46.6353,1.3786,2.5093,0,1,1,1,1,0,0,有效双星
1787912259.077000,1,9,41,5499,1474664.697863800,2,880,302,165,132,880,302,165,132,900.881,375.163,255.000,0,980.253,328.092,255.000,0,79.3718,-47.0708,0.7337,2.4456,0,1,1,1,1,0,0,有效双星
1787912259.089000,1,9,42,5500,1474664.707850400,2,880,302,165,132,880,302,165,132,898.979,377.633,255.000,0,978.441,331.002,255.000,0,79.4616,-46.6308,0.4491,1.5056,0,1,1,1,1,0,0,有效双星
1787912259.097000,1,9,43,5501,1474664.717865100,2,880,302,165,132,880,302,165,132,899.793,375.093,255.000,0,979.081,328.070,255.000,0,79.2884,-47.0232,0.4289,1.2073,0,1,1,1,1,0,0,有效双星
1787912259.109000,1,9,44,5502,1474664.727847600,2,880,302,165,132,880,302,165,132,901.163,368.989,255.000,0,981.217,322.066,255.000,0,80.0534,-46.9231,0.7715,0.8020,0,1,1,1,1,0,0,有效双星
1787912259.117000,1,9,45,5503,1474664.737850400,2,880,302,165,132,880,302,165,132,904.798,361.872,255.000,0,984.168,315.887,255.000,0,79.3703,-45.9854,1.1601,0.5895,0,1,1,1,1,0,0,有效双星
1787912259.127000,1,9,46,5504,1474664.747853900,2,880,302,165,132,880,302,165,132,907.001,356.620,255.000,0,986.861,311.615,255.000,0,79.8592,-45.0052,1.0953,1.6225,0,1,1,1,1,0,0,有效双星
1787912259.137000,1,9,47,5505,1474664.757865300,2,880,302,165,132,880,302,165,132,908.867,355.572,255.000,0,988.135,310.905,255.000,0,79.2682,-44.6667,0.6811,1.9446,0,1,1,1,1,0,0,有效双星
1787912259.154000,1,9,48,5506,1474664.767875400,2,880,302,165,132,880,302,165,132,908.853,359.068,255.000,0,988.187,313.716,255.000,0,79.3349,-45.3524,0.6889,1.2617,0,1,1,1,1,0,0,有效双星
1787912259.159000,1,9,49,5507,1474664.777891700,2,880,302,165,132,880,302,165,132,907.002,365.820,255.000,0,986.850,319.014,255.000,0,79.8479,-46.8061,1.5416,0.4748,0,1,1,1,1,0,0,有效双星
1787912259.167000,1,9,50,5508,1474664.787863600,2,880,302,165,132,880,302,165,132,904.033,372.012,255.000,0,983.876,325.042,255.000,0,79.8428,-46.9696,0.1635,0.4404,0,1,1,1,1,0,0,有效双星
1787912259.683000,1,10,1,5557,1474665.302209200,3,862,280,165,132,862,280,165,132,904.106,365.741,255.000,0,984.146,319.018,255.000,0,80.0399,-46.7234,0.1941,0.5842,0,1,1,1,1,0,0,有效双星
1787912259.691000,1,10,2,5558,1474665.312179600,3,862,280,165,132,862,280,165,132,904.976,363.990,255.000,0,984.841,317.048,255.000,0,79.8651,-46.9422,0.2801,0.3138,0,1,1,1,1,0,0,有效双星
1787912259.701000,1,10,3,5559,1474665.322192100,3,862,280,165,132,862,280,165,132,905.835,363.677,255.000,0,985.284,317.024,255.000,0,79.4484,-46.6526,0.5074,0.2034,0,1,1,1,1,0,0,有效双星
1787912259.717000,1,10,4,5560,1474665.332227500,3,862,280,165,132,862,280,165,132,906.073,365.147,255.000,0,985.988,318.073,255.000,0,79.9144,-47.0740,0.6283,0.4442,0,1,1,1,1,0,0,有效双星
1787912259.721000,1,10,5,5561,1474665.342193700,3,862,280,165,132,862,280,165,132,906.044,367.250,255.000,0,985.902,320.934,255.000,0,79.8578,-46.3156,0.7605,0.4661,0,1,1,1,1,0,0,有效双星
1787912259.732000,1,10,6,5562,1474665.352187000,3,862,280,165,132,862,280,165,132,905.062,368.934,255.000,0,985.035,322.049,255.000,0,79.9728,-46.8854,0.5813,0.2070,0,1,1,1,1,0,0,有效双星
1787912259.741000,1,10,7,5563,1474665.362182000,3,862,280,165,132,862,280,165,132,903.994,369.644,255.000,0,983.879,322.989,255.000,0,79.8848,-46.6557,0.2460,0.0756,0,1,1,1,1,0,0,有效双星
1787912259.751000,1,10,8,5564,1474665.372188300,3,862,280,165,132,862,280,165,132,903.029,368.982,255.000,0,982.956,322.055,255.000,0,79.9273,-46.9278,0.2754,0.2142,0,1,1,1,1,0,0,有效双星
1787912259.761000,1,10,9,5565,1474665.382194000,3,862,280,165,132,862,280,165,132,902.985,367.595,255.000,0,982.936,320.997,255.000,0,79.9508,-46.5982,0.3305,0.1879,0,1,1,1,1,0,0,有效双星
1787912259.772000,1,10,10,5566,1474665.392200000,3,862,280,165,132,862,280,165,132,904.009,366.090,255.000,0,983.899,319.065,255.000,0,79.8897,-47.0246,0.4308,0.2638,0,1,1,1,1,0,0,有效双星
1787912259.782000,1,10,11,5567,1474665.402189700,3,862,280,165,132,862,280,165,132,905.094,364.994,255.000,0,985.124,318.065,255.000,0,80.0300,-46.9295,0.1694,0.1891,0,1,1,1,1,0,0,有效双星
1787912259.793000,1,10,12,5568,1474665.412187100,3,862,280,165,132,862,280,165,132,906.164,364.893,255.000,0,986.211,318.041,255.000,0,80.0470,-46.8522,0.0792,0.1724,0,1,1,1,1,0,0,有效双星
1787912259.802000,1,10,13,5569,1474665.422193200,3,862,280,165,132,862,280,165,132,906.977,365.757,255.000,0,986.431,319.010,255.000,0,79.4536,-46.7466,0.6027,0.4505,0,1,1,1,1,0,0,有效双星
1787912259.811000,1,10,14,5570,1474665.432193000,3,862,280,165,132,862,280,165,132,906.102,366.851,255.000,0,986.093,320.027,255.000,0,79.9916,-46.8239,0.5435,0.1044,0,1,1,1,1,0,0,有效双星
1787912259.821000,1,10,15,5571,1474665.442188200,3,862,280,165,132,862,280,165,132,904.938,367.838,255.000,0,984.839,321.037,255.000,0,79.9002,-46.8013,0.0941,0.0381,0,1,1,1,1,0,0,有效双星
1787912259.832000,1,10,16,5572,1474665.452187200,3,862,280,165,132,862,280,165,132,903.829,368.262,255.000,0,983.200,321.103,255.000,0,79.3717,-47.1586,0.6380,0.6279,0,1,1,1,1,0,0,有效双星
1787912259.841000,1,10,17,5573,1474665.462182100,3,862,280,165,132,862,280,165,132,902.834,367.966,255.000,0,982.366,321.089,255.000,0,79.5319,-46.8772,0.3238,0.3652,0,1,1,1,1,0,0,有效双星
1787912259.851000,1,10,18,5574,1474665.472182700,3,862,280,165,132,862,280,165,132,903.129,367.833,255.000,0,983.074,321.009,255.000,0,79.9453,-46.8242,0.4168,0.0645,0,1,1,1,1,0,0,有效双星
1787912259.861000,1,10,19,5575,1474665.482285400,3,862,280,165,132,862,280,165,132,904.898,367.106,255.000,0,984.344,320.080,255.000,0,79.4459,-47.0252,0.5383,0.4865,0,1,1,1,1,0,0,有效双星
1787912259.871000,1,10,20,5576,1474665.492205200,3,862,280,165,132,862,280,165,132,906.013,366.323,255.000,0,985.973,319.977,255.000,0,79.9599,-46.3453,0.8524,0.4972,0,1,1,1,1,0,0,有效双星
1787912259.882000,1,10,21,5577,1474665.502205600,3,862,280,165,132,862,280,165,132,906.911,365.914,255.000,0,986.343,319.043,255.000,0,79.4314,-46.8715,0.7458,0.4771,0,1,1,1,1,0,0,有效双星
1787912259.893000,1,10,22,5578,1474665.512193100,3,862,280,165,132,862,280,165,132,906.017,365.524,255.000,0,986.037,318.990,255.000,0,80.0196,-46.5338,0.6782,0.3509,0,1,1,1,1,0,0,有效双星
1787912259.903000,1,10,23,5579,1474665.522215200,3,862,280,165,132,862,280,165,132,905.082,366.009,255.000,0,985.003,319.046,255.000,0,79.9210,-46.9629,0.4403,0.1255,0,1,1,1,1,0,0,有效双星
1787912259.911000,1,10,24,5580,1474665.532187600,3,862,280,165,132,862,280,165,132,904.081,366.929,255.000,0,984.022,320.033,255.000,0,79.9420,-46.8954,0.0707,0.0414,0,1,1,1,1,0,0,有效双星
1787912259.921000,1,10,25,5581,1474665.542189300,3,862,280,165,132,862,280,165,132,903.875,367.902,255.000,0,983.341,321.054,255.000,0,79.4666,-46.8478,0.4778,0.4577,0,1,1,1,1,0,0,有效双星
1787912259.931000,1,10,26,5582,1474665.552198700,3,862,280,165,132,862,280,165,132,903.919,368.664,255.000,0,983.372,322.001,255.000,0,79.4527,-46.6631,0.1852,0.5116,0,1,1,1,1,0,0,有效双星
1787912259.941000,1,10,27,5583,1474665.562204200,3,862,280,165,132,862,280,165,132,904.117,368.350,255.000,0,984.084,321.966,255.000,0,79.9668,-46.3841,0.5850,0.4693,0,1,1,1,1,0,0,有效双星
1787912259.952000,1,10,28,5584,1474665.572192900,3,862,280,165,132,862,280,165,132,905.002,367.671,255.000,0,984.912,320.994,255.000,0,79.9100,-46.6768,0.2982,0.1738,0,1,1,1,1,0,0,有效双星
1787912259.967000,1,10,29,5585,1474665.582211400,3,862,280,165,132,862,280,165,132,905.830,366.563,255.000,0,985.287,319.996,255.000,0,79.4569,-46.5675,0.4662,0.5315,0,1,1,1,1,0,0,有效双星
1787912259.973000,1,10,30,5586,1474665.592189100,3,862,280,165,132,862,280,165,132,905.905,365.735,255.000,0,985.428,319.031,255.000,0,79.5233,-46.7038,0.1516,0.4040,0,1,1,1,1,0,0,有效双星
1787912259.983000,1,10,31,5587,1474665.602192900,3,862,280,165,132,862,280,165,132,905.849,365.504,255.000,0,985.312,318.981,255.000,0,79.4635,-46.5228,0.1906,0.5346,0,1,1,1,1,0,0,有效双星
1787912259.991000,1,10,32,5588,1474665.612206200,3,862,280,165,132,862,280,165,132,905.019,365.894,255.000,0,984.982,319.043,255.000,0,79.9627,-46.8510,0.5975,0.2497,0,1,1,1,1,0,0,有效双星
1787912260.001000,1,10,33,5589,1474665.622193700,3,862,280,165,132,862,280,165,132,904.875,366.879,255.000,0,984.267,320.032,255.000,0,79.3914,-46.8475,0.5714,0.3266,0,1,1,1,1,0,0,有效双星
1787912260.013000,1,10,34,5590,1474665.632196300,3,862,280,165,132,862,280,165,132,904.087,367.806,255.000,0,984.049,321.014,255.000,0,79.9628,-46.7924,0.5741,0.2487,0,1,1,1,1,0,0,有效双星
1787912260.022000,1,10,35,5591,1474665.642218300,3,862,280,165,132,862,280,165,132,904.073,368.226,255.000,0,984.048,321.094,255.000,0,79.9743,-47.1317,0.3395,0.4104,0,1,1,1,1,0,0,有效双星
1787912260.031000,1,10,36,5592,1474665.652194400,3,862,280,165,132,862,280,165,132,904.800,368.202,255.000,0,984.183,321.099,255.000,0,79.3830,-47.1034,0.5919,0.4310,0,1,1,1,1,0,0,有效双星
1787912260.041000,1,10,37,5593,1474665.662196300,3,862,280,165,132,862,280,165,132,904.946,367.714,255.000,0,984.848,321.012,255.000,0,79.9022,-46.7025,0.6559,0.2250,0,1,1,1,1,0,0,有效双星
1787912260.052000,1,10,38,5594,1474665.672200100,3,862,280,165,132,862,280,165,132,905.097,366.852,255.000,0,985.145,320.038,255.000,0,80.0473,-46.8133,0.1825,0.1412,0,1,1,1,1,0,0,有效双星
1787912260.062000,1,10,39,5595,1474665.682202600,3,862,280,165,132,862,280,165,132,905.804,365.998,255.000,0,985.252,319.078,255.000,0,79.4480,-46.9198,0.6087,0.4728,0,1,1,1,1,0,0,有效双星
1787912260.072000,1,10,40,5596,1474665.692218300,3,862,280,165,132,862,280,165,132,905.052,365.607,255.000,0,985.100,318.998,255.000,0,80.0478,-46.6091,0.6755,0.2401,0,1,1,1,1,0,0,有效双星
1787912260.081000,1,10,41,5597,1474665.702199400,3,862,280,165,132,862,280,165,132,905.026,365.816,255.000,0,984.893,319.009,255.000,0,79.8675,-46.8073,0.2679,0.0388,0,1,1,1,1,0,0,有效双星
1787912260.092000,1,10,42,5598,1474665.712301100,3,862,280,165,132,862,280,165,132,904.890,366.546,255.000,0,984.347,319.984,255.000,0,79.4576,-46.5620,0.4777,0.5077,0,1,1,1,1,0,0,有效双星
1787912260.101000,1,10,43,5599,1474665.722188200,3,862,280,165,132,862,280,165,132,904.907,367.711,255.000,0,984.335,321.007,255.000,0,79.4279,-46.7045,0.1456,0.4668,0,1,1,1,1,0,0,有效双星
1787912260.111000,1,10,44,5600,1474665.732206100,3,862,280,165,132,862,280,165,132,904.911,368.528,255.000,0,984.373,321.981,255.000,0,79.4617,-46.5476,0.1605,0.3082,0,1,1,1,1,0,0,有效双星
1787912260.121000,1,10,45,5601,1474665.742185200,3,862,280,165,132,862,280,165,132,904.916,368.555,255.000,0,984.423,321.996,255.000,0,79.5070,-46.5591,0.0467,0.1455,0,1,1,1,1,0,0,有效双星
1787912260.132000,1,10,46,5602,1474665.752192200,3,862,280,165,132,862,280,165,132,904.869,367.789,255.000,0,984.396,321.049,255.000,0,79.5273,-46.7392,0.1812,0.0380,0,1,1,1,1,0,0,有效双星
1787912260.143000,1,10,47,5603,1474665.762210200,3,862,280,165,132,862,280,165,132,904.861,366.803,255.000,0,984.348,320.038,255.000,0,79.4875,-46.7650,0.0474,0.0717,0,1,1,1,1,0,0,有效双星
1787912260.156000,1,10,48,5604,1474665.772214900,3,862,280,165,132,862,280,165,132,904.880,365.923,255.000,0,984.352,319.054,255.000,0,79.4719,-46.8690,0.1051,0.1534,0,1,1,1,1,0,0,有效双星
1787912260.161000,1,10,49,5605,1474665.782248800,3,862,280,165,132,862,280,165,132,904.903,365.581,255.000,0,984.441,319.008,255.000,0,79.5379,-46.5727,0.3035,0.1839,0,1,1,1,1,0,0,有效双星
1787912260.172000,1,10,50,5606,1474665.792201400,3,862,280,165,132,862,280,165,132,905.132,366.255,255.000,0,985.013,319.069,255.000,0,79.8810,-47.1860,0.7027,0.5675,0,1,1,1,1,0,0,有效双星
1787912262.841000,1,11,1,5870,1474668.461277400,4,844,288,165,131,844,288,165,131,886.106,367.253,255.000,0,966.076,320.965,255.000,0,79.9695,-46.2879,0.0432,0.4823,0,1,1,1,1,0,0,有效双星
1787912262.850000,1,11,2,5871,1474668.470390500,4,844,288,165,131,844,288,165,131,889.842,360.957,255.000,0,969.255,314.071,255.000,0,79.4131,-46.8866,0.8173,0.4783,0,1,1,1,1,0,0,有效双星
1787912262.859000,1,11,3,5872,1474668.480376400,4,844,288,165,131,844,288,165,131,891.997,359.634,255.000,0,971.907,313.008,255.000,0,79.9095,-46.6256,0.5608,0.1395,0,1,1,1,1,0,0,有效双星
1787912262.871000,1,11,4,5873,1474668.490381600,4,844,288,165,131,844,288,165,131,892.090,363.227,255.000,0,971.955,316.939,255.000,0,79.8649,-46.2879,0.3407,0.4739,0,1,1,1,1,0,0,有效双星
1787912262.881000,1,11,5,5874,1474668.500386500,4,844,288,165,131,844,288,165,131,889.114,369.432,255.000,0,969.051,322.988,255.000,0,79.9362,-46.4447,0.1723,0.3028,0,1,1,1,1,0,0,有效双星
1787912262.891000,1,11,6,5875,1474668.510375700,4,844,288,165,131,844,288,165,131,883.902,374.886,255.000,0,963.413,328.068,255.000,0,79.5114,-46.8186,0.5659,0.3934,0,1,1,1,1,0,0,有效双星
1787912262.902000,1,11,7,5876,1474668.520385700,4,844,288,165,131,844,288,165,131,876.009,375.584,255.000,0,955.960,329.005,255.000,0,79.9504,-46.5788,0.5002,0.2206,0,1,1,1,1,0,0,有效双星
1787912262.911000,1,11,8,5877,1474668.530425100,4,844,288,165,131,844,288,165,131,867.065,369.156,255.000,0,947.079,322.094,255.000,0,80.0140,-47.0627,0.4880,0.3421,0,1,1,1,1,0,0,有效双星
1787912262.921000,1,11,9,5878,1474668.540391300,4,844,288,165,131,844,288,165,131,858.075,356.345,255.000,0,938.055,309.973,255.000,0,79.9795,-46.3724,0.6911,0.3996,0,1,1,1,1,0,0,有效双星
1787912262.931000,1,11,10,5879,1474668.550393000,4,844,288,165,131,844,288,165,131,851.296,338.395,255.000,0,928.937,296.120,255.000,0,77.6412,-42.2751,4.7176,4.9489,0,1,1,1,1,0,0,有效双星
1787912262.941000,1,11,11,5880,1474668.560394600,4,844,288,165,131,844,288,165,131,849.624,319.185,255.000,0,921.921,290.780,245.000,0,0.0000,0.0000,14.8638,19.7904,0,1,1,0,0,1,0,双星差分跳变 14.864 px，已拒绝该样本
1787912262.949000,1,11,12,5881,1474668.570403000,4,844,288,165,131,844,288,165,131,0.000,0.000,0.000,0,0.000,0.000,0.000,0,0.0000,0.0000,0.0000,0.0000,0,0,0,0,0,0,0,AOI 内候选连通域不足两个（当前 1 个）
1787912262.960000,1,11,13,5882,1474668.580523000,4,844,288,165,131,844,288,165,131,0.000,0.000,0.000,0,0.000,0.000,0.000,0,0.0000,0.0000,0.0000,0.0000,0,0,0,0,0,0,0,AOI 内候选连通域不足两个（当前 1 个）
1787912262.971000,1,11,14,5883,1474668.590393800,4,844,288,165,131,844,288,165,131,0.000,0.000,0.000,0,0.000,0.000,0.000,0,0.0000,0.0000,0.0000,0.0000,0,0,0,0,0,0,0,AOI 内候选连通域不足两个（当前 1 个）
1787912262.981000,1,11,15,5884,1474668.600382700,4,844,288,165,131,844,288,165,131,0.000,0.000,0.000,0,0.000,0.000,0.000,0,0.0000,0.0000,0.0000,0.0000,0,0,0,0,0,0,0,AOI 内候选连通域不足两个（当前 1 个）
1787912262.992000,1,11,16,5885,1474668.610394000,4,844,288,165,131,844,288,165,131,849.886,326.343,255.000,0,923.878,292.659,255.000,0,73.9924,-33.6846,9.3333,14.2729,1,1,1,1,1,0,0,有效双星（差分基线偏离 14.273 px，连续 1/5 帧）
1787912263.000000,1,11,17,5886,1474668.620408200,4,844,288,165,131,844,288,165,131,848.544,332.630,230.000,0,917.487,294.920,255.000,0,68.9435,-37.7095,6.4569,14.1663,2,1,1,1,1,0,0,有效双星（差分基线偏离 14.166 px，连续 2/5 帧）
1787912263.011000,1,11,18,5887,1474668.630516200,4,844,288,165,131,844,288,165,131,0.000,0.000,0.000,0,0.000,0.000,0.000,0,0.0000,0.0000,0.0000,0.0000,0,0,0,0,0,0,0,AOI 内双星候选未达到最小间距
1787912263.021000,1,11,19,5888,1474668.640406600,4,844,288,165,131,844,288,165,131,0.000,0.000,0.000,0,0.000,0.000,0.000,0,0.0000,0.0000,0.0000,0.0000,0,0,0,0,0,0,0,AOI 内双星候选未达到最小间距
1787912263.031000,1,11,20,5889,1474668.650394800,4,844,288,165,131,844,288,165,131,848.776,318.355,125.000,0,912.709,290.525,255.000,0,0.0000,0.0000,11.0771,24.7061,2,1,1,0,0,1,0,双星差分跳变 11.077 px，已拒绝该样本
1787912263.041000,1,11,21,5890,1474668.660394800,4,844,288,165,131,844,288,165,131,0.000,0.000,0.000,0,0.000,0.000,0.000,0,0.0000,0.0000,0.0000,0.0000,0,0,0,0,0,0,0,AOI 内候选连通域不足两个（当前 1 个）
1787912263.050000,1,11,22,5891,1474668.670393100,4,844,288,165,131,844,288,165,131,0.000,0.000,0.000,0,0.000,0.000,0.000,0,0.0000,0.0000,0.0000,0.0000,0,0,0,0,0,0,0,AOI 内候选连通域不足两个（当前 1 个）
1787912263.060000,1,11,23,5892,1474668.680438600,4,844,288,165,131,844,288,165,131,0.000,0.000,0.000,0,0.000,0.000,0.000,0,0.0000,0.0000,0.0000,0.0000,0,0,0,0,0,0,0,AOI 内候选连通域不足两个（当前 1 个）
1787912263.072000,1,11,24,5893,1474668.690435100,4,844,288,165,131,844,288,165,131,0.000,0.000,0.000,0,0.000,0.000,0.000,0,0.0000,0.0000,0.0000,0.0000,0,0,0,0,0,0,0,AOI 内候选连通域不足两个（当前 1 个）
1787912263.081000,1,11,25,5894,1474668.700401800,4,844,288,165,131,844,288,165,131,0.000,0.000,0.000,0,0.000,0.000,0.000,0,0.0000,0.0000,0.0000,0.0000,0,0,0,0,0,0,0,AOI 内候选连通域不足两个（当前 1 个）
1787912263.092000,1,11,26,5895,1474668.711308700,4,844,288,165,131,844,288,165,131,0.000,0.000,0.000,0,0.000,0.000,0.000,0,0.0000,0.0000,0.0000,0.0000,0,0,0,0,0,0,0,AOI 内候选连通域不足两个（当前 1 个）
1787912263.101000,1,11,27,5896,1474668.720388900,4,844,288,165,131,844,288,165,131,0.000,0.000,0.000,0,0.000,0.000,0.000,0,0.0000,0.0000,0.0000,0.0000,0,0,0,0,0,0,1,AOI 内候选连通域不足两个（当前 1 个）
1787912263.351000,2,12,1,5897,1474668.960310700,0,0,0,1920,1200,0,0,1920,1200,866.061,312.954,255.000,0,943.772,266.219,255.000,0,77.7113,-46.7346,0.0000,0.0000,0,1,1,1,0,0,0,全画幅定位成功，已选择面积最大的两个有效连通域
1787912263.399000,2,13,1,5898,1474669.018428800,1,824,224,163,132,824,224,163,132,857.131,319.935,255.000,0,937.071,273.024,255.000,0,79.9404,-46.9102,2.2360,0.0000,0,1,1,1,1,0,0,有效双星
1787912263.409000,2,13,2,5899,1474669.028405500,1,824,224,163,132,824,224,163,132,855.943,317.005,255.000,0,935.814,270.046,255.000,0,79.8715,-46.9591,0.0845,0.0000,0,1,1,1,1,0,0,有效双星
1787912263.419000,2,13,3,5900,1474669.038398400,1,824,224,163,132,824,224,163,132,853.075,312.584,255.000,0,933.090,265.984,255.000,0,80.0154,-46.5999,0.3870,0.0000,0,1,1,1,1,0,0,有效双星
1787912263.427000,2,13,4,5901,1474669.048411100,1,824,224,163,132,824,224,163,132,851.096,308.605,255.000,0,930.922,261.952,255.000,0,79.8263,-46.6530,0.1964,0.0000,0,1,1,1,1,0,0,有效双星
1787912263.439000,2,13,5,5902,1474669.058405600,1,824,224,163,132,824,224,163,132,850.936,306.666,255.000,0,930.432,260.015,255.000,0,79.4968,-46.6509,0.3295,0.3840,0,1,1,1,1,0,0,有效双星
1787912263.449000,2,13,6,5903,1474669.068427600,1,824,224,163,132,824,224,163,132,853.111,308.991,255.000,0,933.003,262.029,255.000,0,79.8921,-46.9621,0.5031,0.2718,0,1,1,1,1,0,0,有效双星
1787912263.457000,2,13,7,5904,1474669.078429000,1,824,224,163,132,824,224,163,132,856.878,313.719,255.000,0,936.376,267.020,255.000,0,79.4976,-46.6999,0.4736,0.3755,0,1,1,1,1,0,0,有效双星
1787912263.469000,2,13,8,5905,1474669.088400000,1,824,224,163,132,824,224,163,132,858.943,318.538,255.000,0,938.903,271.985,255.000,0,79.9596,-46.5525,0.4849,0.1985,0,1,1,1,1,0,0,有效双星
1787912263.479000,2,13,9,5906,1474669.098405600,1,824,224,163,132,824,224,163,132,858.113,320.595,255.000,0,938.092,273.970,255.000,0,79.9791,-46.6241,0.0741,0.1316,0,1,1,1,1,0,0,有效双星
1787912263.489000,2,13,10,5907,1474669.108416800,1,824,224,163,132,824,224,163,132,854.831,318.457,255.000,0,934.372,271.992,255.000,0,79.5410,-46.4646,0.4662,0.4013,0,1,1,1,1,0,0,有效双星
1787912263.499000,2,13,11,5908,1474669.118418200,1,824,224,163,132,824,224,163,132,851.044,314.786,255.000,0,930.412,267.981,255.000,0,79.3678,-46.8051,0.3819,0.5262,0,1,1,1,1,0,0,有效双星
1787912263.509000,2,13,12,5909,1474669.128413900,1,824,224,163,132,824,224,163,132,849.097,310.767,255.000,0,929.005,263.999,255.000,0,79.9075,-46.7686,0.5408,0.1092,0,1,1,1,1,0,0,有效双星
1787912263.519000,2,13,13,5910,1474669.138419500,1,824,224,163,132,824,224,163,132,850.940,308.905,255.000,0,930.426,262.054,255.000,0,79.4863,-46.8506,0.4291,0.4137,0,1,1,1,1,0,0,有效双星
1787912263.530000,2,13,14,5911,1474669.148497300,1,824,224,163,132,824,224,163,132,854.897,309.909,255.000,0,934.297,263.028,255.000,0,79.4000,-46.8809,0.0914,0.4778,0,1,1,1,1,0,0,有效双星
1787912263.539000,2,13,15,5912,1474669.158427000,1,824,224,163,132,824,224,163,132,858.011,312.072,255.000,0,938.020,265.932,255.000,0,80.0083,-46.1392,0.9592,0.6226,0,1,1,1,1,0,0,有效双星
1787912263.549000,2,13,16,5913,1474669.168460900,1,824,224,163,132,824,224,163,132,859.869,314.907,255.000,0,939.311,268.039,255.000,0,79.4423,-46.8686,0.9232,0.4339,0,1,1,1,1,0,0,有效双星
1787912263.559000,2,13,17,5914,1474669.178412500,1,824,224,163,132,824,224,163,132,858.084,316.959,255.000,0,938.027,270.028,255.000,0,79.9438,-46.9305,0.5054,0.2285,0,1,1,1,1,0,0,有效双星
1787912263.569000,2,13,18,5915,1474669.188444000,1,824,224,163,132,824,224,163,132,854.951,317.581,255.000,0,934.432,270.983,255.000,0,79.4805,-46.5972,0.5708,0.3995,0,1,1,1,1,0,0,有效双星
1787912263.579000,2,13,19,5916,1474669.198436500,1,824,224,163,132,824,224,163,132,851.756,316.474,255.000,0,931.086,269.962,255.000,0,79.3300,-46.5111,0.1733,0.5443,0,1,1,1,1,0,0,有效双星
1787912263.592000,2,13,20,5917,1474669.208447900,1,824,224,163,132,824,224,163,132,849.133,314.145,255.000,0,929.074,267.065,255.000,0,79.9411,-47.0799,0.8348,0.4448,0,1,1,1,1,0,0,有效双星
1787912263.599000,2,13,21,5918,1474669.218414000,1,824,224,163,132,824,224,163,132,849.953,311.823,255.000,0,929.420,265.031,255.000,0,79.4677,-46.7921,0.5541,0.3856,0,1,1,1,1,0,0,有效双星
1787912263.609000,2,13,22,5919,1474669.228394500,1,824,224,163,132,824,224,163,132,853.055,310.853,255.000,0,932.948,264.015,255.000,0,79.8931,-46.8379,0.4279,0.2337,0,1,1,1,1,0,0,有效双星
1787912263.619000,2,13,23,5920,1474669.238397200,1,824,224,163,132,824,224,163,132,857.779,311.652,255.000,0,937.158,264.997,255.000,0,79.3791,-46.6548,0.5457,0.3147,0,1,1,1,1,0,0,有效双星
1787912263.629000,2,13,24,5921,1474669.248407700,1,824,224,163,132,824,224,163,132,860.098,313.699,255.000,0,940.149,267.004,255.000,0,80.0506,-46.6953,0.6727,0.5327,0,1,1,1,1,0,0,有效双星
1787912263.639000,2,13,25,5922,1474669.258430100,1,824,224,163,132,824,224,163,132,860.001,315.274,255.000,0,939.919,268.953,255.000,0,79.9177,-46.3209,0.3972,0.5741,0,1,1,1,1,0,0,有效双星
1787912263.655000,2,13,26,5923,1474669.268435300,1,824,224,163,132,824,224,163,132,856.810,315.676,255.000,0,936.224,269.003,255.000,0,79.4147,-46.6725,0.6137,0.3081,0,1,1,1,1,0,0,有效双星
1787912263.659000,2,13,27,5924,1474669.278427000,1,824,224,163,132,824,224,163,132,851.942,314.816,255.000,0,931.418,268.030,255.000,0,79.4756,-46.7860,0.1288,0.0986,0,1,1,1,1,0,0,有效双星
1787912263.668000,2,13,28,5925,1474669.288412900,1,824,224,163,132,824,224,163,132,849.056,313.903,255.000,0,928.878,267.010,255.000,0,79.8221,-46.8934,0.3628,0.3481,0,1,1,1,1,0,0,有效双星
1787912263.679000,2,13,29,5926,1474669.298416500,1,824,224,163,132,824,224,163,132,849.826,313.491,255.000,0,929.199,266.969,255.000,0,79.3731,-46.5221,0.5827,0.2914,0,1,1,1,1,0,0,有效双星
1787912263.689000,2,13,30,5927,1474669.308425700,1,824,224,163,132,824,224,163,132,852.961,313.845,255.000,0,932.432,267.031,255.000,0,79.4714,-46.8140,0.3081,0.0386,0,1,1,1,1,0,0,有效双星
1787912263.699000,2,13,31,5928,1474669.318432900,1,824,224,163,132,824,224,163,132,856.992,314.228,255.000,0,936.850,267.076,255.000,0,79.8582,-47.1516,0.5134,0.5253,0,1,1,1,1,0,0,有效双星
1787912263.709000,2,13,32,5929,1474669.328432900,1,824,224,163,132,824,224,163,132,859.124,314.085,255.000,0,939.211,267.072,255.000,0,80.0873,-47.0121,0.2683,0.6438,0,1,1,1,1,0,0,有效双星
1787912263.719000,2,13,33,5930,1474669.338444500,1,824,224,163,132,824,224,163,132,859.062,313.743,255.000,0,939.113,267.018,255.000,0,80.0511,-46.7247,0.2896,0.5732,0,1,1,1,1,0,0,有效双星
1787912263.729000,2,13,34,5931,1474669.348409000,1,824,224,163,132,824,224,163,132,856.959,313.396,255.000,0,936.793,266.969,255.000,0,79.8338,-46.4269,0.3687,0.4056,0,1,1,1,1,0,0,有效双星
1787912263.739000,2,13,35,5932,1474669.358411100,1,824,224,163,132,824,224,163,132,853.802,313.223,255.000,0,933.178,266.097,255.000,0,79.3765,-47.1262,0.8355,0.5842,0,1,1,1,1,0,0,有效双星
1787912263.747000,2,13,36,5933,1474669.368423100,1,824,224,163,132,824,224,163,132,850.973,313.620,255.000,0,930.349,266.967,255.000,0,79.3765,-46.6528,0.4734,0.3067,0,1,1,1,1,0,0,有效双星
1787912263.759000,2,13,37,5934,1474669.378436500,1,824,224,163,132,824,224,163,132,850.075,313.875,255.000,0,929.953,267.013,255.000,0,79.8782,-46.8618,0.5435,0.2506,0,1,1,1,1,0,0,有效双星
1787912263.769000,2,13,38,5935,1474669.388412800,1,824,224,163,132,824,224,163,132,851.961,314.469,255.000,0,931.855,267.962,255.000,0,79.8946,-46.5070,0.3552,0.3477,0,1,1,1,1,0,0,有效双星
1787912263.780000,2,13,39,5936,1474669.400405600,1,824,224,163,132,824,224,163,132,855.147,315.286,255.000,0,935.128,268.086,255.000,0,79.9810,-47.1993,0.6977,0.4696,0,1,1,1,1,0,0,有效双星
1787912263.789000,2,13,40,5937,1474669.408405900,1,824,224,163,132,824,224,163,132,858.052,315.690,255.000,0,938.081,269.008,255.000,0,80.0292,-46.6823,0.5193,0.2120,0,1,1,1,1,0,0,有效双星
1787912263.798000,2,13,41,5938,1474669.418421400,1,824,224,163,132,824,224,163,132,859.000,315.190,255.000,0,938.864,268.072,255.000,0,79.8640,-47.1178,0.4658,0.3629,0,1,1,1,1,0,0,有效双星
1787912263.808000,2,13,42,5939,1474669.428432700,1,824,224,163,132,824,224,163,132,856.947,313.631,255.000,0,936.831,266.984,255.000,0,79.8847,-46.6476,0.4707,0.1104,0,1,1,1,1,0,0,有效双星
1787912263.819000,2,13,43,5940,1474669.438423900,1,824,224,163,132,824,224,163,132,853.154,311.862,255.000,0,933.212,265.032,255.000,0,80.0574,-46.8295,0.2508,0.2298,0,1,1,1,1,0,0,有效双星
1787912263.829000,2,13,44,5941,1474669.448502300,1,824,224,163,132,824,224,163,132,851.011,311.296,255.000,0,930.831,264.949,255.000,0,79.8206,-46.3464,0.5380,0.4121,0,1,1,1,1,0,0,有效双星
1787912263.842000,2,13,45,5942,1474669.458430600,1,824,224,163,132,824,224,163,132,850.935,312.534,255.000,0,930.396,265.979,255.000,0,79.4607,-46.5554,0.4162,0.4476,0,1,1,1,1,0,0,有效双星
1787912263.849000,2,13,46,5943,1474669.468417800,1,824,224,163,132,824,224,163,132,853.016,314.801,255.000,0,932.868,268.001,255.000,0,79.8515,-46.8001,0.4612,0.0451,0,1,1,1,1,0,0,有效双星
1787912263.859000,2,13,47,5944,1474669.478400100,1,824,224,163,132,824,224,163,132,855.970,316.772,255.000,0,935.400,270.000,255.000,0,79.4304,-46.7719,0.4220,0.4250,0,1,1,1,1,0,0,有效双星
1787912263.868000,2,13,48,5945,1474669.488407800,1,824,224,163,132,824,224,163,132,857.134,316.948,255.000,0,937.210,270.050,255.000,0,80.0756,-46.8973,0.6572,0.2472,0,1,1,1,1,0,0,有效双星
1787912263.878000,2,13,49,5946,1474669.498399500,1,824,224,163,132,824,224,163,132,857.069,315.773,255.000,0,937.008,269.001,255.000,0,79.9390,-46.7721,0.1853,0.0791,0,1,1,1,1,0,0,有效双星
1787912263.889000,2,13,50,5947,1474669.508400900,1,824,224,163,132,824,224,163,132,855.057,313.544,255.000,0,935.112,266.990,255.000,0,80.0552,-46.5544,0.2468,0.2960,0,1,1,1,1,0,0,有效双星
1787912268.855000,2,14,1,6441,1474674.475680400,2,806,224,165,132,806,224,165,132,851.079,314.151,255.000,0,931.002,267.043,255.000,0,79.9238,-47.1081,0.2944,0.1579,0,1,1,1,1,0,0,有效双星
1787912268.864000,2,14,2,6442,1474674.485681800,2,806,224,165,132,806,224,165,132,853.111,313.528,255.000,0,933.141,266.085,255.000,0,80.0298,-47.4427,0.3511,0.5018,0,1,1,1,1,0,0,有效双星
1787912268.875000,2,14,3,6443,1474674.495674800,2,806,224,165,132,806,224,165,132,854.063,313.000,255.000,0,933.982,266.012,255.000,0,79.9191,-46.9880,0.4680,0.0205,0,1,1,1,1,0,0,有效双星
1787912268.885000,2,14,4,6444,1474674.505678400,2,806,224,165,132,806,224,165,132,852.992,312.224,255.000,0,932.464,265.067,255.000,0,79.4724,-47.1568,0.4776,0.4642,0,1,1,1,1,0,0,有效双星
1787912268.896000,2,14,5,6445,1474674.515689800,2,806,224,165,132,806,224,165,132,850.877,311.245,255.000,0,930.175,264.050,255.000,0,79.2983,-47.1953,0.1782,0.6347,0,1,1,1,1,0,0,有效双星
1787912268.905000,2,14,6,6446,1474674.525688400,2,806,224,165,132,806,224,165,132,848.911,310.736,255.000,0,928.297,263.120,255.000,0,79.3852,-47.6157,0.4293,0.7924,0,1,1,1,1,0,0,有效双星
1787912268.916000,2,14,7,6447,1474674.535678900,2,806,224,165,132,806,224,165,132,849.004,311.713,255.000,0,928.856,264.966,255.000,0,79.8526,-46.7469,0.9866,0.2543,0,1,1,1,1,0,0,有效双星
1787912268.924000,2,14,8,6448,1474674.545681900,2,806,224,165,132,806,224,165,132,851.105,314.240,255.000,0,931.033,267.054,255.000,0,79.9278,-47.1862,0.4457,0.1962,0,1,1,1,1,0,0,有效双星
1787912268.935000,2,14,9,6449,1474674.555688500,2,806,224,165,132,806,224,165,132,853.131,317.045,255.000,0,933.127,270.019,255.000,0,79.9964,-47.0256,0.1746,0.1355,0,1,1,1,1,0,0,有效双星
1787912268.945000,2,14,10,6450,1474674.565701400,2,806,224,165,132,806,224,165,132,852.896,318.607,255.000,0,932.419,271.976,255.000,0,79.5233,-46.6317,0.6157,0.5306,0,1,1,1,1,0,0,有效双星
1787912268.954000,2,14,11,6451,1474674.575708600,2,806,224,165,132,806,224,165,132,849.027,319.072,255.000,0,928.419,272.015,255.000,0,79.3921,-47.0573,0.4454,0.4855,0,1,1,1,1,0,0,有效双星
1787912268.966000,2,14,12,6452,1474674.586250900,2,806,224,165,132,806,224,165,132,843.021,318.758,255.000,0,922.911,271.977,255.000,0,79.8901,-46.7812,0.5695,0.2414,0,1,1,1,1,0,0,有效双星
1787912268.975000,2,14,13,6453,1474674.595684600,2,806,224,165,132,806,224,165,132,837.915,319.359,255.000,0,917.299,272.090,255.000,0,79.3841,-47.2693,0.7031,0.5569,0,1,1,1,1,0,0,有效双星
1787912268.986000,2,14,14,6454,1474674.605706100,2,806,224,165,132,806,224,165,132,835.925,321.851,255.000,0,915.312,274.998,255.000,0,79.3873,-46.8525,0.4169,0.4892,0,1,1,1,1,0,0,有效双星
1787912268.995000,2,14,15,6455,1474674.615697100,2,806,224,165,132,806,224,165,132,838.052,324.172,255.000,0,917.977,277.055,255.000,0,79.9249,-47.1174,0.5994,0.1367,0,1,1,1,1,0,0,有效双星
1787912269.007000,2,14,16,6456,1474674.625708300,2,806,224,165,132,806,224,165,132,844.139,324.310,255.000,0,924.026,277.050,255.000,0,79.8865,-47.2596,0.1473,0.2403,0,1,1,1,1,0,0,有效双星
1787912269.014000,2,14,17,6457,1474674.635697500,2,806,224,165,132,806,224,165,132,851.801,320.781,255.000,0,931.096,273.970,255.000,0,79.2952,-46.8116,0.7419,0.6194,0,1,1,1,1,0,0,有效双星
1787912269.029000,2,14,18,6458,1474674.645703800,2,806,224,165,132,806,224,165,132,856.920,314.854,255.000,0,936.401,268.009,255.000,0,79.4812,-46.8450,0.1890,0.4359,0,1,1,1,1,0,0,有效双星
1787912269.036000,2,14,19,6459,1474674.655688800,2,806,224,165,132,806,224,165,132,859.201,309.791,255.000,0,939.188,262.106,255.000,0,79.9865,-47.6854,0.9806,0.6575,0,1,1,1,1,0,0,有效双星
1787912269.045000,2,14,20,6460,1474674.665701500,2,806,224,165,132,806,224,165,132,858.990,307.314,255.000,0,938.868,260.073,255.000,0,79.8782,-47.2406,0.4578,0.1598,0,1,1,1,1,0,0,有效双星
1787912269.055000,2,14,21,6461,1474674.675702200,2,806,224,165,132,806,224,165,132,855.912,308.740,255.000,0,935.846,261.996,255.000,0,79.9346,-46.7437,0.5000,0.3755,0,1,1,1,1,0,0,有效双星
1787912269.066000,2,14,22,6462,1474674.685717600,2,806,224,165,132,806,224,165,132,851.971,312.834,255.000,0,931.348,265.972,255.000,0,79.3769,-46.8618,0.5701,0.5381,0,1,1,1,1,0,0,有效双星
1787912269.075000,2,14,23,6463,1474674.695680900,2,806,224,165,132,806,224,165,132,849.045,316.822,255.000,0,928.908,269.975,255.000,0,79.8630,-46.8463,0.4864,0.2622,0,1,1,1,1,0,0,有效双星
1787912269.085000,2,14,24,6464,1474674.705693200,2,806,224,165,132,806,224,165,132,850.122,319.751,255.000,0,930.050,272.100,255.000,0,79.9276,-47.6510,0.8073,0.6549,0,1,1,1,1,0,0,有效双星
1787912269.094000,2,14,25,6465,1474674.715684500,2,806,224,165,132,806,224,165,132,856.771,320.138,255.000,0,935.969,273.023,255.000,0,79.1983,-47.1151,0.9049,0.6636,0,1,1,1,1,0,0,有效双星
1787912269.105000,2,14,26,6466,1474674.725692500,2,806,224,165,132,806,224,165,132,864.914,317.641,255.000,0,944.823,270.976,255.000,0,79.9086,-46.6649,0.8409,0.3800,0,1,1,1,1,0,0,有效双星
1787912269.114000,2,14,27,6467,1474674.735713200,2,806,224,165,132,806,224,165,132,873.132,313.793,255.000,0,953.132,266.987,255.000,0,80.0000,-46.8063,0.1684,0.1888,0,1,1,1,1,0,0,有效双星
1787912269.125000,2,14,28,6468,1474674.745680900,2,806,224,165,132,806,224,165,132,879.173,310.435,255.000,0,959.075,263.077,255.000,0,79.9016,-47.3577,0.5601,0.4144,0,1,1,1,1,0,0,有效双星
1787912269.136000,2,14,29,6469,1474674.755714400,2,806,224,165,132,806,224,165,132,882.024,309.670,255.000,0,961.599,263.013,255.000,0,79.5744,-46.6570,0.7733,0.4207,0,1,1,1,1,0,0,有效双星
1787912269.146000,2,14,30,6470,1474674.765832100,2,806,224,165,132,806,224,165,132,880.913,312.553,255.000,0,960.249,265.078,255.000,0,79.3360,-47.4748,0.8518,0.8169,0,1,1,1,1,0,0,有效双星
1787912269.158000,2,14,31,6471,1474674.775713100,2,806,224,165,132,806,224,165,132,874.986,317.322,255.000,0,954.850,270.091,255.000,0,79.8641,-47.2309,0.5817,0.2715,0,1,1,1,1,0,0,有效双星
1787912269.166000,2,14,32,6472,1474674.785687100,2,806,224,165,132,806,224,165,132,869.191,324.317,255.000,0,949.143,277.073,255.000,0,79.9522,-47.2436,0.0891,0.2678,0,1,1,1,1,0,0,有效双星
1787912269.175000,2,14,33,6473,1474674.795687100,2,806,224,165,132,806,224,165,132,868.026,331.275,255.000,0,947.383,284.063,255.000,0,79.3570,-47.2120,0.5961,0.5229,0,1,1,1,1,0,0,有效双星
1787912269.185000,2,14,34,6474,1474674.805693800,2,806,224,165,132,806,224,165,132,871.854,335.099,255.000,0,951.255,288.061,255.000,0,79.4003,-47.0372,0.1801,0.4774,0,1,1,1,1,0,0,有效双星
1787912269.195000,2,14,35,6475,1474674.815684600,2,806,224,165,132,806,224,165,132,879.107,334.583,255.000,0,958.964,287.067,255.000,0,79.8564,-47.5164,0.6616,0.4004,0,1,1,1,1,0,0,有效双星
1787912269.205000,2,14,36,6476,1474674.825694900,2,806,224,165,132,806,224,165,132,887.875,328.334,255.000,0,964.026,281.305,255.000,0,76.1503,-47.0289,3.7380,3.7157,0,1,1,1,1,0,0,有效双星
1787912269.217000,2,14,37,6477,1474674.836720000,2,806,224,165,132,806,224,165,132,893.105,320.223,255.000,0,963.544,275.630,255.000,0,70.4398,-44.5928,6.2084,9.7417,0,1,1,1,1,0,0,有效双星
1787912269.225000,2,14,38,6478,1474674.845685600,2,806,224,165,132,806,224,165,132,893.871,313.555,255.000,0,963.467,268.751,255.000,0,69.5956,-44.8039,0.8702,10.5126,1,1,1,1,1,0,0,有效双星（差分基线偏离 10.513 px，连续 1/5 帧）
1787912269.234000,2,14,39,6479,1474674.855687500,2,806,224,165,132,806,224,165,132,888.949,310.912,255.000,0,964.531,264.292,255.000,0,75.5821,-46.6203,6.2560,4.3018,0,1,1,1,1,0,0,有效双星
1787912269.245000,2,14,40,6480,1474674.865695200,2,806,224,165,132,806,224,165,132,881.032,314.667,255.000,0,960.702,267.952,255.000,0,79.6701,-46.7142,4.0891,0.4085,0,1,1,1,1,0,0,有效双星
1787912269.256000,2,14,41,6481,1474674.875708000,2,806,224,165,132,806,224,165,132,873.803,323.095,255.000,0,953.132,276.060,255.000,0,79.3283,-47.0348,0.4686,0.4350,0,1,1,1,1,0,0,有效双星
1787912269.264000,2,14,42,6482,1474674.885701600,2,806,224,165,132,806,224,165,132,869.950,334.642,255.000,0,949.319,287.103,255.000,0,79.3692,-47.5390,0.5059,0.5668,0,1,1,1,1,0,0,有效双星
1787912269.282000,2,14,43,6483,1474674.895701600,2,806,224,165,132,806,224,165,132,872.838,343.796,255.000,0,952.159,296.980,255.000,0,79.3210,-46.8162,0.7244,0.2756,0,1,1,1,1,0,0,有效双星
1787912269.286000,2,14,44,6484,1474674.905690400,2,806,224,165,132,806,224,165,132,880.134,346.102,255.000,0,960.109,299.060,255.000,0,79.9748,-47.0412,0.6914,0.4875,0,1,1,1,1,0,0,有效双星
1787912269.295000,2,14,45,6485,1474674.915680900,2,806,224,165,132,806,224,165,132,889.014,340.026,255.000,0,964.532,293.277,255.000,0,75.5183,-46.7489,4.4661,3.9796,0,1,1,1,1,0,0,有效双星
1787912269.306000,2,14,46,6486,1474674.925677300,2,806,224,165,132,806,224,165,132,894.029,327.144,255.000,0,963.407,282.601,255.000,0,69.3781,-44.5421,6.5247,10.3127,1,1,1,1,1,0,0,有效双星（差分基线偏离 10.313 px，连续 1/5 帧）
1787912269.315000,2,14,47,6487,1474674.935694700,2,806,224,165,132,806,224,165,132,894.946,314.666,255.000,0,963.274,269.767,255.000,0,68.3278,-44.8996,1.1095,11.2615,2,1,1,1,1,0,0,有效双星（差分基线偏离 11.261 px，连续 2/5 帧）
1787912269.324000,2,14,48,6488,1474674.945680300,2,806,224,165,132,806,224,165,132,892.995,308.353,255.000,0,963.469,262.475,255.000,0,70.4750,-45.8777,2.3595,8.9847,0,1,1,1,1,0,0,有效双星
1787912269.335000,2,14,49,6489,1474674.955681600,2,806,224,165,132,806,224,165,132,890.159,311.575,255.000,0,964.575,264.454,255.000,0,74.4167,-47.1209,4.1331,4.9689,0,1,1,1,1,0,0,有效双星
1787912269.344000,2,14,50,6490,1474674.965694900,2,806,224,165,132,806,224,165,132,888.976,322.198,255.000,0,964.514,275.296,255.000,0,75.5384,-46.9018,1.1429,3.8271,0,1,1,1,1,0,0,有效双星
1787912269.873000,3,15,1,6518,1474675.480338200,0,0,0,1920,1200,0,0,1920,1200,913.200,358.287,255.000,0,991.615,311.205,255.000,0,78.4147,-47.0819,0.0000,0.0000,0,1,1,1,0,0,0,全画幅定位成功，已选择面积最大的两个有效连通域
1787912269.921000,3,16,1,6519,1474675.540250400,1,870,268,164,132,870,268,164,132,899.992,374.149,255.000,0,979.846,327.044,255.000,0,79.8543,-47.1053,1.4398,0.0000,0,1,1,1,1,0,0,有效双星
1787912269.931000,3,16,2,6520,1474675.550231600,1,870,268,164,132,870,268,164,132,901.905,376.870,255.000,0,981.264,329.993,255.000,0,79.3593,-46.8774,0.5450,0.0000,0,1,1,1,1,0,0,有效双星
1787912269.939000,3,16,3,6521,1474675.560233200,1,870,268,164,132,870,268,164,132,903.073,376.205,255.000,0,982.978,329.052,255.000,0,79.9046,-47.1531,0.6111,0.0000,0,1,1,1,1,0,0,有效双星
1787912269.949000,3,16,4,6522,1474675.570237900,1,870,268,164,132,870,268,164,132,903.029,371.885,255.000,0,982.937,325.000,255.000,0,79.9084,-46.8847,0.2684,0.0000,0,1,1,1,1,0,0,有效双星
1787912269.961000,3,16,5,6523,1474675.580288800,1,870,268,164,132,870,268,164,132,902.090,366.350,255.000,0,981.934,319.063,255.000,0,79.8438,-47.2871,0.4075,0.2055,0,1,1,1,1,0,0,有效双星
1787912269.969000,3,16,6,6524,1474675.590239800,1,870,268,164,132,870,268,164,132,902.001,363.092,255.000,0,981.477,316.058,255.000,0,79.4761,-47.0347,0.4460,0.3776,0,1,1,1,1,0,0,有效双星
1787912269.980000,3,16,7,6525,1474675.600240900,1,870,268,164,132,870,268,164,132,903.111,364.572,255.000,0,983.039,317.083,255.000,0,79.9273,-47.4888,0.6401,0.4154,0,1,1,1,1,0,0,有效双星
1787912269.990000,3,16,8,6526,1474675.610241100,1,870,268,164,132,870,268,164,132,904.910,368.639,255.000,0,984.313,321.956,255.000,0,79.4030,-46.6826,0.9617,0.6065,0,1,1,1,1,0,0,有效双星
1787912270.001000,3,16,9,6527,1474675.620244500,1,870,268,164,132,870,268,164,132,904.829,372.546,255.000,0,984.259,325.105,255.000,0,79.4299,-47.4412,0.7591,0.5482,0,1,1,1,1,0,0,有效双星
1787912270.010000,3,16,10,6528,1474675.630256000,1,870,268,164,132,870,268,164,132,902.881,374.549,255.000,0,982.278,327.091,255.000,0,79.3972,-47.4582,0.0369,0.4495,0,1,1,1,1,0,0,有效双星
1787912270.021000,3,16,11,6529,1474675.640256600,1,870,268,164,132,870,268,164,132,900.838,374.476,255.000,0,980.250,327.087,255.000,0,79.4129,-47.3894,0.0706,0.2910,0,1,1,1,1,0,0,有效双星
1787912270.030000,3,16,12,6530,1474675.650240800,1,870,268,164,132,870,268,164,132,900.070,373.638,255.000,0,979.952,326.087,255.000,0,79.8822,-47.5514,0.4965,0.6021,0,1,1,1,1,0,0,有效双星
1787912270.041000,3,16,13,6531,1474675.660233000,1,870,268,164,132,870,268,164,132,901.126,371.922,255.000,0,981.071,324.998,255.000,0,79.9457,-46.9239,0.6307,0.5226,0,1,1,1,1,0,0,有效双星
1787912270.051000,3,16,14,6532,1474675.670230100,1,870,268,164,132,870,268,164,132,902.938,369.294,255.000,0,982.362,322.079,255.000,0,79.4239,-47.2142,0.5971,0.2509,0,1,1,1,1,0,0,有效双星
1787912270.061000,3,16,15,6533,1474675.680391300,1,870,268,164,132,870,268,164,132,903.791,366.300,255.000,0,983.158,319.088,255.000,0,79.3674,-47.2120,0.0565,0.1236,0,1,1,1,1,0,0,有效双星
1787912270.069000,3,16,16,6534,1474675.690339800,1,870,268,164,132,870,268,164,132,903.844,364.912,255.000,0,983.218,318.013,255.000,0,79.3740,-46.8988,0.3133,0.2945,0,1,1,1,1,0,0,有效双星
1787912270.081000,3,16,17,6535,1474675.700250400,1,870,268,164,132,870,268,164,132,904.067,366.741,255.000,0,983.842,319.939,255.000,0,79.7743,-46.8018,0.4119,0.4920,0,1,1,1,1,0,0,有效双星
1787912270.091000,3,16,18,6536,1474675.710265200,1,870,268,164,132,870,268,164,132,904.926,370.804,255.000,0,984.336,323.990,255.000,0,79.4104,-46.8143,0.3640,0.3178,0,1,1,1,1,0,0,有效双星
1787912270.101000,3,16,19,6537,1474675.720240800,1,870,268,164,132,870,268,164,132,904.953,375.016,255.000,0,984.290,328.007,255.000,0,79.3371,-47.0093,0.2084,0.1335,0,1,1,1,1,0,0,有效双星
1787912270.110000,3,16,20,6538,1474675.730242000,1,870,268,164,132,870,268,164,132,902.874,375.801,255.000,0,982.340,329.010,255.000,0,79.4669,-46.7907,0.2542,0.3055,0,1,1,1,1,0,0,有效双星
1787912270.121000,3,16,21,6539,1474675.740249600,1,870,268,164,132,870,268,164,132,899.929,373.282,255.000,0,979.391,326.088,255.000,0,79.4613,-47.1937,0.4030,0.1243,0,1,1,1,1,0,0,有效双星
1787912270.131000,3,16,22,6540,1474675.750249300,1,870,268,164,132,870,268,164,132,898.817,369.745,255.000,0,978.091,322.969,255.000,0,79.2737,-46.7758,0.4581,0.3616,0,1,1,1,1,0,0,有效双星
1787912270.141000,3,16,23,6541,1474675.760236500,1,870,268,164,132,870,268,164,132,900.018,367.364,255.000,0,979.874,320.941,255.000,0,79.8562,-46.4236,0.6807,0.7861,0,1,1,1,1,0,0,有效双星
1787912270.153000,3,16,24,6542,1474675.770241200,1,870,268,164,132,870,268,164,132,904.096,368.132,255.000,0,983.808,320.997,255.000,0,79.7125,-47.1348,0.7256,0.2897,0,1,1,1,1,0,0,有效双星
1787912270.161000,3,16,25,6543,1474675.780243400,1,870,268,164,132,870,268,164,132,907.031,369.221,255.000,0,986.909,322.057,255.000,0,79.8782,-47.1643,0.1683,0.4399,0,1,1,1,1,0,0,有效双星
1787912270.170000,3,16,26,6544,1474675.790243300,1,870,268,164,132,870,268,164,132,907.109,370.194,255.000,0,986.996,323.040,255.000,0,79.8869,-47.1542,0.0133,0.4467,0,1,1,1,1,0,0,有效双星
1787912270.181000,3,16,27,6545,1474675.800246500,1,870,268,164,132,870,268,164,132,904.921,370.368,255.000,0,984.241,323.074,255.000,0,79.3201,-47.2935,0.5837,0.1949,0,1,1,1,1,0,0,有效双星
1787912270.191000,3,16,28,6546,1474675.810265800,1,870,268,164,132,870,268,164,132,901.128,370.781,255.000,0,981.136,323.989,255.000,0,80.0082,-46.7918,0.8516,0.6799,0,1,1,1,1,0,0,有效双星
1787912270.201000,3,16,29,6547,1474675.820252300,1,870,268,164,132,870,268,164,132,899.986,372.037,255.000,0,979.322,325.005,255.000,0,79.3359,-47.0321,0.7139,0.1570,0,1,1,1,1,0,0,有效双星
1787912270.209000,3,16,30,6548,1474675.830478600,1,870,268,164,132,870,268,164,132,899.959,372.716,255.000,0,979.789,325.970,255.000,0,79.8304,-46.7463,0.5712,0.5139,0,1,1,1,1,0,0,有效双星
1787912270.221000,3,16,31,6549,1474675.840239600,1,870,268,164,132,870,268,164,132,901.108,372.283,255.000,0,980.986,325.056,255.000,0,79.8780,-47.2264,0.4824,0.4622,0,1,1,1,1,0,0,有效双星
1787912270.230000,3,16,32,6550,1474675.850257300,1,870,268,164,132,870,268,164,132,902.994,370.775,255.000,0,982.374,323.968,255.000,0,79.3806,-46.8069,0.6507,0.2990,0,1,1,1,1,0,0,有效双星
1787912270.241000,3,16,33,6551,1474675.860277600,1,870,268,164,132,870,268,164,132,904.157,368.993,255.000,0,984.141,322.020,255.000,0,79.9842,-46.9737,0.6262,0.5202,0,1,1,1,1,0,0,有效双星
1787912270.251000,3,16,34,6552,1474675.870242100,1,870,268,164,132,870,268,164,132,905.906,368.691,255.000,0,985.245,321.102,255.000,0,79.3394,-47.5887,0.8910,0.6101,0,1,1,1,1,0,0,有效双星
1787912270.259000,3,16,35,6553,1474675.880252000,1,870,268,164,132,870,268,164,132,905.882,369.114,255.000,0,985.233,322.041,255.000,0,79.3508,-47.0727,0.5161,0.1394,0,1,1,1,1,0,0,有效双星
1787912270.271000,3,16,36,6554,1474675.890260800,1,870,268,164,132,870,268,164,132,904.051,370.031,255.000,0,983.899,323.016,255.000,0,79.8479,-47.0158,0.5004,0.3846,0,1,1,1,1,0,0,有效双星
1787912270.281000,3,16,37,6555,1474675.900244700,1,870,268,164,132,870,268,164,132,901.965,370.819,255.000,0,981.297,323.970,255.000,0,79.3318,-46.8488,0.5425,0.3055,0,1,1,1,1,0,0,有效双星
1787912270.291000,3,16,38,6556,1474675.910259700,1,870,268,164,132,870,268,164,132,900.002,371.049,255.000,0,979.894,324.036,255.000,0,79.8914,-47.0129,0.5832,0.4273,0,1,1,1,1,0,0,有效双星
1787912270.299000,3,16,39,6557,1474675.920232100,1,870,268,164,132,870,268,164,132,900.154,371.973,255.000,0,980.023,324.989,255.000,0,79.8697,-46.9840,0.0362,0.2816,0,1,1,1,1,0,0,有效双星
1787912270.309000,3,16,40,6558,1474675.930225300,1,870,268,164,132,870,268,164,132,902.074,372.317,255.000,0,981.937,325.069,255.000,0,79.8632,-47.2481,0.2641,0.2511,0,1,1,1,1,0,0,有效双星
1787912270.319000,3,16,41,6559,1474675.940240700,1,870,268,164,132,870,268,164,132,904.096,372.067,255.000,0,983.960,325.017,255.000,0,79.8639,-47.0495,0.1985,0.0355,0,1,1,1,1,0,0,有效双星
1787912270.329000,3,16,42,6560,1474675.950237900,1,870,268,164,132,870,268,164,132,905.084,370.838,255.000,0,984.846,323.954,255.000,0,79.7619,-46.8838,0.1946,0.1667,0,1,1,1,1,0,0,有效双星
1787912270.339000,3,16,43,6561,1474675.960234300,1,870,268,164,132,870,268,164,132,904.825,368.841,255.000,0,984.172,321.999,255.000,0,79.3466,-46.8417,0.4174,0.5373,0,1,1,1,1,0,0,有效双星
1787912270.349000,3,16,44,6562,1474675.970267900,1,870,268,164,132,870,268,164,132,903.828,368.157,255.000,0,983.100,321.038,255.000,0,79.2717,-47.1182,0.2865,0.5753,0,1,1,1,1,0,0,有效双星
1787912270.360000,3,16,45,6563,1474675.980228400,1,870,268,164,132,870,268,164,132,902.909,368.977,255.000,0,982.242,322.009,255.000,0,79.3334,-46.9678,0.1626,0.5089,0,1,1,1,1,0,0,有效双星
1787912270.369000,3,16,46,6564,1474675.990230600,1,870,268,164,132,870,268,164,132,902.081,370.588,255.000,0,982.029,323.952,255.000,0,79.9477,-46.6366,0.6979,0.4070,0,1,1,1,1,0,0,有效双星
1787912270.380000,3,16,47,6565,1474676.000230000,1,870,268,164,132,870,268,164,132,902.117,372.080,255.000,0,981.919,325.001,255.000,0,79.8024,-47.0789,0.4656,0.0807,0,1,1,1,1,0,0,有效双星
1787912270.391000,3,16,48,6566,1474676.010224600,1,870,268,164,132,870,268,164,132,902.053,372.254,255.000,0,981.856,325.046,255.000,0,79.8029,-47.2081,0.1291,0.2100,0,1,1,1,1,0,0,有效双星
1787912270.402000,3,16,49,6567,1474676.020232900,1,870,268,164,132,870,268,164,132,902.132,371.842,255.000,0,982.049,324.982,255.000,0,79.9165,-46.8601,0.3660,0.1917,0,1,1,1,1,0,0,有效双星
1787912270.411000,3,16,50,6568,1474676.030285600,1,870,268,164,132,870,268,164,132,903.144,371.323,255.000,0,982.992,324.049,255.000,0,79.8480,-47.2733,0.4189,0.2766,0,1,1,1,1,0,0,有效双星
